horse_name,horse_id,training_grade,race_id
ロマンスヒコー,2021102364,C,202401010102
タミゼ,2021100650,B,202401010102
コパマエチャン,2021104459,C,202401010102
スリーボビー,2021103742,B,202401010102
タイセイフォルテ,2021105345,B,202401010102
タマモアルタイル,2021101558,B,202401010102
スキーサンダー,2021101653,C,202401010102
ウィスピースノー,2021100648,C,202401010102
ブートストラップ,2021103998,D,202401010102
ゴールドタリスマン,2021100728,C,202401010102
クミンフレイバー,2021107237,C,202401010102
メトゥス,2021101803,B,202401010102
ハテナビト,2021103371,C,202401010103
ワカミヤノミコト,2021101030,B,202401010103
エナアニマル,2021109073,C,202401010103
メイショウソムリエ,2021102980,B,202401010103
ニースライト,2021102898,C,202401010103
クラウンクーロン,2021101266,B,202401010103
リアルペガサス,2021103316,C,202401010103
スターゲット,2021104392,B,202401010103
ポップスター,2021100179,D,202401010103
アオレレ,2021100298,D,202401010103
プラチナバンド,2021100045,C,202401010103
ミッキースターダム,2021105765,B,202401010103
クリノアイリス,2021102262,C,202401010103
ナムラミック,2021102630,D,202401010103
ジーティートゥルー,2022105487,B,202401010105
ソラノキャンバス,2022100083,B,202401010105
ガイラルディア,2022103623,C,202401010105
ナチュラルライズ,2022103795,B,202401010105
アローオブライト,2022104604,C,202401010105
モレポブラーノ,2022105443,B,202401010105
ヴァカンツァ,2022100416,B,202401010105
ガストフロント,2022103029,B,202401010105
ハヤテノツバサ,2022100194,B,202401010105
ベルベルコンパス,2022103059,B,202401010105
プライベートアイズ,2022101572,B,202401010105
コパノキュラソー,2022104085,C,202401010105
イフウドウドウ,2022100126,B,202401010105
キタノチャンス,2022100934,C,202401010105
ポマール,2021105972,C,202401010108
タマモプルメリア,2021103593,B,202401010108
アイスリンディ,2021103575,C,202401010108
シュライフェ,2020103903,C,202401010108
ドレミファニー,2020104855,C,202401010108
イッツオンリーユー,2020102542,B,202401010108
フェルンマンボ,2019105975,C,202401010108
リフレクトザムーン,2021104635,C,202401010108
チョッピー,2019106107,B,202401010108
アスクメークシェア,2020101029,B,202401010112
ヤマニンクイッカー,2019102777,B,202401010112
ズバットマサムネ,2021105711,B,202401010112
ダノンペドロ,2020103453,C,202401010112
カルパ,2021105736,C,202401010112
タイセイラファーガ,2020106005,B,202401010112
ジェンマ,2021101210,C,202401010112
トリグラフ,2019103410,C,202401010112
ポルポラジール,2021102993,B,202401010112
コスモオピニオン,2020101258,B,202401010112
カリフォルニア,2021103728,B,202401010112
シェアホルダーズ,2021101250,C,202401010112
メイショウホダワラ,2022103237,C,202401010201
トゥインクルアップ,2022100065,C,202401010201
モーニングスター,2022106335,C,202401010201
オイランブチ,2022103192,B,202401010201
ルークススペイ,2022101543,B,202401010201
ラヴィングユー,2022100359,B,202401010201
ミッドナイトゲイル,2022105724,B,202401010201
フェイマスグラース,2021104688,B,202401010202
ワールドジェニー,2021102011,C,202401010202
クラペ,2021105852,C,202401010202
エールクイーン,2021106669,B,202401010202
メイショウコオロギ,2021102867,B,202401010202
ピアリ,2021105701,C,202401010202
オンザジュピター,2021105087,C,202401010202
イッツナッシング,2021103040,B,202401010202
アンビシュー,2021102756,C,202401010202
オーロヴェール,2021103232,C,202401010202
ブレイクショット,2021103011,C,202401010202
ブランシール,2021105797,B,202401010202
サンネリネ,2021101298,C,202401010202
ヤマニンファリダ,2021106599,B,202401010202
アツキヤマト,2021103918,B,202401010204
アイアムイブシギン,2021102897,C,202401010204
アラタマフェーヴル,2021102115,C,202401010204
シュンプウ,2021102762,C,202401010204
ポンヌフ,2021110141,B,202401010204
トモジャシャトー,2021101041,B,202401010204
フォルガイル,2021101164,B,202401010204
ジューンサレンダー,2021100923,C,202401010204
アドアプローズ,2021107224,C,202401010204
ゲームアップロード,2021104898,C,202401010204
ドンクロノス,2021101863,C,202401010204
ランドマックス,2021100251,B,202401010204
ルミナスビューティ,2021103294,C,202401010204
オーヴァーマスター,2021101433,B,202401010204
ヒメカミノイタダキ,2019101794,C,202401010207
セイゲン,2019100234,B,202401010207
アマモト,2021103042,C,202401010207
スノーホルンロード,2019106520,B,202401010207
アカザ,2019104374,B,202401010207
ノボリショウリュウ,2021102718,B,202401010207
サニイアール,2021103052,C,202401010207
サンマルリアン,2020101086,C,202401010207
スイッチオン,2020106221,B,202401010207
シンヨモギネス,2018103711,B,202401010210
ゴールデンマイク,2020110101,B,202401010210
ナリタザクラ,2017104985,C,202401010210
サムハンター,2018105996,C,202401010210
ワイワイレジェンド,2021103812,B,202401010210
スズカルビコン,2018106368,C,202401010210
モンドプリューム,2020103876,B,202401010210
セクシーブーケ,2021110103,B,202401010210
グディンナ,2021102162,C,202401010302
エリカポラリス,2021103739,A,202401010302
ブーケドグレイス,2021102494,B,202401010302
リヴィングカラー,2021101065,B,202401010302
サノノリッチ,2021102057,B,202401010302
ユーヴェリア,2021107278,B,202401010302
オテンバムスメ,2021103867,B,202401010302
ヴァンショー,2021104805,C,202401010302
カネコメファミリー,2021104151,C,202401010302
ジャンル,2021101205,D,202401010302
アイリュール,2021106255,C,202401010302
ベストベルシック,2021101437,B,202401010302
メイショウムーヴ,2021100994,C,202401010302
ウキヨノユメ,2021101354,C,202401010302
ルーフオブヘヴン,2021104874,B,202401010304
ディアモミノル,2021104431,C,202401010304
セイウンパイオニア,2021106996,C,202401010304
テートモダン,2021101275,C,202401010304
テイエムミステリー,2021102827,B,202401010304
モズオラージュ,2021102149,C,202401010304
アイファーキャップ,2021107295,C,202401010304
ダイタジャスティス,2021102954,C,202401010304
リナリア,2021103966,C,202401010304
ナムラレイ,2021101823,B,202401010304
ベレッタ,2021105005,B,202401010304
パサデナノアサ,2021101995,C,202401010304
ブラッドショー,2021103696,C,202401010304
シャトーディフ,2021105592,C,202401010304
シルバーダイヤ,2020100289,C,202401010306
メイプルリーフラグ,2020103527,C,202401010306
タイコネン,2019101484,B,202401010306
プラティクレール,2020103900,C,202401010306
ニホンピロトッティ,2021104210,B,202401010306
サザンレイク,2020101481,B,202401010306
アカザ,2019104374,B,202401010306
ミッシーフォール,2021103271,B,202401010306
セリエル,2021104547,B,202401010306
ムーム,2021103061,B,202401010306
シュヴァルツリーベ,2020106101,C,202401010306
サンマルリアン,2020101086,C,202401010306
フロスティクォーツ,2018103120,B,202401010308
ヘヴンズタイム,2020105624,B,202401010308
オメガインペリアル,2021110078,B,202401010308
マーベリックシチー,2021100387,C,202401010308
マイフォーエバー,2021105193,C,202401010308
リードアクトレス,2021102654,B,202401010308
ゼンダンスカイ,2021106294,B,202401010308
フリッパー,2020100078,C,202401010308
ドッビアーコ,2021110130,B,202401010308
ケイエイト,2020103673,C,202401010308
エコロエイト,2021110104,C,202401010308
オルゴーリオ,2021110147,B,202401010308
ジャーニーメモリー,2020104437,B,202401010308
リュクスドレフォン,2020106927,C,202401010308
ノボリショウリュウ,2021102718,B,202401010312
ジョーローリット,2021100768,C,202401010312
マジックタッチ,2020106946,C,202401010312
プリティインピンク,2018104208,C,202401010312
マキアージュ,2019102747,B,202401010312
サイレンスゴールド,2020105149,B,202401010312
スコーピオン,2021100792,B,202401010312
カンザシ,2019106704,B,202401010312
ステルナティーア,2019105508,B,202401010312
フーコサンライズ,2021102633,B,202401010312
ポメラート,2019100425,C,202401010312
シュガーフロート,2019110051,B,202401010312
リンクスクードボル,2021104004,C,202401010402
ズーキャンベラ,2021110167,C,202401010402
スキーサンダー,2021101653,C,202401010402
ラントゥリーダンス,2021102598,C,202401010402
ウィスピースノー,2021100648,B,202401010402
ユニヴェールアン,2021102617,C,202401010402
タカラバディウス,2021106376,C,202401010402
ドルフィンスクエア,2021107265,C,202401010402
モリエヌス,2021103218,B,202401010402
ミスターディジェイ,2021104617,D,202401010402
テイエムタリスマ,2021109043,C,202401010402
キャンドルマス,2021101624,C,202401010402
メイショウムラゲ,2021100992,D,202401010403
ダイクロアイト,2021105524,B,202401010403
アイウィル,2021103502,C,202401010403
ライヴロッキー,2021104000,C,202401010403
プルメリアクヒオ,2021103208,C,202401010403
メネラオス,2021105840,C,202401010403
ユイノサンバンカン,2021102819,D,202401010403
ハヤブサキンチャン,2021106579,C,202401010403
ノーブルブランカ,2021100052,C,202401010403
エクセルブラック,2021104491,C,202401010403
ウインアルドーレ,2021106192,B,202401010403
リュクスレオン,2021103285,D,202401010403
ワイワイサンデー,2021100746,B,202401010403
メイショウカンムリ,2021103003,B,202401010403
リキサンハート,2018102813,C,202401010406
キングヴァージル,2021104878,D,202401010406
カムランベイ,2020101803,B,202401010406
ヒデシンイメル,2021100678,B,202401010406
ブレットフライ,2019104005,B,202401010406
ワイドブリザード,2021104416,B,202401010406
フクノブルジュ,2020101465,B,202401010406
ミッキーラッキー,2021105561,B,202401010406
タマモネモフィラ,2020103991,B,202401010406
マンダリンボレロ,2020101655,C,202401010406
ポワンキュルミナン,2020102955,B,202401010406
ベイビールビオ,2019103592,C,202401010406
スティーロポリス,2020103619,C,202401010406
チャールストン,2019101814,B,202401010406
レッドラグラス,2020103183,B,202401010410
インヴァリアンス,2018105423,C,202401010410
ビキニボーイ,2020104426,C,202401010410
ストライク,2020105869,B,202401010410
ピースオブザライフ,2020101024,C,202401010410
ヴァンドゥラン,2020105991,B,202401010410
ゲンパチハマジ,2018106031,C,202401010410
フォーチュンテラー,2019100631,C,202401010410
プレミアムスマイル,2019105256,C,202401010410
シダー,2019100177,B,202401010410
デュードメール,2019105399,B,202401010412
アルタビスタ,2020103579,C,202401010412
シャドウレディー,2020102990,C,202401010412
ミッキーマカロン,2020103403,B,202401010412
カプラローラ,2019104592,B,202401010412
タガノチョコラータ,2020105533,B,202401010412
フローラルビアンカ,2019105358,B,202401010412
シグナルファイアー,2020101228,C,202401010412
アーレンダール,2019105063,B,202401010412
エリカサファイア,2021103732,B,202401010412
クレスコサンダー,2021105322,C,202401010502
ハテナビト,2021103371,D,202401010502
ミレフォス,2021104163,C,202401010502
クリノエクリプス,2021103321,B,202401010502
サトノフォルテ,2021101402,B,202401010502
ブリリアントスピカ,2021102731,C,202401010502
ポアゾンノアール,2021103984,C,202401010502
ロードインフェルノ,2021101201,B,202401010502
オースサイン,2021106295,B,202401010502
プレットリンド,2021101914,C,202401010502
ハワイアンアイコン,2021101694,C,202401010502
モーニングヤマト,2021102692,C,202401010502
ベラジオラオウ,2021105021,B,202401010502
フィージビリティー,2021106626,B,202401010502
ケアラウレア,2021110073,C,202401010504
スーパーソニック,2021104659,B,202401010504
サウンドロックス,2021110155,B,202401010504
エウロス,2021100825,C,202401010504
サンカルミア,2021101305,B,202401010504
レガッタ,2021102991,C,202401010504
ゴルトヴェーレ,2021103607,B,202401010504
ポンヌフ,2021110141,B,202401010504
ダンツハマー,2021105920,D,202401010504
ペイシャバロ,2021102035,C,202401010504
ココボロ,2021106419,C,202401010504
オセアトップガン,2021105722,B,202401010504
リアルペガサス,2021103316,B,202401010504
サンマルミッション,2021107331,C,202401010504
スイッチオン,2020106221,C,202401010507
サイモンカーチス,2019102320,C,202401010507
セッテイロク,2021102709,B,202401010507
ヨドノゴールド,2018103293,B,202401010507
ミニマルデザイン,2021101398,B,202401010507
ゴルデールスカー,2020103625,B,202401010507
トリオーレ,2020103893,B,202401010507
カップッチョ,2017104266,B,202401010507
サンマルリアン,2020101086,C,202401010507
シンゼンシャイン,2018106865,B,202401010507
バッファローライズ,2021103754,B,202401010507
ショウナンカブト,2020104107,C,202401010510
クロースコンバット,2019105188,B,202401010510
クリノグローリー,2020102360,B,202401010510
ゲットアップ,2018100720,B,202401010510
デルマオシダシ,2020102809,C,202401010510
ティアップリオン,2018103133,C,202401010510
オールマキシマム,2020100387,C,202401010510
フィールザワールド,2018105762,C,202401010510
ベイパーコーン,2019104118,C,202401010510
アレクサ,2020100189,B,202401010510
タガノチョコラータ,2020105533,B,202401010510
スズカルビコン,2018106368,C,202401010510
パフ,2021100292,B,202401010510
サヴァビアン,2018103473,C,202401010510
チョッピー,2019106107,C,202401010512
フェスティヴビーム,2020102452,C,202401010512
ロードブレイズ,2021100162,B,202401010512
ナイトスピアー,2020102347,C,202401010512
ヴァルドルチャ,2021103000,B,202401010512
ポルポラジール,2021102993,C,202401010512
クォーツァイト,2021104777,B,202401010512
ジェンマ,2021101210,C,202401010512
エイブラムス,2021100260,B,202401010512
ウッドショック,2019106923,C,202401010512
ドンアレス,2021104658,B,202401010512
スペイドアン,2021103770,B,202401010512
ベント,2021104504,C,202401010512
トニトゥルス,2020106697,C,202401010512
コパノキュラソー,2022104085,B,202401010601
ハヤテノツバサ,2022100194,B,202401010601
アンズアメ,2022106689,B,202401010601
ヤマノインパクト,2022104559,C,202401010601
トリプレーテ,2022106722,C,202401010601
ラストレガシー,2022105556,C,202401010601
ロザリアン,2022103148,C,202401010601
アディクテッドラン,2022101189,C,202401010601
アルデツヨシ,2022101481,C,202401010601
ベルベルコンパス,2022103059,B,202401010601
ラインアルテミス,2022106875,B,202401010601
イフウドウドウ,2022100126,C,202401010601
ポルタフェリーチェ,2022104011,B,202401010601
ケイアイブイスリー,2022106583,C,202401010601
ラブリエスト,2021106866,B,202401010602
ケイアイカペラ,2021103123,C,202401010602
ラブリーサイン,2021101098,C,202401010602
ボエーム,2021100475,B,202401010602
ココモローズ,2021103544,B,202401010602
ノブノリッキー,2021104117,B,202401010602
ダンツニーヴァ,2021101425,D,202401010602
モズマサニャン,2021104627,B,202401010602
キャンドルマス,2021101624,C,202401010602
ハッピーダンス,2021105916,C,202401010602
ハクサンアップル,2021100758,C,202401010602
グレッソネイ,2021105371,B,202401010602
ソルアマゾン,2021104667,C,202401010604
ミヤビエクセレント,2021103883,B,202401010604
オーヴァーザトップ,2021107133,C,202401010604
オウケンヴィーナス,2021105451,C,202401010604
プラムダンディ,2021100389,B,202401010604
フィアマフルミネ,2021102972,B,202401010604
ドゥザキャッチ,2021103228,C,202401010604
ノルディア,2021101678,C,202401010604
ワカメチャン,2021101915,B,202401010604
リゼルージュセリエ,2021100846,C,202401010604
ブリッジワン,2021105870,C,202401010604
ディアマンドロップ,2021103545,C,202401010604
クラウンクーロン,2021101266,C,202401010604
エムバランス,2021106916,B,202401010604
イッツオンリーユー,2020102542,B,202401010607
ヤエベニシダレ,2020101077,C,202401010607
フェルンマンボ,2019105975,D,202401010607
サンセットブライト,2021102753,C,202401010607
オーロヴェール,2021103232,B,202401010607
レジュークレール,2020104818,C,202401010607
タマモプルメリア,2021103593,B,202401010607
クラヴィコード,2021100150,B,202401010607
シュニー,2020103474,B,202401010607
トウロウノオノ,2020105578,B,202401010607
カフェノワール,2020100683,B,202401010607
サウンドアレグリア,2021102079,B,202401010607
レイクスター,2021105962,B,202401010607
フルム,2019106214,B,202401010611
ユティタム,2020102891,B,202401010611
ヴィクティファルス,2018104948,B,202401010611
ナチュラルハイ,2020105939,A,202401010611
ホウオウアマゾン,2018105192,B,202401010611
サヴァ,2018103223,B,202401010611
ミトノオー,2020100273,B,202401010611
シルトプレ,2019106611,B,202401010611
ペイシャエス,2019104245,B,202401010611
ドゥラエレーデ,2020103626,A,202401010611
タガノクリステル,2019100541,C,202401010611
テーオードレフォン,2019101324,B,202401010611
ベルダーイメル,2017101380,B,202401010611
プロミストウォリア,2017101184,C,202401010611
サンネリネ,2021101298,C,202401020102
タウンホール,2021101697,C,202401020102
イングリッドローズ,2021104746,B,202401020102
ヴァンショー,2021104805,B,202401020102
デイムサンライズ,2021102223,B,202401020102
オテンバムスメ,2021103867,B,202401020102
ルミナスビューティ,2021103294,B,202401020102
オンザジュピター,2021105087,C,202401020102
メイショウコオロギ,2021102867,C,202401020102
リート,2021101376,B,202401020102
ミスティッククイン,2021101745,C,202401020102
ダズリングティアラ,2021104939,B,202401020102
セージグリーン,2021104850,B,202401020102
イッツナッシング,2021103040,B,202401020102
ゴールドタリスマン,2021100728,C,202401020103
ヒカルエリザベス,2021104487,C,202401020103
ミルフルール,2021100614,B,202401020103
ビアメントブラスト,2021100608,C,202401020103
ディディット,2021104542,B,202401020103
スキーサンダー,2021101653,B,202401020103
アマモト,2021103042,B,202401020103
マリノルージュ,2021101261,C,202401020103
ノーブルシャン,2021101568,B,202401020103
タマモアルタイル,2021101558,B,202401020103
ミスターディジェイ,2021104617,B,202401020103
キアロヴェローチェ,2021105714,B,202401020103
ロードクロンヌ,2021100169,B,202401020104
ナムラカメジロー,2021104305,C,202401020104
ベレッタ,2021105005,B,202401020104
ペッシュプラット,2021102667,C,202401020104
スリーボビー,2021103742,C,202401020104
フェイマスグラース,2021104688,D,202401020104
ギャヴァガイ,2021101922,C,202401020104
ココロノイロ,2021102782,C,202401020104
メイショウハコブネ,2021102564,C,202401020104
エナアニマル,2021109073,B,202401020104
アオレレ,2021100298,C,202401020104
プルメリアクヒオ,2021103208,B,202401020104
ペプチドアーニャ,2021102732,C,202401020104
ノイヤー,2021101064,C,202401020104
シュヴァルツリーベ,2020106101,B,202401020107
ホーリーブライト,2021102458,B,202401020107
マーゴットファブ,2021106722,B,202401020107
ニシノルミリオン,2021106994,B,202401020107
ミッキースピナッチ,2020101649,B,202401020107
パレフォーコン,2019100683,B,202401020107
スノーホルンロード,2019106520,B,202401020107
エスグラシア,2019105830,C,202401020107
サザンレイク,2020101481,B,202401020107
セリエル,2021104547,A,202401020107
シエラメンテ,2019101462,C,202401020107
ヒメカミノイタダキ,2019101794,B,202401020107
ゴッドブルービー,2020106063,B,202401020111
レッドエランドール,2017104972,C,202401020111
エリカサファイア,2021103732,A,202401020111
マナウス,2019103791,B,202401020111
ラニカイ,2019100635,B,202401020111
ゲットアップ,2018100720,B,202401020111
カンピオーネ,2019100286,B,202401020111
フォーチュンテラー,2019100631,B,202401020111
プレミアムスマイル,2019105256,C,202401020111
ロックユアハート,2019106682,C,202401020111
ストライク,2020105869,B,202401020111
ビキニボーイ,2020104426,D,202401020111
レディーシス,2019106868,C,202401020111
モズミギカタアガリ,2021102868,B,202401020111
スピンザブラッド,2021105244,C,202401020202
ウインメラナイト,2021106196,C,202401020202
エルキーオ,2021101881,C,202401020202
レオンフォルテ,2021104748,D,202401020202
テトラード,2021104999,B,202401020202
タロサンダー,2021106005,C,202401020202
ディアモミノル,2021104431,C,202401020202
ウインラムセス,2021101530,C,202401020202
カラーオブワンダー,2021102790,B,202401020202
マルチライセンス,2021105673,C,202401020202
エクラメテオール,2021103492,B,202401020202
シンクグッド,2021105778,B,202401020202
アイファーキャップ,2021107295,B,202401020203
アミアン,2021104881,C,202401020203
スピナテイル,2021100167,C,202401020203
ブルーストレイル,2021106078,B,202401020203
ユイノコミチ,2021101459,B,202401020203
メイショウヤスマサ,2021103531,B,202401020203
キングブルー,2021104176,B,202401020203
ユーヴェリア,2021107278,B,202401020203
エスシーアルベル,2021100842,C,202401020203
アイウィル,2021103502,B,202401020203
リンクスプリエール,2021106398,C,202401020203
ハルヨコイ,2021101996,B,202401020203
ヤマニンファリダ,2021106599,C,202401020203
カリナンラホーヤ,2021104451,C,202401020203
フロスティクォーツ,2018103120,B,202401020206
ブレットフライ,2019104005,B,202401020206
イモータルフェイム,2019104486,B,202401020206
カリフォルニア,2021103728,B,202401020206
ダノンスウィッチ,2021105598,B,202401020206
ヘヴンズタイム,2020105624,B,202401020206
ズバットマサムネ,2021105711,B,202401020206
カムランベイ,2020101803,B,202401020206
ゴールドモーション,2021106881,D,202401020206
ポワンキュルミナン,2020102955,B,202401020206
ショーケン,2020103997,C,202401020206
シャンデルナゴル,2020103193,B,202401020206
レッドアウレア,2018104857,B,202401020206
バサラ,2020104129,B,202401020209
メイショウオトギ,2020102331,B,202401020209
スコーピオン,2021100792,C,202401020209
サザンカ,2021107281,B,202401020209
セッテイロク,2021102709,B,202401020209
ガビーズシスター,2021104461,C,202401020209
プリティインピンク,2018104208,C,202401020209
リーゼントミニー,2020100914,B,202401020209
アマルナ,2020110079,C,202401020209
デルマシルフ,2019101714,B,202401020209
メイデンタワー,2020103198,B,202401020209
テンクウフラワー,2019103042,B,202401020209
タクシンイメル,2021104510,B,202401020212
ドッビアーコ,2021110130,B,202401020212
イッツオンリーユー,2020102542,B,202401020212
クリノユキツバキ,2019102013,C,202401020212
リュクスドレフォン,2020106927,B,202401020212
ボエーム,2021100475,C,202401020212
タマモネモフィラ,2020103991,C,202401020212
タイセイミッション,2021101045,B,202401020212
ダイタジャスティス,2021102954,B,202401020212
グディンナ,2021102162,B,202401020212
ワイドブリザード,2021104416,C,202401020212
ドンアレス,2021104658,C,202401020212
ラストレガシー,2022105556,B,202401020302
ベストロイヤル,2022104168,C,202401020302
ルージュマローネ,2022105569,B,202401020302
ディヴァンカドー,2022106298,C,202401020302
トリプレーテ,2022106722,B,202401020302
メイショウマクジキ,2022102576,D,202401020302
ラブミーナタリー,2022103248,C,202401020302
ピースシャイニー,2022106509,B,202401020302
ソラノキャンバス,2022100083,B,202401020302
アルビス,2022100441,D,202401020302
ロザリアン,2022103148,C,202401020302
ナックオリオン,2022101542,B,202401020302
スティーヴバローズ,2022104201,A,202401020302
ロードスカイブルー,2022100557,B,202401020302
クリノアイリス,2021102262,B,202401020304
ドントレットゴー,2021103614,B,202401020304
サンキャメロン,2021107262,B,202401020304
サンダーアリュール,2021109069,B,202401020304
ブレイクショット,2021103011,B,202401020304
リヴィングカラー,2021101065,C,202401020304
シャイニーマンボ,2021102467,C,202401020304
フルリール,2021107178,C,202401020304
ジャンル,2021101205,C,202401020304
ブリリアントスピカ,2021102731,C,202401020304
ノーブルブランカ,2021100052,B,202401020304
ポアゾンノアール,2021103984,C,202401020304
ファイアンス,2021106454,C,202401020304
リナリア,2021103966,C,202401020304
ジューンサレンダー,2021100923,C,202401020306
マジカルレイズ,2021103993,C,202401020306
スグラフィート,2021104127,C,202401020306
クレスコサンダー,2021105322,B,202401020306
フクノスナノバラ,2021107147,C,202401020306
ランドマックス,2021100251,B,202401020306
プルメリアクヒオ,2021103208,B,202401020306
レガッタ,2021102991,B,202401020306
フィアマフルミネ,2021102972,C,202401020306
ポンヌフ,2021110141,B,202401020306
イロンデル,2021101956,C,202401020306
サイレントヴォイス,2021105017,C,202401020306
カズトシクン,2021100690,B,202401020306
スターメイデン,2021110140,C,202401020306
カップッチョ,2017104266,C,202401020308
ヨドノゴールド,2018103293,B,202401020308
アイノセンシ,2020100632,C,202401020308
セイゲン,2019100234,C,202401020308
オリンポスカズマ,2020102013,B,202401020308
タミゼ,2021100650,B,202401020308
コスモジョセフ,2020105277,C,202401020308
シンゼンシャイン,2018106865,B,202401020308
ゴットリープ,2020101319,B,202401020308
ブレーザー,2021100114,B,202401020308
スパークルジョイ,2021101891,C,202401020308
ナムラルッコラ,2021100604,B,202401020308
カンバーランド,2021105709,A,202401020312
ゴルトヴェーレ,2021103607,C,202401020312
パルクリチュード,2020103361,B,202401020312
プルーヴンウィナー,2021104780,B,202401020312
ジュエルマイスター,2020107029,B,202401020312
シュニー,2020103474,C,202401020312
ヤエベニシダレ,2020101077,B,202401020312
クラヴィコード,2021100150,B,202401020312
クリノキューチャン,2019106815,C,202401020312
アルテミーナ,2021104475,C,202401020402
ハイケンス,2021102813,C,202401020402
ヴァンセゾニエ,2021105612,C,202401020402
ココモローズ,2021103544,B,202401020402
レターフロムパリ,2021104315,C,202401020402
リオネラ,2021103258,B,202401020402
モズマサニャン,2021104627,C,202401020402
ケイアイカペラ,2021103123,C,202401020402
ハッピーダンス,2021105916,B,202401020402
エイシンボンバー,2021103632,B,202401020402
ロカブルン,2021105810,B,202401020402
ジュネスヒマリ,2021106356,C,202401020402
サンマルミッション,2021107331,B,202401020403
デルマプルシャ,2021101984,B,202401020403
バスターウルフ,2021103038,C,202401020403
ゴルトシュトラール,2021106862,C,202401020403
ゲンブ,2021106890,C,202401020403
ナムラミック,2021102630,B,202401020403
リアルペガサス,2021103316,B,202401020403
オーヴァーマスター,2021101433,B,202401020403
ドゥザキャッチ,2021103228,B,202401020403
クリノタンザナイト,2021101227,C,202401020403
マクミランテソーロ,2021102276,B,202401020403
プラチナバンド,2021100045,B,202401020403
サトノフォルテ,2021101402,C,202401020403
レッドレフィナード,2021104802,C,202401020403
クロスザルビコン,2017105117,B,202401020406
タケルゴールド,2021100884,B,202401020406
サトノレイズ,2021104961,B,202401020406
タマモマスラオ,2020103994,B,202401020406
エミサソウツバサ,2019104882,C,202401020406
シェアホルダーズ,2021101250,C,202401020406
ブレイヴアロウ,2020103118,B,202401020406
アルデドゥオーモ,2021100361,B,202401020406
アンノウンウォリア,2019100577,C,202401020406
フロンタルジェダイ,2019104712,B,202401020406
ユアフラッシュ,2020102594,B,202401020406
ハイランドリンクス,2020103595,B,202401020406
グランドエスケープ,2021107280,C,202401020409
リフレクトザムーン,2021104635,B,202401020409
タマモプルメリア,2021103593,B,202401020409
アーレンダール,2019105063,B,202401020409
ホウオウプレミア,2019105041,B,202401020409
デルマオシダシ,2020102809,B,202401020409
ワイワイレジェンド,2021103812,B,202401020409
メイショウシロガネ,2018106220,C,202401020409
シンヨモギネス,2018103711,B,202401020409
キョウエイゲイル,2020104721,C,202401020409
アセレラシオン,2021106689,B,202401020409
マコトヴィクラント,2020104940,C,202401020409
モンドプリューム,2020103876,B,202401020409
ディサイド,2019100663,C,202401020409
ガルデルクラージュ,2021105480,B,202401020412
メイショウソムリエ,2021102980,B,202401020412
ロードインフェルノ,2021101201,C,202401020412
ナイトスピアー,2020102347,C,202401020412
ベント,2021104504,B,202401020412
ジェミニキング,2016103252,C,202401020412
トニトゥルス,2020106697,B,202401020412
フリッパー,2020100078,C,202401020412
オーバーザドリーム,2020105734,C,202401020412
レッドアウレア,2018104857,C,202401020412
ニシノアウェイク,2021107089,B,202401020412
ミルトパワー,2021103691,C,202401020412
カルパ,2021105736,B,202401020412
ウッドショック,2019106923,C,202401020412
スキーサンダー,2021101653,B,202401020503
ダイユウグラフ,2021101907,C,202401020503
ラントゥリーダンス,2021102598,B,202401020503
コパマエチャン,2021104459,B,202401020503
ココモローズ,2021103544,C,202401020503
マリノバレリーナ,2021101252,B,202401020503
ジュビランス,2021105961,B,202401020503
ディディット,2021104542,B,202401020503
アルヘンティニータ,2021104455,B,202401020503
エクサビット,2021105710,B,202401020503
オレンジサファイア,2021104989,B,202401020503
ミルフルール,2021100614,B,202401020503
モズオラージュ,2021102149,C,202401020504
ダイゴリュウジン,2021106959,C,202401020504
ウイントールキン,2021101525,B,202401020504
スターゲット,2021104392,B,202401020504
ダノンロッキー,2021105654,B,202401020504
ルーフオブヘヴン,2021104874,B,202401020504
マーシャルテイル,2021105820,C,202401020504
ワカミヤノミコト,2021101030,C,202401020504
ウィナールーツ,2021104482,C,202401020504
アイウィル,2021103502,B,202401020504
フィオリトゥーラ,2021100816,D,202401020504
ルージュベルベット,2021105749,B,202401020504
メイショウムラゲ,2021100992,D,202401020504
ケーヴァラ,2021106054,B,202401020504
アースカムイ,2022102558,C,202401020505
フォレストオール,2022101985,B,202401020505
カーミングライツ,2022104725,B,202401020505
マンボルンバ,2022105297,B,202401020505
キミオモウハナ,2022105335,C,202401020505
トルショー,2022103766,B,202401020505
グランジョルノ,2022104673,A,202401020505
ルクソールカフェ,2022110083,A,202401020505
ナックシュバリエ,2022105307,B,202401020505
レディゴディヴァ,2022106851,B,202401020505
プルシャプラ,2022100582,B,202401020505
デアルーチェ,2022105039,B,202401020505
ベッティーナ,2021104766,B,202401020508
ソーニャシュニク,2021106923,C,202401020508
シュヴァルツナーガ,2020103897,C,202401020508
ヤエベニシダレ,2020101077,B,202401020508
アウストラリス,2021103030,C,202401020508
ルージュシュエット,2021105640,B,202401020508
メイショウリリー,2021103209,B,202401020508
サウンドアレグリア,2021102079,B,202401020508
マリエッティ,2021104643,C,202401020508
ナムラルッコラ,2021100604,C,202401020508
サノノリッチ,2021102057,B,202401020508
アイヲコメテ,2021102780,C,202401020508
ヘヴンズタイム,2020105624,B,202401020512
ダンツビガー,2020101712,B,202401020512
トリオーレ,2020103893,B,202401020512
フクノブルジュ,2020101465,B,202401020512
ブレットフライ,2019104005,C,202401020512
ユイアングレイス,2020100257,B,202401020512
ボエーム,2021100475,C,202401020512
ヴァルドルチャ,2021103000,B,202401020512
コスモオピニオン,2020101258,B,202401020512
シャンデルナゴル,2020103193,C,202401020512
オーヴァーマスター,2021101433,B,202401020602
ツクバアプローズ,2021100211,B,202401020602
アイファーキャップ,2021107295,B,202401020602
サイドキック,2021106751,B,202401020602
テリオスソラ,2021104037,C,202401020602
リゼルージュセリエ,2021100846,B,202401020602
ラストスピリッツ,2021107174,C,202401020602
ロマンスヒコー,2021102364,B,202401020602
テトラード,2021104999,C,202401020602
アドアプローズ,2021107224,B,202401020602
アウトセイル,2021102738,C,202401020602
ナムラカメジロー,2021104305,B,202401020602
プラムダンディ,2021100389,B,202401020602
スマイルコレクター,2021105031,B,202401020602
ヴァンセゾニエ,2021105612,B,202401020603
カーロアヴァンティ,2021103056,C,202401020603
ハイケンス,2021102813,B,202401020603
チャルドーニ,2021104946,D,202401020603
レーベンヘルツ,2021103528,B,202401020603
スマートスコープ,2021102721,C,202401020603
ケイアイカペラ,2021103123,C,202401020603
サベージラヴ,2021103748,C,202401020603
マオノボルケーノ,2021100851,B,202401020603
テキーラワルツ,2021100718,B,202401020603
リオサラ,2021103454,B,202401020603
メトゥス,2021101803,C,202401020603
アイリュール,2021106255,B,202401020604
ディクスミュード,2021107045,C,202401020604
ミスティッククイン,2021101745,B,202401020604
ウキヨノユメ,2021101354,B,202401020604
ヘルミーネ,2021105437,C,202401020604
ローマンレイク,2021105976,C,202401020604
ウィスピースノー,2021100648,C,202401020604
プエルタセクレタ,2021105500,C,202401020604
ペッシュプラット,2021102667,C,202401020604
メイショウムーヴ,2021100994,B,202401020604
ユーヴェリア,2021107278,B,202401020604
メイショウコオロギ,2021102867,D,202401020604
オテンバムスメ,2021103867,B,202401020604
ノーブルブランカ,2021100052,B,202401020604
テイエムタリスマ,2021109043,B,202401020607
アルテミーナ,2021104475,C,202401020607
バッファローライズ,2021103754,C,202401020607
ホーリーブライト,2021102458,B,202401020607
フォートボヤール,2021105907,B,202401020607
パレフォーコン,2019100683,B,202401020607
ラブリエスト,2021106866,B,202401020607
シンゼンシャイン,2018106865,C,202401020607
モズイージス,2021102151,C,202401020607
ペプチドシュチク,2021102735,B,202401020607
シエラメンテ,2019101462,C,202401020607
ヒナノマーチス,2021102611,C,202401020607
ラフエイジアン,2020104738,B,202401020610
サヴァビアン,2018103473,C,202401020610
スズカマジェスタ,2019103824,B,202401020610
シックザイン,2019103887,C,202401020610
フォーワンセルフ,2019102163,C,202401020610
ティアップリオン,2018103133,C,202401020610
アレクサ,2020100189,B,202401020610
サムハンター,2018105996,B,202401020610
ビーアイオラクル,2019106691,B,202401020610
スズカルビコン,2018106368,C,202401020610
ワイワイレジェンド,2021103812,B,202401020610
ショウナンカブト,2020104107,C,202401020610
デビッドテソーロ,2021102280,B,202401020610
オールマキシマム,2020100387,C,202401020610
スパーク,2022100929,C,202401020702
ロードスカイブルー,2022100557,C,202401020702
ラブミーナタリー,2022103248,C,202401020702
ルクソールカフェ,2022110083,C,202401020702
ガストフロント,2022103029,C,202401020702
シャイニーシップ,2022101937,B,202401020702
ブライアーヒル,2022106016,C,202401020702
ドーバーブライト,2022104313,B,202401020702
モーニングスター,2022106335,B,202401020702
アルデフォックス,2022110091,B,202401020702
ミヤマイルス,2022103758,B,202401020702
アローオブライト,2022104604,C,202401020702
ジーティートゥルー,2022105487,B,202401020702
レーヴレジェンド,2022101409,C,202401020702
マクミランテソーロ,2021102276,B,202401020704
ポアゾンノアール,2021103984,B,202401020704
オレンジダンサー,2021105395,B,202401020704
マーシャルテイル,2021105820,,202401020704
レッドレフィナード,2021104802,B,202401020704
ストレンジャー,2021107258,B,202401020704
クレスコサンダー,2021105322,B,202401020704
ブルーシープ,2021104563,C,202401020704
アンビシュー,2021102756,B,202401020704
ハイケンス,2021102813,B,202401020704
タイセイフォルテ,2021105345,B,202401020704
サイドキック,2021106751,,202401020704
ユーヴェリア,2021107278,B,202401020704
リキサンワールド,2021100408,C,202401020704
ヒメカミノイタダキ,2019101794,B,202401020706
カップッチョ,2017104266,B,202401020706
グリモワール,2019102371,C,202401020706
ペレグリン,2021100906,A,202401020706
ジュンフシナ,2020100343,B,202401020706
パレフォーコン,2019100683,B,202401020706
コスモジョセフ,2020105277,B,202401020706
アオイコウキ,2020101866,B,202401020706
キャンドルマス,2021101624,B,202401020706
サザンレイク,2020101481,C,202401020706
ヴェラリーシャ,2021103172,B,202401020706
スノーホルンロード,2019106520,B,202401020706
ルクスアドラー,2021101100,B,202401020707
ルージュシュエット,2021105640,B,202401020707
ロードブライト,2019103021,C,202401020707
サンマルミッション,2021107331,B,202401020707
リーゼノアール,2020104750,B,202401020707
ニシノアウェイク,2021107089,B,202401020707
キングブルー,2021104176,B,202401020707
フリッパー,2020100078,C,202401020707
ブリスキー,2020103389,C,202401020707
ガルデルクラージュ,2021105480,B,202401020707
セイゲン,2019100234,C,202401020707
トリオーレ,2020103893,C,202401020707
ロードブレイズ,2021100162,B,202401020707
トロピカルタウン,2020105456,C,202401020707
タシロ,2017104262,C,202401020709
バニシングポイント,2018110086,C,202401020709
コブラ,2019102654,B,202401020709
オーバーザドリーム,2020105734,B,202401020709
クォーツァイト,2021104777,B,202401020709
クロースコンバット,2019105188,B,202401020709
キョウエイゲイル,2020104721,B,202401020709
サラサハウプリティ,2020104126,B,202401020709
クラヴィコード,2021100150,B,202401020709
ダノンスウィッチ,2021105598,B,202401020709
レタラ,2019106334,B,202401020709
ロードマゼラン,2019103036,B,202401020709
スズカマジェスタ,2019103824,C,202401020709
ノーブルブランカ,2021100052,B,202401020803
サンキャメロン,2021107262,B,202401020803
ダイゴリュウジン,2021106959,,202401020803
ランドマックス,2021100251,B,202401020803
ナムラカメジロー,2021104305,,202401020803
リーゼントジェイド,2021104285,B,202401020803
カジカライズ,2021106519,C,202401020803
ビーラヴゼアー,2021101908,D,202401020803
キルケロッソ,2021106019,C,202401020803
ケーヴァラ,2021106054,B,202401020803
アイファーキャップ,2021107295,B,202401020803
ウェーブロック,2021105815,A,202401020803
フィアマフルミネ,2021102972,B,202401020803
フルリール,2021107178,B,202401020803
パンドジェーヌ,2021105968,B,202401020805
ファビュラスロード,2021107176,C,202401020805
エルキーオ,2021101881,B,202401020805
ポンヌフ,2021110141,B,202401020805
モズイージス,2021102151,C,202401020805
アイリュール,2021106255,,202401020805
イーブンナウ,2021110007,B,202401020805
ルージュベルベット,2021105749,C,202401020805
リゼルージュセリエ,2021100846,,202401020805
オテンバムスメ,2021103867,B,202401020805
アールヴヘイム,2021110110,C,202401020805
レーベンヘルツ,2021103528,C,202401020805
ウーロン,2021101649,C,202401020805
アンバサダー,2021101380,B,202401020805
メジャーデビュー,2021100446,B,202401020808
シュヴァルツナーガ,2020103897,C,202401020808
メイショウリリー,2021103209,B,202401020808
ラブリーサイン,2021101098,B,202401020808
オーロヴェール,2021103232,B,202401020808
グァルジャー,2020104171,C,202401020808
スノーディーヴァ,2021103504,C,202401020808
シュニー,2020103474,C,202401020808
ウェイトゥゴー,2021104413,B,202401020808
ヤエベニシダレ,2020101077,B,202401020808
エリカポラリス,2021103739,B,202401020808
ウインキャロライン,2021102632,C,202401020808
グレイウェザーズ,2020103470,B,202401020808
タクシンイメル,2021104510,B,202401020808
レーヴドレフォン,2021105895,B,202401020812
カリフォルニア,2021103728,B,202401020812
チャイボーグ,2020104778,C,202401020812
ユイアングレイス,2020100257,,202401020812
ロードクロンヌ,2021100169,B,202401020812
アルデドゥオーモ,2021100361,B,202401020812
サンドブラスト,2021106941,B,202401020812
フレイムジョーカー,2019105745,C,202401020812
ブレットフライ,2019104005,C,202401020812
ハンデンカイザー,2021102456,B,202401020812
ベント,2021104504,C,202401020812
サンカルミア,2021101305,B,202401020812
ブエナディオサ,2019106938,C,202401020812
カルパ,2021105736,B,202401020812
ナリノイングリッド,2021105261,B,202402010102
エールヴァーゲ,2021104956,C,202402010102
ノーブルブランカ,2021100052,C,202402010102
マルモリミッション,2021101566,C,202402010102
タイセイアルテミス,2021105699,C,202402010102
フルリール,2021107178,B,202402010102
ローマンレイク,2021105976,C,202402010102
フェイマスグラース,2021104688,C,202402010102
ダンツドール,2021100112,B,202402010102
シーメジャー,2021105216,B,202402010102
ネバーモア,2021100294,B,202402010102
エリカポラリス,2021103739,C,202402010102
ブレイクショット,2021103011,B,202402010102
ファイアンス,2021106454,C,202402010102
サザンカ,2021107281,B,202402010103
ラインアルファ,2021103599,C,202402010103
ラントゥリーダンス,2021102598,C,202402010103
シュブロンレーヴル,2021105873,B,202402010103
アマモト,2021103042,C,202402010103
ミルキーメモリー,2021103917,C,202402010103
ノブノリッキー,2021104117,B,202402010103
アルヘンティニータ,2021104455,C,202402010103
シャトーディフ,2021105592,C,202402010103
グランヴィルローズ,2021105024,D,202402010103
テイエムミステリー,2021102827,B,202402010103
レッドマーレ,2021105205,C,202402010103
ミッションルース,2021101464,B,202402010106
アプラド,2021100295,B,202402010106
フトコロガタナ,2021103860,C,202402010106
クワイトポッシブル,2021105462,C,202402010106
ゼットメルベーユ,2021100197,C,202402010106
ドウアドバンテージ,2021105050,B,202402010106
ジーティースピード,2021110102,B,202402010106
ストレンジャー,2021107258,C,202402010106
セクシーブーケ,2021110103,B,202402010106
ヤマトホマレ,2021101058,B,202402010106
マテンロウノカゼ,2021107052,B,202402010106
クリノタンザナイト,2021101227,D,202402010106
ララモンストル,2021110066,B,202402010106
エコロブレード,2021103713,C,202402010106
ムーム,2021103061,C,202402010108
ジェニファー,2021103932,B,202402010108
パルプフィクション,2021102562,B,202402010108
サザンレイク,2020101481,B,202402010108
バクレツマホウ,2020102387,C,202402010108
フクノルッカ,2018100299,C,202402010108
サイモンオリーブ,2020102640,C,202402010108
リリージェーン,2020106353,C,202402010108
フーコサンライズ,2021102633,B,202402010108
ルクスパラディ,2021102054,C,202402010108
フリントロック,2020103844,C,202402010108
クォーツァイト,2021104777,B,202402010112
ケイエイト,2020103673,B,202402010112
ビッグパレード,2019101765,C,202402010112
チュウワエース,2019102395,B,202402010112
エクリプスルバン,2021106623,B,202402010112
ヤマニンクイッカー,2019102777,B,202402010112
バルミーウェザー,2021101659,B,202402010112
カリフォルニア,2021103728,B,202402010112
ナンヨークリスタル,2020103513,C,202402010112
マーベリックシチー,2021100387,B,202402010112
コパノアントニオ,2021103125,C,202402010112
リーゼノアール,2020104750,B,202402010112
メジャーデビュー,2021100446,C,202402010112
ラーンザロープス,2021105011,B,202402010112
サンネリネ,2021101298,C,202402010202
ヒデシンイメル,2021100678,B,202402010202
プラムダンディ,2021100389,B,202402010202
タイガノイッテキ,2021103870,C,202402010202
アヌーク,2021103577,B,202402010202
メイショウヤスマサ,2021103531,B,202402010202
ニホンピロトッティ,2021104210,D,202402010202
オセアトップガン,2021105722,B,202402010202
レガッタ,2021102991,B,202402010202
パレスパートナー,2021102357,B,202402010202
ダイシンカーリー,2021101838,D,202402010202
ワンダーカモン,2021100739,B,202402010202
リネアグローリア,2021106757,B,202402010202
アルレジャン,2021105383,B,202402010202
キタノスティール,2021101794,B,202402010203
テイエムタリスマ,2021109043,B,202402010203
ピカイチキリシマ,2021107119,D,202402010203
フォートボヤール,2021105907,B,202402010203
タマモアルタイル,2021101558,B,202402010203
ヒカルエリザベス,2021104487,C,202402010203
スマートレパード,2021102720,C,202402010203
バッファローライズ,2021103754,B,202402010203
キチロクサクラ,2021106000,C,202402010203
ブレーザー,2021100114,B,202402010203
シンゼンシャイン,2018106865,B,202402010207
ヨドノゴールド,2018103293,B,202402010207
ニシノルミリオン,2021106994,A,202402010207
ロザシアニン,2019100097,C,202402010207
ヒメカミノイタダキ,2019101794,B,202402010207
レアグリフォン,2021103556,B,202402010207
キーチズカンパニー,2019101100,C,202402010207
ナムラシベラ,2018100094,C,202402010207
ミッキースピナッチ,2020101649,B,202402010207
オオゾラヒバリ,2021101793,C,202402010207
タシロ,2017104262,B,202402010210
レディーシス,2019106868,C,202402010210
メジャークオリティ,2019104913,B,202402010210
ヴァンルーラー,2019105141,B,202402010210
ベルシャンソン,2020103888,B,202402010210
ピッチパーフェクト,2020104134,B,202402010210
クリノグローリー,2020102360,B,202402010210
ヒドゥンキング,2019106716,C,202402010210
アレクサ,2020100189,B,202402010210
ビーアイオラクル,2019106691,B,202402010210
タロントゥーズ,2020102932,B,202402010210
スズカマジェスタ,2019103824,B,202402010210
シゲルショウグン,2020101694,B,202402010210
ディサイド,2019100663,B,202402010210
コスモオピニオン,2020101258,B,202402010212
オーバーザドリーム,2020105734,C,202402010212
リードアクトレス,2021102654,B,202402010212
メイショウクモイ,2020106922,B,202402010212
メリタテス,2020110076,C,202402010212
ロードブレイズ,2021100162,B,202402010212
ソルトゴールド,2019102661,B,202402010212
ダノンフューチャー,2019105456,B,202402010212
アベベ,2021109113,B,202402010212
オリンポスカズマ,2020102013,B,202402010212
サルトルーヴィル,2020101896,B,202402010212
トウロウノオノ,2020105578,B,202402010212
ガルニエ,2021100395,B,202402010302
ナムラカメジロー,2021104305,B,202402010302
アルデリシャス,2021105093,B,202402010302
ハヤブサキンチャン,2021106579,C,202402010302
イズモ,2021102086,C,202402010302
ヨリナエスポワール,2021102671,B,202402010302
レガッタ,2021102991,B,202402010302
リルフロスト,2021103554,C,202402010302
スターゲット,2021104392,B,202402010302
ラフォンターナ,2021103474,B,202402010302
マルモリミッション,2021101566,C,202402010302
ツマヤ,2021102707,B,202402010302
ランオブザワールド,2021103570,B,202402010302
フルリール,2021107178,B,202402010302
ヴェラリーシャ,2021103172,B,202402010303
ミトロージア,2021100832,C,202402010303
ポッピン,2021100386,C,202402010303
ビービーピケット,2021102422,B,202402010303
フタバ,2021102963,B,202402010303
ディディット,2021104542,C,202402010303
ウィスピースノー,2021100648,B,202402010303
ミツカネエリーズ,2021100455,C,202402010303
サトミノエガオ,2021104959,B,202402010303
ヒカルエリザベス,2021104487,B,202402010303
サンマルブーケ,2021101120,B,202402010303
コパマエチャン,2021104459,D,202402010303
オカメノコイ,2022106698,C,202402010306
ロジディーズ,2022106575,C,202402010306
ローレルゼロ,2022106939,C,202402010306
サノノスウィフト,2022102029,C,202402010306
ジョイナーテソーロ,2022102267,B,202402010306
ゴールドシリカ,2022106837,C,202402010306
リリーフィールド,2022105718,B,202402010306
ユリ,2022106490,B,202402010306
サイモンオリーブ,2020102640,B,202402010308
アップフルーク,2019102510,C,202402010308
サザンレイク,2020101481,B,202402010308
パクスロマーナ,2020104616,C,202402010308
タッカー,2021102049,C,202402010308
ニルアドミラリ,2018110134,B,202402010308
ジェニファー,2021103932,B,202402010308
カツノテンス,2020105525,C,202402010308
ヨドノゴールド,2018103293,B,202402010308
イテマエダセン,2020102088,B,202402010308
カップッチョ,2017104266,B,202402010308
スピードパンサー,2021104079,B,202402010308
アカツキロットリー,2020100081,C,202402010312
ガウラスパーク,2021103586,B,202402010312
フォンメイリー,2019105287,C,202402010312
ワンダーウィルク,2019103092,B,202402010312
エンセリオ,2021100300,B,202402010312
スート,2021101652,C,202402010312
スマイルヴィヴァン,2018100895,C,202402010312
ソルトゴールド,2019102661,C,202402010312
テンクウジョー,2021104464,B,202402010312
ベルメサイア,2021103776,B,202402010312
チュウワエース,2019102395,C,202402010312
エーデル,2021105321,B,202402010312
フェルンマンボ,2019105975,B,202402010312
カリフォルニア,2021103728,B,202402010312
イラーナ,2021107166,B,202402010401
メイショウコオロギ,2021102867,B,202402010401
タマモプルメリア,2021103593,B,202402010401
ゴルトヴェーレ,2021103607,C,202402010401
ラブリーサイン,2021101098,B,202402010401
ウィンドブレイク,2021101686,C,202402010401
カネコメファミリー,2021104151,B,202402010401
リヴィングカラー,2021101065,C,202402010401
ギースバッハ,2021102247,B,202402010401
ベストベルシック,2021101437,C,202402010401
ヘルツアス,2021105985,C,202402010401
ダークファンタジー,2021105171,B,202402010401
プレゼンティーア,2021102153,B,202402010401
サテフィカ,2021100464,C,202402010401
スマートレパード,2021102720,B,202402010403
マリノルージュ,2021101261,C,202402010403
スリークロス,2021100984,C,202402010403
クィーンミツコ,2021101067,C,202402010403
ノブノリッキー,2021104117,B,202402010403
デリングシチー,2021100385,C,202402010403
バッファローライズ,2021103754,B,202402010403
ペレグリン,2021100906,C,202402010403
ミッキーイーグル,2021101491,C,202402010403
クーリッジテソーロ,2021101617,B,202402010403
アイリュール,2021106255,B,202402010403
オレンジブルボン,2021102655,B,202402010403
サンティーラ,2021101301,C,202402010404
ハテナビト,2021103371,A,202402010404
サンライズシア,2021103320,B,202402010404
ユイノサンバンカン,2021102819,C,202402010404
サンマルミッション,2021107331,C,202402010404
スターティアラ,2021106676,B,202402010404
ワンダーアレグリア,2021100754,C,202402010404
リュクスレオン,2021103285,C,202402010404
ダブルブラック,2021102133,C,202402010404
テトラード,2021104999,B,202402010404
コパノエビータ,2021102219,C,202402010404
タロサンダー,2021106005,B,202402010404
ネオクラウン,2021106120,B,202402010404
ジューンサレンダー,2021100923,B,202402010404
アイスリンディ,2021103575,C,202402010407
セラドナイト,2020103455,B,202402010407
レーヴドレフォン,2021105895,B,202402010407
ビップレーヌ,2021100886,C,202402010407
ランスノーブル,2020101250,B,202402010407
サンマルリアン,2020101086,C,202402010407
タマモネモフィラ,2020103991,B,202402010407
モデルハント,2021103912,B,202402010407
リキサンハート,2018102813,B,202402010407
イーストウィッチ,2021105406,B,202402010407
ウェイトゥゴー,2021104413,B,202402010407
ミッキーマカロン,2020103403,B,202402010407
イモータルフェイム,2019104486,C,202402010407
チャプリ,2019102438,B,202402010407
ヒドゥンキング,2019106716,B,202402010410
メリタテス,2020110076,B,202402010410
タケルペガサス,2018103278,B,202402010410
モンドプリューム,2020103876,B,202402010410
アレクサ,2020100189,B,202402010410
タシロ,2017104262,B,202402010410
メジャークオリティ,2019104913,B,202402010410
ラファドゥラ,2020103672,B,202402010410
スズカマジェスタ,2019103824,B,202402010410
グッドグロウス,2019105915,C,202402010410
コパノアントニオ,2021103125,B,202402010410
ナリノイングリッド,2021105261,B,202402010502
カンバーランド,2021105709,A,202402010502
ゴルトヴェーレ,2021103607,B,202402010502
ブランシール,2021105797,B,202402010502
パレスパートナー,2021102357,C,202402010502
エリカポラリス,2021103739,B,202402010502
ノーブルブランカ,2021100052,B,202402010502
エールヴァーゲ,2021104956,C,202402010502
ベイジーニョ,2021105301,C,202402010502
シアンカーン,2021100069,C,202402010502
ファイアンス,2021106454,C,202402010502
ブレイクショット,2021103011,B,202402010502
デュランヴェリテ,2021106656,B,202402010504
サトノファントム,2021105410,B,202402010504
シンクグッド,2021105778,B,202402010504
シュタイフブリーゼ,2021106088,C,202402010504
ウインメラナイト,2021106196,C,202402010504
クリノエクリプス,2021103321,C,202402010504
ボールドホーク,2021100030,C,202402010504
ラフォンターナ,2021103474,B,202402010504
ダンツドール,2021100112,B,202402010504
サンマルミッション,2021107331,B,202402010504
ナムラカメジロー,2021104305,B,202402010504
スピードパンサー,2021104079,B,202402010508
ロザシアニン,2019100097,B,202402010508
サザンカ,2021107281,B,202402010508
グランヒマラヤ,2020100847,B,202402010508
オオゾラヒバリ,2021101793,B,202402010508
サリーチャン,2019107032,C,202402010508
ミッキースピナッチ,2020101649,B,202402010508
フーコサンライズ,2021102633,B,202402010508
サンマルリアン,2020101086,C,202402010508
シンゼンシャイン,2018106865,B,202402010508
オリンポスカズマ,2020102013,B,202402010508
ヒメカミノイタダキ,2019101794,C,202402010508
フローラルビアンカ,2019105358,B,202402010510
ビターゼノビア,2020104207,B,202402010510
エルザストラウム,2019104688,C,202402010510
タマモネモフィラ,2020103991,C,202402010510
トゥーテイルズ,2020103255,B,202402010510
レリッシュ,2021101385,C,202402010510
シャドウレディー,2020102990,B,202402010510
レディーシス,2019106868,C,202402010510
メテオールライト,2020103247,B,202402010510
ケイエイト,2020103673,B,202402010512
アベベ,2021109113,B,202402010512
リードアクトレス,2021102654,C,202402010512
ナンヨークリスタル,2020103513,C,202402010512
ミラキュラスドラマ,2021104923,C,202402010512
レーヴドレフォン,2021105895,B,202402010512
アセレラシオン,2021106689,B,202402010512
オーバーザドリーム,2020105734,B,202402010512
ネオクラウン,2021106120,C,202402010602
ガラシュ,2021104519,C,202402010602
ワカメチャン,2021101915,B,202402010602
リルフロスト,2021103554,C,202402010602
フトコロガタナ,2021103860,C,202402010602
ミッションルース,2021101464,A,202402010602
クリノタンザナイト,2021101227,C,202402010602
エールクイーン,2021106669,C,202402010602
メイショウヤスマサ,2021103531,C,202402010602
リネアグローリア,2021106757,B,202402010602
シャトーディフ,2021105592,B,202402010602
アルヘンティニータ,2021104455,B,202402010603
フジゴウキャク,2021101906,B,202402010603
テイエムタリスマ,2021109043,C,202402010603
ミッキーイーグル,2021101491,B,202402010603
ラントゥリーダンス,2021102598,B,202402010603
コパマエチャン,2021104459,B,202402010603
カフジニホニウム,2021110098,B,202402010603
ヴェラリーシャ,2021103172,B,202402010603
キタノスティール,2021101794,B,202402010603
サトミノエガオ,2021104959,B,202402010603
ミトロージア,2021100832,C,202402010603
アマモト,2021103042,B,202402010603
キチロクサクラ,2021106000,C,202402010606
プラムダンディ,2021100389,B,202402010606
メイショウタッピ,2021102239,C,202402010606
ヒデシンイメル,2021100678,B,202402010606
テイエムミステリー,2021102827,D,202402010606
メイショウヘール,2021104622,B,202402010606
サンネリネ,2021101298,C,202402010606
クワイトポッシブル,2021105462,C,202402010606
フクノスナノバラ,2021107147,C,202402010606
ヤマトホマレ,2021101058,C,202402010606
ゼットメルベーユ,2021100197,B,202402010606
パフ,2021100292,B,202402010608
ワンダーウィルク,2019103092,C,202402010608
トリグラフ,2019103410,C,202402010608
キングリスティア,2016106594,C,202402010608
マーベリックシチー,2021100387,C,202402010608
スペシャリスト,2020101572,B,202402010608
ヨリナエスポワール,2021102671,B,202402010608
グランドエスケープ,2021107280,B,202402010608
コスモオピニオン,2020101258,B,202402010608
アースイオス,2021102555,B,202402010608
プリンスミノル,2019106027,B,202402010611
フルム,2019106214,C,202402010611
サヴァ,2018103223,B,202402010611
ナチュラルハイ,2020105939,B,202402010611
ホールシバン,2018100664,B,202402010611
メイショウユズルハ,2019104089,C,202402010611
アクションプラン,2020100116,B,202402010611
ライラボンド,2019105913,B,202402010611
タガノクリステル,2019100541,C,202402010611
ゴーゴーユタカ,2019100167,C,202402010611
テーオードレフォン,2019101324,B,202402010611
サブライムアンセム,2019105345,B,202402010611
バトルクライ,2019103879,C,202402010611
ルコルセール,2018105452,B,202402010611
ココモローズ,2021103544,C,202402010702
リベリアンガール,2021106208,C,202402010702
マリノルージュ,2021101261,C,202402010702
キガタレイ,2021104386,B,202402010702
グレナマディー,2021105957,C,202402010702
ルクスミッシェル,2021103938,C,202402010702
ミツカネエリーズ,2021100455,B,202402010702
フォートボヤール,2021105907,D,202402010702
ロケットホームラン,2021102264,C,202402010702
ピエナリオン,2021101154,C,202402010702
ランポレッキオ,2021105420,C,202402010702
タマモアルタイル,2021101558,B,202402010702
スターゲット,2021104392,B,202402010704
マルモリミッション,2021101566,C,202402010704
ハテナビト,2021103371,B,202402010704
クリノアイリス,2021102262,C,202402010704
ヴァレリア,2021103147,B,202402010704
フェイマスグラース,2021104688,C,202402010704
プロトアステール,2021105635,C,202402010704
プラチナバンド,2021100045,C,202402010704
エコロブレード,2021103713,B,202402010704
サテフィカ,2021100464,C,202402010704
テトラード,2021104999,B,202402010704
ガルニエ,2021100395,C,202402010704
フェスティヴカレン,2021103193,C,202402010704
ルークススペイ,2022101543,B,202402010706
ローレルランウェイ,2022107010,C,202402010706
ウインラテアート,2022106936,C,202402010706
アースミューズ,2022105909,C,202402010706
スパーク,2022100929,C,202402010706
トゥインクルアップ,2022100065,B,202402010706
ローレルゼロ,2022106939,D,202402010706
オオタチ,2022101234,C,202402010706
フラッシュポイント,2022104609,B,202402010706
サフランキララ,2022100347,C,202402010706
ディヴァンカドー,2022106298,B,202402010706
エミサソウツバサ,2019104882,C,202402010708
フロンタルジェダイ,2019104712,D,202402010708
ポイズンアロウ,2019110073,C,202402010708
ジェミニキング,2016103252,C,202402010708
ブレイヴアロウ,2020103118,B,202402010708
スペシャリスト,2020101572,C,202402010708
アルデドゥオーモ,2021100361,B,202402010708
アーマルコライト,2021105811,B,202402010708
クロスザルビコン,2017105117,C,202402010708
サトノレイズ,2021104961,C,202402010708
クォーツァイト,2021104777,B,202402010712
フォンメイリー,2019105287,C,202402010712
コパノエビータ,2021102219,B,202402010712
タマモプルメリア,2021103593,B,202402010712
エーデル,2021105321,B,202402010712
モデルハント,2021103912,B,202402010712
ポマール,2021105972,C,202402010712
ウェイトゥゴー,2021104413,B,202402010712
チャプリ,2019102438,B,202402010712
トウロウノオノ,2020105578,C,202402010712
ネバーモア,2021100294,B,202402010712
ビップレーヌ,2021100886,C,202402010712
ココボロ,2021106419,C,202402010802
チャルドーニ,2021104946,B,202402010802
グディンナ,2021102162,C,202402010802
フタバ,2021102963,C,202402010802
ラブリーサイン,2021101098,B,202402010802
カネコメファミリー,2021104151,C,202402010802
アイリュール,2021106255,C,202402010802
ビーラヴゼアー,2021101908,C,202402010802
ブーケドグレイス,2021102494,C,202402010802
リヴィングカラー,2021101065,B,202402010802
メイショウコオロギ,2021102867,B,202402010802
プルーヴンウィナー,2021104780,C,202402010802
ウォーターリッシュ,2021100954,C,202402010802
ベストベルシック,2021101437,C,202402010802
サンライズシア,2021103320,B,202402010804
キモンキャリントン,2021102245,C,202402010804
アールヴヘイム,2021110110,C,202402010804
ロマンスシアター,2021110018,B,202402010804
ガラシュ,2021104519,B,202402010804
フィージビリティー,2021106626,B,202402010804
ジューンサレンダー,2021100923,B,202402010804
トモジャシャトー,2021101041,B,202402010804
キタノワイオリ,2021101097,C,202402010804
アウストラリス,2021103030,C,202402010804
プレゼンティーア,2021102153,C,202402010804
ゴールデンルーキー,2021110146,C,202402010804
ポワンキュルミナン,2020102955,C,202402010807
メイショウクモイ,2020106922,B,202402010807
ピースヒロフェイス,2021105769,B,202402010807
ワンダージュノ,2019102803,C,202402010807
エンセリオ,2021100300,B,202402010807
ゼンダンスカイ,2021106294,C,202402010807
ベイビールビオ,2019103592,B,202402010807
メジャーデビュー,2021100446,B,202402010807
タロントゥーズ,2020102932,B,202402010809
サハラヴァンクール,2018101704,C,202402010809
ディサイド,2019100663,C,202402010809
ベイパーコーン,2019104118,D,202402010809
モンドプリューム,2020103876,A,202402010809
コパノアントニオ,2021103125,B,202402010809
ダノンボレロ,2020103338,B,202402010809
スズカルビコン,2018106368,C,202402010809
フローラルビアンカ,2019105358,B,202402010809
グランヒマラヤ,2020100847,C,202402010812
フーコサンライズ,2021102633,B,202402010812
ジェニファー,2021103932,C,202402010812
ノボリショウリュウ,2021102718,B,202402010812
カップッチョ,2017104266,C,202402010812
メージャーテソーロ,2020100342,C,202402010812
コウユーママニニテ,2019101435,B,202402010812
ヨドノゴールド,2018103293,B,202402010812
サザンレイク,2020101481,B,202402010812
タッカー,2021102049,C,202402010812
タカラバディウス,2021106376,C,202402010902
ノブノリッキー,2021104117,B,202402010902
マーシャルテイル,2021105820,B,202402010902
カネトシテミス,2021106333,C,202402010902
ペプチドアーニャ,2021102732,C,202402010902
アルテミーナ,2021104475,C,202402010902
ラントゥリーダンス,2021102598,B,202402010902
モズマサニャン,2021104627,B,202402010902
プラビータ,2021106008,C,202402010902
ニホンピロトッティ,2021104210,C,202402010902
オーヴァーザトップ,2021107133,C,202402010902
タイセイフォルテ,2021105345,B,202402010902
ワイワイサンデー,2021100746,C,202402010904
ニースライト,2021102898,B,202402010904
テイエムミステリー,2021102827,D,202402010904
オセアトップガン,2021105722,B,202402010904
ブリージョドラード,2021104935,C,202402010904
メイショウヘール,2021104622,B,202402010904
ユイノサンバンカン,2021102819,C,202402010904
クリノタンザナイト,2021101227,C,202402010904
ライブリボイル,2021104299,C,202402010904
イッツナッシング,2021103040,C,202402010904
サトノフォルテ,2021101402,B,202402010904
オリンポスカズマ,2020102013,C,202402010907
セイゲン,2019100234,C,202402010907
スコーピオン,2021100792,C,202402010907
グレイウェザーズ,2020103470,B,202402010907
アベベ,2021109113,B,202402010907
ステラシティ,2021102669,B,202402010907
ホークレア,2021100198,B,202402010907
スピードパンサー,2021104079,B,202402010907
ヒメカミノイタダキ,2019101794,B,202402010907
ロザシアニン,2019100097,C,202402010907
サンマルリアン,2020101086,B,202402010907
ワイドブリザード,2021104416,B,202402010908
トウロウノオノ,2020105578,C,202402010908
パフ,2021100292,B,202402010908
トリグラフ,2019103410,C,202402010908
マコタイガ,2021101356,B,202402010908
ヤマニンクイッカー,2019102777,C,202402010908
リードアクトレス,2021102654,C,202402010908
ケイエイト,2020103673,B,202402010908
ポリクシニーズ,2019100913,B,202402010908
ビップレーヌ,2021100886,C,202402010908
リリーミニスター,2017103688,C,202402010911
キングストンボーイ,2018102657,B,202402010911
ナチュラルハイ,2020105939,B,202402010911
トウセツ,2019104589,C,202402010911
テーオードレフォン,2019101324,B,202402010911
サンテックス,2020100635,B,202402010911
クロパラントゥ,2018104121,C,202402010911
サトノロイヤル,2018103116,B,202402010911
レッドゲイル,2019103976,C,202402010911
リキサントライ,2018101796,C,202402010911
サンライズジーク,2020103039,B,202402010911
ベルダーイメル,2017101380,B,202402010911
バトルクライ,2019103879,B,202402010911
ホウオウルーレット,2019105746,B,202402010911
ピースシャイニー,2022106509,C,202402011001
オオタチ,2022101234,C,202402011001
オカメノコイ,2022106698,B,202402011001
ゴールドシリカ,2022106837,C,202402011001
サラサエンペラー,2022102967,B,202402011001
メイショウホダワラ,2022103237,B,202402011001
ディヴァンカドー,2022106298,C,202402011001
ベルスバラード,2022100755,C,202402011001
サスペンスクィーン,2022101343,C,202402011001
サフランキララ,2022100347,C,202402011001
ラヴィングユー,2022100359,B,202402011001
モッドフレイム,2021104960,B,202402011002
クラウンクーロン,2021101266,C,202402011002
メイショウヤスマサ,2021103531,C,202402011002
フォルティシーム,2021106636,B,202402011002
ピクラリーダ,2021106347,C,202402011002
エクレシア,2021106024,C,202402011002
ダイクロアイト,2021105524,B,202402011002
レガッタ,2021102991,B,202402011002
ココボロ,2021106419,C,202402011002
サンティーラ,2021101301,C,202402011002
ポッドロイ,2021100207,C,202402011002
ワカメチャン,2021101915,B,202402011002
ヒカルエリザベス,2021104487,B,202402011003
ビービーピケット,2021102422,C,202402011003
ディディット,2021104542,B,202402011003
コパマエチャン,2021104459,C,202402011003
アヌーク,2021103577,C,202402011003
ラブリーサイン,2021101098,B,202402011003
パサデナノアサ,2021101995,C,202402011003
ガーデンプランナー,2021101427,B,202402011003
ペレグリン,2021100906,B,202402011003
アルヘンティニータ,2021104455,C,202402011003
ヴェラリーシャ,2021103172,B,202402011003
ニシノサイエン,2021107003,B,202402011003
ダノンペドロ,2020103453,B,202402011007
リキサンハート,2018102813,B,202402011007
イッツオンリーユー,2020102542,B,202402011007
ディープグラビティ,2019104773,B,202402011007
ゼンダンスカイ,2021106294,B,202402011007
ブルーペクトライト,2020103556,C,202402011007
ザロック,2021106845,B,202402011007
エクリプスルバン,2021106623,B,202402011007
ロードブレイズ,2021100162,B,202402011007
パルプフィクション,2021102562,B,202402011009
カンザシ,2019106704,B,202402011009
サイレンスゴールド,2020105149,C,202402011009
ニルアドミラリ,2018110134,B,202402011009
ダラムキャッスル,2020101560,C,202402011009
メイショウオトギ,2020102331,B,202402011009
シュガーフロート,2019110051,C,202402011009
バサラ,2020104129,B,202402011009
マキアージュ,2019102747,B,202402011009
ポメラート,2019100425,C,202402011009
クルールデュヴァン,2019105379,C,202402011009
レアグリフォン,2021103556,B,202402011009
エリカポラリス,2021103739,B,202402011102
ココシャンパーニュ,2021105902,B,202402011102
マウンテンピオニー,2021102225,C,202402011102
ディアマンドロップ,2021103545,C,202402011102
ノーブルブランカ,2021100052,B,202402011102
ビアンヴェニュー,2021104423,B,202402011102
ウキヨノユメ,2021101354,B,202402011102
ゼットメルベーユ,2021100197,C,202402011102
サテフィカ,2021100464,C,202402011102
レイヌドサーブル,2021104801,B,202402011102
ヤマメクィーン,2021106034,B,202402011102
フィアマフルミネ,2021102972,C,202402011102
イラーナ,2021107166,B,202402011102
ブーケドグレイス,2021102494,C,202402011102
タケルゴールド,2021100884,B,202402011104
エルキーオ,2021101881,C,202402011104
シンクグッド,2021105778,B,202402011104
ウインラムセス,2021101530,C,202402011104
ミレフォス,2021104163,B,202402011104
サンマルミッション,2021107331,B,202402011104
メイショウヤスマサ,2021103531,C,202402011104
フルリール,2021107178,C,202402011104
ガルニエ,2021100395,C,202402011104
トゥラムプラッツ,2021101927,C,202402011104
クリノエクリプス,2021103321,B,202402011104
ウインメラナイト,2021106196,B,202402011104
スピンザブラッド,2021105244,A,202402011106
ヤマニンファロ,2021106596,C,202402011106
ゴルトヴェーレ,2021103607,C,202402011106
スラーヴァ,2021103916,C,202402011106
サンライズシア,2021103320,B,202402011106
プレットリンド,2021101914,B,202402011106
カーロアヴァンティ,2021103056,C,202402011106
ボンウィークエンド,2021110118,C,202402011106
プラムダンディ,2021100389,B,202402011106
ウインアルドーレ,2021106192,B,202402011106
アマモト,2021103042,C,202402011106
フクノスナノバラ,2021107147,C,202402011106
グアラニア,2021103051,B,202402011106
サイモンプレジール,2021102798,B,202402011106
スコーピオン,2021100792,C,202402011108
タッカー,2021102049,C,202402011108
ヨドノゴールド,2018103293,B,202402011108
カップッチョ,2017104266,C,202402011108
ホーリーブライト,2021102458,C,202402011108
スイッチオン,2020106221,C,202402011108
サザンレイク,2020101481,B,202402011108
メイプルリーフラグ,2020103527,D,202402011108
オアシスドール,2021103583,B,202402011108
タイコネン,2019101484,C,202402011108
メイショウクモイ,2020106922,B,202402011108
ステラシティ,2021102669,C,202402011108
セクシーブーケ,2021110103,B,202402011109
ヒデシンイメル,2021100678,B,202402011109
マーベリックシチー,2021100387,C,202402011109
グランルーチェ,2021102641,C,202402011109
アースイオス,2021102555,C,202402011109
ミッキーラッキー,2021105561,C,202402011109
ベイビールビオ,2019103592,C,202402011109
ランスノーブル,2020101250,B,202402011109
ワンダーカモン,2021100739,B,202402011109
レーヴドレフォン,2021105895,C,202402011109
リネアグローリア,2021106757,B,202402011109
キープブライトン,2020101008,C,202402011109
ケーヴァラ,2021106054,C,202402011202
リゼルージュセリエ,2021100846,C,202402011202
バスティオン,2021105380,C,202402011202
ネオクラウン,2021106120,B,202402011202
マテンロウノカゼ,2021107052,B,202402011202
カリスイモン,2021100418,C,202402011202
フミソニック,2021103654,C,202402011202
キモンキャリントン,2021102245,C,202402011202
エールヴァーゲ,2021104956,C,202402011202
フォレストゲート,2021101950,C,202402011202
テトラード,2021104999,B,202402011202
フィージビリティー,2021106626,B,202402011202
ベイジーニョ,2021105301,C,202402011202
ハヤブサキンチャン,2021106579,C,202402011202
テイエムタリスマ,2021109043,B,202402011204
サトミノエガオ,2021104959,C,202402011204
ペレグリン,2021100906,B,202402011204
ラセーヌシュメール,2021105260,B,202402011204
ココモローズ,2021103544,B,202402011204
ドルフィンスクエア,2021107265,D,202402011204
ユーライナー,2021107000,C,202402011204
ゴルトシュトラール,2021106862,B,202402011204
マリノルージュ,2021101261,C,202402011204
リュウノシンクウハ,2021102906,C,202402011204
ロケットホームラン,2021102264,B,202402011204
ペイシャアゲイン,2021104216,C,202402011204
サウンドアレグリア,2021102079,B,202402011207
ヴィラーゴスリーブ,2020103599,B,202402011207
ハイランドリンクス,2020103595,C,202402011207
メジャーデビュー,2021100446,B,202402011207
ピクラリーダ,2021106347,B,202402011207
ベッラアルバ,2019104924,B,202402011207
フォンメイリー,2019105287,C,202402011207
エリカサファイア,2021103732,B,202402011207
エーリアル,2021104856,C,202402011207
アイスリンディ,2021103575,B,202402011207
タマモネモフィラ,2020103991,B,202402011207
リキサンハート,2018102813,C,202402011207
カフェノワール,2020100683,B,202402011207
チャプリ,2019102438,C,202402011207
サハラヴァンクール,2018101704,C,202402011210
ビーアイオラクル,2019106691,B,202402011210
タケルペガサス,2018103278,B,202402011210
アセレラシオン,2021106689,B,202402011210
グランドエスケープ,2021107280,B,202402011210
サヴァビアン,2018103473,C,202402011210
レッドラグラス,2020103183,B,202402011210
シャドウレディー,2020102990,B,202402011210
コパノアントニオ,2021103125,C,202402011210
テンクウジョー,2021104464,C,202402011210
ベイパーコーン,2019104118,C,202402011210
ディサイド,2019100663,C,202402011210
メリタテス,2020110076,B,202402011210
スズカマジェスタ,2019103824,B,202402011210
マリノロマンス,2021101257,D,202403010101
ミレニアムヒロイン,2021103480,B,202403010101
スプリングカム,2021104081,C,202403010101
ウェルキン,2021105294,C,202403010101
ノイバラ,2021106320,C,202403010101
オウケンヴィーナス,2021105451,C,202403010101
アパイシュナール,2021100005,D,202403010101
ラインレインボー,2021104446,C,202403010101
タガノハスビナー,2021106547,B,202403010101
ノーブルブランカ,2021100052,B,202403010101
アズベリー,2021101732,B,202403010101
ドレアンティア,2021107356,C,202403010101
フクチャンフクメイ,2021105219,C,202403010101
カレンウユ,2021105001,B,202403010101
キミハレモネード,2021102527,C,202403010101
イイデカンタロウ,2021107123,B,202403010103
ピカレスクノベル,2021106087,C,202403010103
デフィニティーボ,2021105929,B,202403010103
ユイノサンバンカン,2021102819,C,202403010103
スマッシュスルー,2021101612,B,202403010103
レッドスウィング,2021105130,B,202403010103
メイショウムカバキ,2021100741,B,202403010103
モズブルーム,2021106336,B,202403010103
ズバットマサムネ,2021105711,B,202403010103
エテルノアキーロ,2021106007,D,202403010103
ネオクラウン,2021106120,B,202403010103
サンダーバース,2021103582,B,202403010103
デイトゥリメンバー,2021104572,C,202403010103
マイネルトゥルネー,2021106820,B,202403010103
アスクヒロイズガイ,2021104952,B,202403010103
アンジュール,2020104884,C,202403010106
カヤドーブラック,2020105702,C,202403010106
インオービット,2020105510,C,202403010106
リュクスドレフォン,2020106927,B,202403010106
ウィズザドリーム,2020102575,B,202403010106
クリノミニスター,2019103285,C,202403010106
ヤマカツレオン,2017103384,B,202403010106
ピエトラサンタ,2018105284,B,202403010106
ノーブルアクト,2020104744,D,202403010106
テイエムシップ,2019107031,B,202403010106
ケイエイト,2020103673,C,202403010106
キングレガリア,2019104822,B,202403010106
ランペイジシチー,2020104552,D,202403010106
ナウズザタイム,2020103323,C,202403010106
トルズイーガー,2020104135,C,202403010106
グランファラオ,2020110140,C,202403010108
メイショウアジロ,2019103407,C,202403010108
ワンダーヘイルネス,2016102446,C,202403010108
ウィンウッドテール,2020106837,C,202403010108
ラインアンジェラ,2020103999,C,202403010108
ルミナスフラックス,2019105142,C,202403010108
オールスティール,2020107142,C,202403010108
デュアルキャリアー,2016110104,C,202403010108
スマートオリーブ,2019104059,B,202403010108
ヘレンキムゼー,2019104560,B,202403010108
ウェイオブサクセス,2020110047,B,202403010108
ヌマ,2019100570,C,202403010108
イテマエダセン,2020102088,D,202403010108
アスクドンキバック,2018101299,C,202403010108
レイデルマール,2018101744,C,202403010108
ザアトム,2019101266,C,202403010108
メイショウウズマサ,2016102177,B,202403010111
ジャズブルース,2019101179,B,202403010111
ハギノアトラス,2016102663,B,202403010111
ナチュラルハイ,2020105939,C,202403010111
ライラボンド,2019105913,C,202403010111
ザイツィンガー,2016103730,B,202403010111
サンマルレジェンド,2018106259,C,202403010111
ペースセッティング,2020110007,B,202403010111
プリンスミノル,2019106027,B,202403010111
アルドーレ,2015103217,C,202403010111
メイショウカズサ,2017106642,C,202403010111
ブラックアーメット,2018104059,B,202403010111
ブリッツファング,2019104194,B,202403010111
ロッシュローブ,2017102835,B,202403010111
クロパラントゥ,2018104121,C,202403010111
ダイゴリュウジン,2021106959,B,202403010201
オモカゲジョー,2021109094,C,202403010201
ダイヤメ,2021106149,C,202403010201
カドサンガンバル,2021104264,C,202403010201
ホウオウサーキット,2021100445,B,202403010201
アメリカンチーフ,2021110123,B,202403010201
オイデレオ,2021104580,C,202403010201
エスオーライジング,2021102631,B,202403010201
アイファーキャップ,2021107295,B,202403010201
クリノアチーバー,2021106572,B,202403010201
コスモフレディ,2021100730,C,202403010201
ニホンピロゴルディ,2021103845,B,202403010201
ケイツーバルボア,2021105990,B,202403010201
ハイグッドワールド,2021104474,B,202403010201
タイガノイッテキ,2021103870,B,202403010201
テンフェリーチェ,2020105564,C,202403010203
タガノチョコラータ,2020105533,B,202403010203
デアデルマーレ,2020100138,B,202403010203
パラディ,2020100166,B,202403010203
ペイシャアンジェロ,2020102135,C,202403010203
シュテルンロット,2020102876,C,202403010203
ニシノスピカ,2019103570,B,202403010203
サクラジェンヌ,2019106678,C,202403010203
イモータルフェイム,2019104486,B,202403010203
ポーレット,2020105721,B,202403010203
オールマキシマム,2020100387,B,202403010203
ドレミファニー,2020104855,C,202403010203
エバーハピネス,2020103240,B,202403010203
ナックダンス,2020106024,C,202403010203
リノアラ,2019101620,B,202403010203
カウイラ,2021100762,B,202403010206
アイスリンディ,2021103575,B,202403010206
ブラックリバー,2021104484,C,202403010206
ミスターディジェイ,2021104617,D,202403010206
カリジェン,2021102001,C,202403010206
イデアパシオン,2021104016,D,202403010206
ファビュラスロード,2021107176,B,202403010206
メイショウヨシノ,2021103207,C,202403010206
ニシノジーク,2021107062,B,202403010206
カゼノイタズラ,2021101139,D,202403010206
バエル,2021102126,C,202403010206
キチロクサクラ,2021106000,C,202403010206
スマートレパード,2021102720,C,202403010206
ルミリオン,2021100381,B,202403010206
マイアヴィータ,2021104118,C,202403010206
ピエナフェリーチェ,2021105179,B,202403010206
ヒデノレインボー,2019102705,B,202403010209
ロードジャスティス,2019103027,B,202403010209
ヒドゥンキング,2019106716,C,202403010209
シンボリックレルム,2019104958,B,202403010209
サムハンター,2018105996,B,202403010209
モントブレッチア,2019106419,B,202403010209
タマモバンケット,2019106688,B,202403010209
ベルシャンソン,2020103888,B,202403010209
ナイトアクアリウム,2020103005,B,202403010209
タマモベローナ,2019100182,C,202403010209
ベイパーコーン,2019104118,C,202403010209
サラフィエル,2019101464,C,202403010209
ニホンピロハーバー,2018103828,B,202403010209
ナックドロップス,2019103274,B,202403010210
アドヴァイス,2019102041,B,202403010210
ナンヨープランタン,2015104887,B,202403010210
オーガスタスカイ,2019105161,B,202403010210
メイショウクリフト,2019104260,B,202403010210
エイシンフェンサー,2020100105,B,202403010210
ユウグロスファクタ,2019106119,B,202403010210
ルクルト,2017100452,B,202403010210
オンザダブル,2019104621,B,202403010210
ミラバーグマン,2018103738,C,202403010210
フィーカ,2019103946,C,202403010210
クロデメニル,2019110103,B,202403010210
メルシー,2019100451,B,202403010210
ペプチドヤマト,2019103605,B,202403010210
タイセイブリリオ,2019101005,B,202403010210
ラインガルーダ,2017106295,B,202403010210
ピュアキショウ,2021106948,C,202403010301
ビートリニティ,2021103600,C,202403010301
ボナフォルトゥーナ,2021104629,D,202403010301
ワンモアチャンス,2021103816,B,202403010301
デュアル,2021104063,B,202403010301
マオノボルケーノ,2021100851,C,202403010301
キュリエール,2021105407,B,202403010301
サンレイマリー,2021102326,C,202403010301
エレンバローズ,2021103913,C,202403010301
ミルミル,2021100287,D,202403010301
テンメリーアーサー,2021101489,B,202403010301
マリノバレリーナ,2021101252,C,202403010301
ラインアルファ,2021103599,B,202403010301
ミスエル,2021106986,B,202403010301
レグザゴン,2021103513,B,202403010301
エコロカイザー,2021110158,C,202403010301
パーシステンス,2021107376,C,202403010303
カセノルーパス,2021102865,B,202403010303
ヤシマ,2021100983,C,202403010303
マーブルカリクロ,2021103606,C,202403010303
ハクサンダフネ,2021102926,B,202403010303
ジャコムスビ,2021101753,C,202403010303
イッツナッシング,2021103040,B,202403010303
メイショウマダケ,2021102548,C,202403010303
ライズオブザサン,2021106926,B,202403010303
サンライズシア,2021103320,C,202403010303
ニシノレヴィガータ,2021106998,B,202403010303
クラージュミノル,2021104408,C,202403010303
エスタボニート,2021106918,C,202403010303
レオンフォルテ,2021104748,D,202403010303
テクノドラゴン,2021105277,C,202403010303
ビナカントー,2020105084,C,202403010307
ベリーベリーベリー,2020104291,C,202403010307
ディアナゼロス,2020106388,C,202403010307
プライムレート,2020104856,C,202403010307
ゼットカレン,2020104751,B,202403010307
ラージベル,2019102203,C,202403010307
オリビアジュテーム,2020100714,B,202403010307
グァルジャー,2020104171,C,202403010307
ハクサンアイ,2020106586,C,202403010307
グリモワール,2019102371,B,202403010307
ピンクムーン,2019103965,C,202403010307
ディクレアブルーム,2020106816,B,202403010307
テイエムルンバ,2020100401,B,202403010307
シェーンプリマー,2020101403,B,202403010307
クイーンアポーン,2019104128,B,202403010307
スマイルバック,2019105174,B,202403010307
クインズプリーズ,2019100578,B,202403010311
サトノガレオン,2020101567,B,202403010311
キングクー,2019102321,B,202403010311
コラリン,2019105476,C,202403010311
リラックス,2020103044,C,202403010311
バサラ,2020104129,C,202403010311
フェズカズマ,2019105218,C,202403010311
リーゼントミニー,2020100914,C,202403010311
メイショウカゼマチ,2020106534,C,202403010311
クリダーム,2020106406,C,202403010311
コーリングローリー,2017100614,D,202403010311
サニーサフラン,2020100892,B,202403010311
バスドラムガール,2020104363,C,202403010311
メイショウツワブキ,2018105847,B,202403010311
カイザーブリッツ,2020106384,B,202403010311
ロープスピニング,2019104952,C,202403010311
リュクススティール,2020102944,B,202403010312
フロスティクォーツ,2018103120,B,202403010312
パララヴィクトリア,2020105664,C,202403010312
ジョーカーブラウン,2019103488,C,202403010312
プレイサーゴールド,2020100053,B,202403010312
テンカオーライ,2020102959,B,202403010312
ピューリファイ,2019104590,C,202403010312
クールジャーマン,2020100055,B,202403010312
マルモルミエール,2020106311,C,202403010312
アルムエアフォルク,2020105540,B,202403010312
アンチフラジャイル,2020106933,B,202403010312
メリタテス,2020110076,C,202403010312
ナムラテディー,2020101950,B,202403010312
フォンメイリー,2019105287,C,202403010312
メッセージソング,2019105285,B,202403010312
コウユーユメノヨウ,2021101194,B,202403010401
リオサラ,2021103454,C,202403010401
ファンユー,2021103894,B,202403010401
イントゥザフロー,2021104545,C,202403010401
ランタナヒルズ,2021101241,C,202403010401
ランウインディ,2021106305,B,202403010401
ダノンボーンレディ,2021101477,C,202403010401
アリーエテルネ,2021103687,C,202403010401
ナツリュウオー,2021100125,C,202403010401
レモンシフォン,2021103685,D,202403010401
エイルドゥノン,2021102810,B,202403010401
アネッロ,2021101212,B,202403010401
スリーウエーブ,2021102990,C,202403010401
ジョブックノワ,2021103422,C,202403010401
ラッピングボックス,2021103383,C,202403010401
アナスタシス,2021100493,B,202403010401
イラーナ,2021107166,B,202403010403
コパノエビータ,2021102219,B,202403010403
シルバーフィズ,2021106137,C,202403010403
リアソール,2021105892,B,202403010403
ワープエンジン,2021102579,D,202403010403
タガノラデツキー,2021106556,C,202403010403
サブリエ,2021100249,C,202403010403
アイリュール,2021106255,C,202403010403
ゴールデンリープ,2021105758,B,202403010403
ワンダホー,2021104938,C,202403010403
サンダーアリュール,2021109069,C,202403010403
リフレクトザムーン,2021104635,D,202403010403
ナデナデ,2021107263,B,202403010403
クツワワールド,2021104266,C,202403010403
ミスサラワク,2021105923,C,202403010403
パレスパートナー,2021102357,B,202403010406
ウインラウダ,2021106206,C,202403010406
ペルセイズ,2021103546,C,202403010406
シンゼンワカミヤ,2021101167,B,202403010406
マンチェスター,2021100483,B,202403010406
エイジランナー,2021105975,B,202403010406
グッドエクスプレス,2021106062,B,202403010406
ウォーターアレ,2021100600,C,202403010406
レッドスフェーン,2021105308,C,202403010406
ハヤブサキンチャン,2021106579,C,202403010406
トラストバシレウス,2021106924,B,202403010406
オッチョラゴ,2021104551,C,202403010406
プロミット,2021100939,C,202403010406
イナズマミノル,2021104178,C,202403010406
デフィニティーボ,2021105929,C,202403010406
クリノグローリー,2020102360,B,202403010408
シンエン,2019105359,C,202403010408
ジャクソン,2020104354,B,202403010408
オーバーザドリーム,2020105734,B,202403010408
ヴォランテ,2020100593,B,202403010408
インテンソ,2020103636,B,202403010408
レヴィアタン,2020100619,C,202403010408
ミニョンルミエール,2019104303,B,202403010408
キョウエイディーズ,2019106502,D,202403010408
アッティラ,2020102185,B,202403010408
コスモジョセフ,2020105277,D,202403010412
ゴールデンシーカー,2019100899,C,202403010412
イツモハラペコ,2020107203,C,202403010412
ヨドノゴールド,2018103293,B,202403010412
ハローマイラブリー,2020106345,C,202403010412
レジーナローズ,2020104174,B,202403010412
シルバーキングダム,2019103553,B,202403010412
ブリングライト,2020100617,C,202403010412
セキテイオー,2019101351,B,202403010412
ハジメテノチュウ,2019104141,C,202403010412
アイファーベア,2018100107,C,202403010412
カリュウ,2019106714,B,202403010412
マジックタッチ,2020106946,B,202403010412
クラシカルタイプ,2020106830,C,202403010412
ノーブルヴィクター,2020103769,C,202403010412
マグナムハート,2018104723,C,202403010412
ロードリレーション,2021100145,B,202403010501
ポントワーズ,2021106704,D,202403010501
ワンダフルタテヤマ,2021101366,C,202403010501
テーオーダイヤ,2021102563,D,202403010501
アミマネラ,2021106712,C,202403010501
ギュウニュウ,2021103163,D,202403010501
アクロスザシーズ,2021104847,C,202403010501
ツーエムピシュー,2021107078,B,202403010501
キングプロフィット,2021107012,C,202403010501
バッファローライズ,2021103754,B,202403010501
ポッピン,2021100386,C,202403010501
タマモアルタイル,2021101558,B,202403010501
レインボートパーズ,2021106382,C,202403010501
ルクスアルム,2021103945,B,202403010501
タンドレス,2021104593,B,202403010501
ワイドジャイキリ,2021101460,B,202403010501
マハナ,2021106618,C,202403010503
リリーズブルーム,2021101725,C,202403010503
オウケンヴィーナス,2021105451,C,202403010503
タイセイアルテミス,2021105699,C,202403010503
ナックレインボー,2021104032,C,202403010503
セキテイサク,2021101038,C,202403010503
ルージュシュエット,2021105640,B,202403010503
サンセットブライト,2021102753,B,202403010503
オータムルーチェ,2021106124,C,202403010503
ビーナスライズ,2021102342,C,202403010503
ピエナブリックス,2021101160,D,202403010503
ブレイクショット,2021103011,C,202403010503
クイーンズアームス,2021105935,C,202403010503
ゴールドブラボー,2021106882,B,202403010503
アンタキア,2021103830,C,202403010503
ゲットアップ,2018100720,B,202403010506
トロピカルタウン,2020105456,C,202403010506
トリオンファーレ,2020102771,C,202403010506
ワタシデイイデスカ,2020105282,C,202403010506
ヴィクトリオン,2018100923,C,202403010506
ユキマル,2020101174,B,202403010506
ナムラテディー,2020101950,C,202403010506
テクノダイヤモンド,2020104270,C,202403010506
ナンデフェスティヴ,2019101158,C,202403010506
クリオミニーズ,2019105171,B,202403010510
ヒドゥンキング,2019106716,B,202403010510
グランドカリナン,2020106234,B,202403010510
クリニクラウン,2020100934,C,202403010510
クリノナイスガイ,2017106689,B,202403010510
スズノテレサ,2019104861,B,202403010510
ニャンチンノン,2019102799,B,202403010510
ティアップリオン,2018103133,B,202403010510
アイアムイチリュウ,2017101159,D,202403010510
サヴァビアン,2018103473,B,202403010510
ニホンピロハーバー,2018103828,C,202403010510
モンネトワ,2020105649,B,202403010510
タガノリバイバー,2018101956,B,202403010510
ニットウライジン,2020106779,B,202403010510
ロイヤルダンス,2018102394,C,202403010510
ワタシダケドナニカ,2020103918,C,202403010512
ゴレイジョウ,2020106336,C,202403010512
パレフォーコン,2019100683,B,202403010512
オールスティール,2020107142,B,202403010512
セイレジーナ,2020106751,C,202403010512
マルス,2018101455,C,202403010512
サザンレイク,2020101481,A,202403010512
バクレツマホウ,2020102387,D,202403010512
ラージベル,2019102203,,202403010512
ノーブルヴィクター,2020103769,,202403010512
ハクサンアイ,2020106586,C,202403010512
マジックタッチ,2020106946,C,202403010512
ヤマタケアオイバラ,2020102211,C,202403010512
キョウエイジョイ,2020104648,C,202403010512
ミッキースピナッチ,2020101649,B,202403010512
タイセイタリスマン,2021106721,B,202403010601
ニシノジーク,2021107062,B,202403010601
ミスターディジェイ,2021104617,D,202403010601
アウトセイル,2021102738,B,202403010601
リスキリング,2021102026,C,202403010601
グランバイオレット,2021102055,C,202403010601
ビップライアン,2021100938,B,202403010601
ロロスピアー,2021102255,D,202403010601
モノノフノミチ,2021101867,C,202403010601
リアリータイト,2021104170,B,202403010601
キリシマジョイナー,2021109137,C,202403010601
キュールエカシス,2021100100,C,202403010601
ラブリエスト,2021106866,C,202403010601
ミスエル,2021106986,C,202403010601
ワークソング,2021102462,B,202403010601
サバイバルリベラル,2021101365,C,202403010601
シマイ,2021103286,C,202403010603
グランドセントラル,2021104422,B,202403010603
ジーティーロッソ,2021110100,C,202403010603
プルメリアクヒオ,2021103208,C,202403010603
アドマイヤポーシュ,2021105366,C,202403010603
キツネノヨメイリ,2021110094,C,202403010603
キープインマインド,2021105053,B,202403010603
ブルズアイ,2021100466,C,202403010603
ロードインフェルノ,2021101201,B,202403010603
ララモンストル,2021110066,B,202403010603
ダイゴリュウジン,2021106959,B,202403010603
アプローチ,2021100507,C,202403010603
フォレストゲート,2021101950,B,202403010603
ジョードプル,2021100065,D,202403010603
グレイトマジック,2021104157,C,202403010603
ウィウィルウィン,2021102347,B,202403010606
イイデカンタロウ,2021107123,B,202403010606
アルヴァレス,2021103041,B,202403010606
ダノンホダカ,2021101016,C,202403010606
オモカゲジョー,2021109094,B,202403010606
シュヴァイゲン,2021103886,B,202403010606
ヒメイチバン,2021102506,D,202403010606
レヴォントゥレット,2021103717,B,202403010606
デイムサンライズ,2021102223,C,202403010606
マイネルトゥルネー,2021106820,B,202403010606
カネコメファミリー,2021104151,B,202403010606
アールトラスト,2021101103,C,202403010606
タマモルル,2021107103,B,202403010606
アベベ,2021109113,C,202403010606
スターゲット,2021104392,C,202403010606
シュテルンロット,2020102876,B,202403010608
オランジー,2020103375,B,202403010608
ジュエルマイスター,2020107029,C,202403010608
オールマキシマム,2020100387,B,202403010608
タガノチョコラータ,2020105533,C,202403010608
レオキー,2020105074,B,202403010608
クリニエールグラス,2019103978,B,202403010608
ロンシャンクイーン,2020103274,B,202403010608
ミッキーマカロン,2020103403,B,202403010608
アステロイドメア,2020101709,C,202403010608
リノアラ,2019101620,B,202403010608
フェルンマンボ,2019105975,B,202403010608
フロスティクォーツ,2018103120,C,202403010612
クリノフラッグ,2019101187,C,202403010612
スマートハンター,2020104306,B,202403010612
ヒルズカーン,2020106166,C,202403010612
メレカリキマカ,2018104598,B,202403010612
ジャクソン,2020104354,C,202403010612
セブンスストリート,2020101594,C,202403010612
ヴェッキオカズマ,2020106404,B,202403010612
トゥルース,2020104479,B,202403010612
サンダーボール,2021100577,D,202403020102
ルルフィーユ,2021102894,B,202403020102
ペッシ,2021104634,B,202403020102
チーチャン,2021102825,B,202403020102
キタノローマン,2021102873,C,202403020102
セルース,2021105550,B,202403020102
ワールドジェニー,2021102011,D,202403020102
タマモルル,2021107103,B,202403020102
アースヒロイン,2021107294,C,202403020102
ウェルキン,2021105294,C,202403020102
ジェイエルジェティ,2021101833,B,202403020102
デュアルアップ,2021104681,C,202403020102
アーキル,2021106132,C,202403020102
ユズノキ,2021104570,C,202403020102
セージグリーン,2021104850,B,202403020102
デンティベス,2021105903,C,202403020103
ダイゴリュウジン,2021106959,B,202403020103
オンザジュピター,2021105087,B,202403020103
アドゥールグロー,2021101728,B,202403020103
ノアファラオ,2021104358,C,202403020103
ダンシングボビー,2021102229,C,202403020103
マクミランテソーロ,2021102276,C,202403020103
タキザクラ,2021100180,B,202403020103
クリノユウセイ,2021107337,D,202403020103
カマクラバクフ,2021106435,C,202403020103
ムーランボルドー,2021101486,B,202403020103
アイウィル,2021103502,C,202403020103
レッドライトニング,2021102200,B,202403020103
レボルシオン,2021103500,C,202403020103
ロジサビアーレ,2021104588,D,202403020103
ニシノケンタマン,2022106427,B,202403020106
セラヴィーナス,2022102079,C,202403020106
リトルサムシング,2022105636,B,202403020106
キョウエイウインド,2022102145,D,202403020106
デルタウェーブ,2022104146,A,202403020106
ナックトライアンフ,2022102362,D,202403020106
ブルーオブウインド,2022106405,D,202403020106
ダブルメッセージ,2022106337,C,202403020106
ラインパシオン,2022106190,B,202403020106
ユイノコキュウ,2021106583,C,202403020108
ポンサン,2020100838,C,202403020108
アスプリージャ,2021100761,C,202403020108
イモータルバード,2021100674,B,202403020108
コレクテイニア,2020110020,B,202403020108
ブリスフル,2021106070,B,202403020108
スプレーフォール,2021107266,B,202403020108
ダイオジェナイト,2021105432,C,202403020108
ヤマタケアオイバラ,2020102211,C,202403020108
ミツカネジェミニ,2021106896,C,202403020108
セイウンミライズ,2020106146,B,202403020108
トゥルース,2020104479,B,202403020108
マッスルバック,2021103809,C,202403020108
ロードレヴェランス,2021100155,B,202403020108
セッカチドラゴン,2021100759,C,202403020108
セリエル,2021104547,C,202403020112
グリントリッター,2021100328,B,202403020112
グローブフェイム,2020104105,C,202403020112
ヴォルスパシアル,2019102604,B,202403020112
ネバレチュゴー,2020106983,D,202403020112
ディーズメイト,2020100143,C,202403020112
ホーリーブライト,2021102458,B,202403020112
ドリームオン,2018104946,C,202403020112
スマートオリーブ,2019104059,C,202403020112
ダニエラハニー,2019105674,B,202403020112
サルモン,2020105983,B,202403020112
ヘレンキムゼー,2019104560,B,202403020112
パワポケビー,2019107007,C,202403020112
ホウオウベリテ,2019105753,C,202403020112
ダイチラファール,2019102469,C,202403020112
フィーリウスワン,2018101240,C,202403020112
ハクサンアップル,2021100758,C,202403020202
インサイダー,2021104954,B,202403020202
カリスイモン,2021100418,D,202403020202
キャンディタフト,2021103062,C,202403020202
クミンフレイバー,2021107237,C,202403020202
リオネラ,2021103258,C,202403020202
コウユーユメノヨウ,2021101194,C,202403020202
イチナイス,2021101022,D,202403020202
ココリロビン,2021103066,B,202403020202
カナデルファンク,2021102796,C,202403020202
サンライトムゲン,2021106267,C,202403020202
タイムレスブルーム,2021103475,C,202403020202
リンクスクードボル,2021104004,C,202403020202
シンガプーラ,2021101696,B,202403020202
グラスチアー,2021104548,C,202403020202
ファビュラスロード,2021107176,B,202403020202
コッレヴェッキオ,2021105730,B,202403020204
バスターウルフ,2021103038,B,202403020204
ビッグブロック,2021101034,C,202403020204
グラスフェロー,2021103906,C,202403020204
ルミナスビューティ,2021103294,D,202403020204
アカキチノイレブン,2021104644,C,202403020204
バルダンツァ,2021102595,B,202403020204
バティックオーレ,2021104664,D,202403020204
イデアパシオン,2021104016,C,202403020204
マジックモーメント,2021100998,B,202403020204
ユアグローリー,2021104794,C,202403020204
エースアンドキング,2021106979,C,202403020204
ホウオウフロイト,2021103549,B,202403020204
アルヴィア,2021106965,C,202403020204
パーシステンス,2021107376,C,202403020204
シュヴァルツナーガ,2020103897,D,202403020208
レジュークレール,2020104818,B,202403020208
クリノユキツバキ,2019102013,C,202403020208
バイロイト,2019101920,B,202403020208
アパイシュナール,2021100005,B,202403020208
リーチユアドリーム,2021105149,A,202403020208
サイモンブーケ,2020102317,C,202403020208
サンロレンツォ,2021106759,C,202403020208
エスジースパークル,2020100130,C,202403020208
ノーブルミステリー,2020106429,C,202403020208
フェデラルスタイル,2021105032,B,202403020208
ローズパンラズナ,2021101407,B,202403020208
トゥピ,2020106776,C,202403020208
ナンヨーヴィヨレ,2018105748,C,202403020210
ブーバー,2020102840,C,202403020210
サノノエスポ,2020102161,B,202403020210
ニシキギミッチー,2020105144,B,202403020210
サヨノフィールド,2019104316,C,202403020210
シグナルファイアー,2020101228,C,202403020210
ダディーズトリップ,2016100126,B,202403020210
オメガオリーブ,2019105795,B,202403020210
エバーハピネス,2020103240,B,202403020210
クリニクラウン,2020100934,B,202403020210
バックトゥザライト,2020102687,B,202403020210
クリーンドリーム,2018100440,D,202403020210
ビヨンドザシーン,2018106610,C,202403020210
エグマリーヌ,2021106633,B,202403020303
アズベリー,2021101732,B,202403020303
メイザーキック,2021105060,C,202403020303
ゴールドブラボー,2021106882,C,202403020303
アイリータイム,2021104546,D,202403020303
ジャンル,2021101205,C,202403020303
ネオバラード,2021101865,B,202403020303
エコロカレン,2021103484,C,202403020303
タマモポロネーズ,2021104523,B,202403020303
リプレイ,2021104371,B,202403020303
グランソシエ,2021105034,B,202403020303
ソルベット,2021103813,B,202403020303
フィロンドール,2021106700,C,202403020303
ステラカフェ,2021102839,B,202403020303
フィールザクイーン,2021105924,C,202403020303
コスモフレディ,2021100730,C,202403020307
アルファウィンザー,2021100432,C,202403020307
トクシージェネラル,2021107279,B,202403020307
リムショット,2021105656,C,202403020307
ユウキヒャクバイ,2021101644,C,202403020307
フリーマントル,2021104868,B,202403020307
プルメリアクヒオ,2021103208,C,202403020307
サクブット,2021100729,C,202403020307
ダリボルカ,2021105115,C,202403020307
アメリカンランナー,2021110121,C,202403020307
ナムラバンチー,2021101826,B,202403020307
パリプラージュ,2021110009,B,202403020307
チャーチルテソーロ,2021102286,B,202403020307
ハクシュ,2021107009,C,202403020307
ホーハイト,2021100293,B,202403020307
デルマオニキス,2017100811,C,202403020311
カンピオーネ,2019100286,B,202403020311
プラウドヘリテージ,2019101875,B,202403020311
ラズルダズル,2017105602,B,202403020311
カズプレスト,2019102869,B,202403020311
イーサンバーニング,2019104192,C,202403020311
オンザライン,2018104646,B,202403020311
アイファーテイオー,2020101275,C,202403020311
カランセ,2019105634,C,202403020311
ロードバルドル,2019100410,C,202403020311
ショウナンライシン,2020103148,C,202403020311
トップスティール,2019106387,C,202403020311
ベンテイガ,2019105996,D,202403020311
リチャ,2020105650,B,202403020311
サイモンザナドゥ,2020104497,B,202403020311
ヨッコサン,2021103441,C,202403020312
イーサンハンター,2021104362,C,202403020312
ガラスノブルース,2021104276,B,202403020312
ゼウスビスティー,2020100950,B,202403020312
タイセイアーメット,2018101198,D,202403020312
ベルウッドワン,2021100641,C,202403020312
ベニシア,2021100662,C,202403020312
ソニックロプロス,2021104038,C,202403020312
キャロライナリーパ,2018105102,B,202403020312
ハクサンアイ,2020106586,C,202403020312
ハヌル,2021103343,B,202403020312
エコロセブン,2021103370,C,202403020312
サリーピルエット,2020100462,B,202403020312
マケズギライ,2021102516,C,202403020312
ゴットリープ,2020101319,B,202403020312
ラッキーガブリエル,2019102439,C,202403020312
カプリアズーラ,2021106414,B,202403020402
リワードファラオン,2021103385,C,202403020402
レッドレフィナード,2021104802,B,202403020402
ミーハ,2021104410,D,202403020402
ボムポット,2021100870,C,202403020402
ケイツーバルボア,2021105990,B,202403020402
ミラクルジニア,2021103301,B,202403020402
クレアツィオーネ,2021102427,C,202403020402
ダイアヴィック,2021107069,C,202403020402
シュウズダイヤ,2021104934,C,202403020402
カラーオブワンダー,2021102790,D,202403020402
ヘインズポイント,2021105734,B,202403020402
ミツカネトーラス,2021106900,C,202403020402
サンカルミア,2021101305,B,202403020402
オウケンヴィーナス,2021105451,C,202403020402
ヘルミーネ,2021105437,C,202403020404
テイエムエール,2021103395,C,202403020404
ナンヨーシュート,2021103693,D,202403020404
エテルノアキーロ,2021106007,C,202403020404
ツクバアプローズ,2021100211,C,202403020404
メイブルーム,2021109098,B,202403020404
タッカーバレット,2021103994,B,202403020404
ポジティブスピン,2021103516,C,202403020404
フォルスタクラス,2021101739,B,202403020404
ギガストーム,2021106256,B,202403020404
ラブリエスト,2021106866,B,202403020404
プエルトプラタ,2021104093,D,202403020404
マサノヒーロー,2021101800,C,202403020404
ボールジー,2021104380,D,202403020404
ラッキーアメリカン,2021101698,B,202403020404
ネオゴールド,2021106064,C,202403020404
レイズトワイライト,2021100589,C,202403020408
ダイヤモンドナイツ,2021107238,C,202403020408
デフィニティーボ,2021105929,B,202403020408
リフレクトザムーン,2021104635,C,202403020408
ビーティングハート,2020102219,C,202403020408
サトノアインス,2021105582,B,202403020408
オブシディアン,2020100307,C,202403020408
ディアスポラ,2021102498,B,202403020408
トリオンファーレ,2020102771,B,202403020408
カムランベイ,2020101803,B,202403020408
メダルラッシュ,2020102668,B,202403020408
タニセンドリーム,2021106057,B,202403020408
インザストーン,2020105489,C,202403020408
ユイノマチブセ,2020105147,C,202403020408
タンゴノアール,2021104256,C,202403020408
サトミノマロン,2019101661,C,202403020410
サイモンメガライズ,2018101175,C,202403020410
トウキチロウ,2020104237,B,202403020410
アイアムイチリュウ,2017101159,B,202403020410
スズノテレサ,2019104861,C,202403020410
アイファーグローブ,2019101330,B,202403020410
ジョージテソーロ,2021102078,B,202403020410
ヴィブラツィオーネ,2019104928,C,202403020410
タマモヴェナトル,2020104864,B,202403020410
アメリカンエール,2018110132,C,202403020410
フェズカズマ,2019105218,D,202403020412
プルスウルトラ,2018106613,C,202403020412
メイショウカゼマチ,2020106534,B,202403020412
ロープスピニング,2019104952,B,202403020412
エイシンケプラー,2020106249,C,202403020412
フェイマスドクター,2020106047,C,202403020412
ザアトム,2019101266,B,202403020412
エコロドゥネス,2020102731,B,202403020412
カイタロー,2019103063,B,202403020412
キュムロンニンバス,2018106597,C,202403020412
コラリン,2019105476,C,202403020412
ストリンジェンド,2020102702,B,202403020412
リーゼントミニー,2020100914,B,202403020412
エナジーロッソ,2018106569,A,202403020412
スマートアイ,2020106877,C,202403020412
ショウナンアビアス,2020104597,B,202403020412
アグリアス,2021105672,C,202403020502
ケープウィッカム,2021105896,B,202403020502
モディリアーニ,2021105346,B,202403020502
アジャスト,2021107059,B,202403020502
ヴェヌーセ,2021103477,C,202403020502
キョウエイフロイデ,2021101053,C,202403020502
クーデピンヌ,2021101317,C,202403020502
ヒロインコール,2021103817,C,202403020502
カレンタクト,2021104128,B,202403020502
シトリンクォーツ,2021105080,B,202403020502
ペッシ,2021104634,B,202403020502
ルージュベルベット,2021105749,B,202403020502
ディヴァイネスト,2021105816,B,202403020502
エピックストーリー,2021104863,B,202403020502
ドナウワルツ,2021105679,C,202403020502
ライーナシェリー,2021100033,C,202403020503
ムーンヘイロー,2021107321,C,202403020503
ルルフィーユ,2021102894,C,202403020503
ペンタクン,2021101564,B,202403020503
アイビーサムライオ,2021100740,B,202403020503
メインストリーム,2021106609,B,202403020503
タマディープ,2021102302,C,202403020503
ホウオウラムセス,2021103487,B,202403020503
スグラフィート,2021104127,B,202403020503
ピュアバブル,2021103829,C,202403020503
ダノンストラーダ,2021104763,B,202403020503
オセアハートマン,2021101569,B,202403020503
ルミナスアイ,2021109176,B,202403020503
グラスフェロー,2021103906,D,202403020503
シャドウルパン,2021104797,B,202403020503
レジーナローズ,2020104174,C,202403020507
タイセイピューマ,2021106119,B,202403020507
ショウナンハクウン,2020103670,C,202403020507
カフェブルーム,2020103552,C,202403020507
クイーンアポーン,2019104128,C,202403020507
セキテイオー,2019101351,B,202403020507
シークレットヴァウ,2021102413,C,202403020507
ヨーカイディスコ,2021101535,B,202403020507
キャンドルベリー,2019101644,B,202403020507
チェイスザウェイ,2020104111,B,202403020507
オーサムデアラー,2020102952,B,202403020507
パレスドフィーヌ,2021105373,B,202403020507
コウユーユメノヨウ,2021101194,B,202403020507
アシセバイラ,2021104896,C,202403020507
トニーテソーロ,2021106033,C,202403020507
クインズポラリス,2021102371,B,202403020507
アッティーヴォ,2014104716,D,202403020511
エクロジャイト,2020103295,B,202403020511
サイクロトロン,2017105282,B,202403020511
メタマックス,2020110131,B,202403020511
タイセイブレイズ,2018102969,B,202403020511
マニバドラ,2020110105,B,202403020511
メイショウミツヤス,2018106147,B,202403020511
パウオレ,2019100242,B,202403020511
シゲルホサヤク,2018103362,C,202403020511
イスラアネーロ,2019105741,B,202403020511
ハコダテブショウ,2018101878,C,202403020511
ナックドロップス,2019103274,B,202403020511
メイショウミライ,2015103109,C,202403020511
ジェイエルマリーナ,2021101822,C,202403020604
レモンシフォン,2021103685,D,202403020604
エイシンポップ,2021103962,C,202403020604
ココロノイロ,2021102782,B,202403020604
コライユ,2021106891,C,202403020604
ペイシャスウィフト,2021102639,C,202403020604
ペイシャツネ,2021106009,C,202403020604
シーニックビュー,2021105229,C,202403020604
キラリピカリ,2021103905,C,202403020604
ウヌボレヤサン,2021104052,C,202403020604
リコリコ,2021105848,B,202403020604
カシノレッヒエルン,2021100812,C,202403020604
クールソル,2021104325,C,202403020604
アイスブレイカー,2021103332,B,202403020604
ハツワカ,2021106693,C,202403020604
セキセイ,2021106253,D,202403020604
チョウノミツツボ,2022103325,C,202403020606
タワーリシチ,2022106093,C,202403020606
ミヤマテウス,2022103769,C,202403020606
ケイアイマハナ,2022106584,B,202403020606
ハルノアラシ,2022106099,B,202403020606
ノアプレスリー,2022107087,B,202403020606
コパノオーランド,2022102376,C,202403020606
テイエムダイスター,2022103744,C,202403020606
ヤウガウ,2017105433,C,202403020609
レリッシュ,2021101385,C,202403020609
モントブレッチア,2019106419,B,202403020609
シグナルファイアー,2020101228,C,202403020609
ホウオウドラッカー,2020103605,C,202403020609
ピックアップライン,2020103088,B,202403020609
レオカクテル,2018106144,C,202403020609
エスティメート,2019102648,C,202403020609
アドバンスドリーム,2019110087,B,202403020609
オメガエリタージュ,2017104706,B,202403020609
フェザーモチーフ,2020103293,B,202403020609
クリノアルバトロス,2020101983,B,202403020609
ナムラテディー,2020101950,B,202403020612
エアロソニック,2021100409,C,202403020612
プルナチャンドラ,2021100329,C,202403020612
クルル,2019106842,C,202403020612
ロジアデレード,2021105360,A,202403020612
メッエフアパラ,2021106066,B,202403020612
レッドアウレア,2018104857,C,202403020612
メジャーレーベル,2021100304,C,202403020612
ウンガイソウテン,2021104456,B,202403020612
ハンデンカイザー,2021102456,C,202403020612
ウッドショック,2019106923,B,202403020612
タイセイアディクト,2021106126,B,202403020612
プレミアペガサス,2020104020,C,202403020612
バンブトンプロ,2020106562,C,202403020612
グロバーテソーロ,2021101147,B,202403020612
クニノハッピー,2022105990,B,202403020701
ビップジェシー,2022103776,D,202403020701
バム,2022103327,C,202403020701
ブルーオブウインド,2022106405,C,202403020701
リトルサムシング,2022105636,C,202403020701
アニーブレイク,2022103824,C,202403020701
ナックトライアンフ,2022102362,B,202403020701
リネンドライブ,2022101185,C,202403020701
ニシノケンタマン,2022106427,C,202403020701
デルタウェーブ,2022104146,B,202403020701
カイトヴィント,2022102991,C,202403020701
アイビーヒメチャン,2022103959,C,202403020701
ダテヒリュウ,2022100447,C,202403020701
マンマミーア,2021103317,B,202403020704
スズノアムール,2021104499,C,202403020704
スオードカット,2021100716,B,202403020704
ダイゴリュウジン,2021106959,B,202403020704
ヴィーリヤ,2021107328,B,202403020704
ジェイエルジェティ,2021101833,B,202403020704
マルチライセンス,2021105673,C,202403020704
カミノケンシン,2021109071,C,202403020704
サブリエ,2021100249,C,202403020704
ゲンパチマッケン,2021102649,C,202403020704
コスモフレディ,2021100730,B,202403020704
ゴールデンオスカー,2021101235,B,202403020704
サウンドロックス,2021110155,C,202403020704
ヤマタケプレーダ,2021102485,B,202403020704
レッドライトニング,2021102200,C,202403020704
ソウキュウ,2021106800,C,202403020708
クリノキューチャン,2019106815,C,202403020708
デイズオブドリーム,2020103079,B,202403020708
カフェアローロ,2021100469,B,202403020708
エスジースパークル,2020100130,B,202403020708
ターコイズデュー,2020101377,C,202403020708
ツインビスケッツ,2020102949,C,202403020708
ヌマ,2019100570,C,202403020708
ノーブルマルシェ,2020104636,B,202403020708
ゲンパチエトワール,2021100412,C,202403020708
ブエナディオサ,2019106938,C,202403020708
ルルディルッカ,2021102391,D,202403020708
バロネッサ,2021105788,A,202403020708
サンセットブライト,2021102753,B,202403020708
フラーハ,2021106734,B,202403020708
エスカル,2021110069,B,202403020711
ロレンツォ,2018103341,C,202403020711
メイショウイジゲン,2018106391,B,202403020711
コスモノアゼット,2018102181,C,202403020711
ダテボレアス,2019103562,B,202403020711
グリュースゴット,2018104392,D,202403020711
サザンエルフ,2019102011,B,202403020711
イルクオーレ,2018106077,C,202403020711
ロードオブザチェコ,2018103641,C,202403020711
マーブルマカロン,2020100818,B,202403020711
ミラバーグマン,2018103738,B,202403020711
ミレヴィーナス,2019105847,B,202403020711
ビルカール,2020105250,C,202403020711
エレガントムーン,2020103643,C,202403020711
ホワイトガーベラ,2019101295,D,202403020711
ルクルト,2017100452,C,202403020711
イサチルカゼニタツ,2021101322,B,202403020712
ヨドノドリーム,2017103084,C,202403020712
ジャクソン,2020104354,B,202403020712
テンコマンドゥール,2020102849,C,202403020712
アッティラ,2020102185,B,202403020712
トライデント,2021102793,B,202403020712
ネイサン,2021104722,C,202403020712
モナコブル,2021109096,C,202403020712
イモータルバード,2021100674,B,202403020712
ベルイストワール,2021100606,B,202403020712
ユイノコキュウ,2021106583,C,202403020712
ゴールドアローン,2021106874,B,202403020712
オブシディアン,2020100307,B,202403020712
サンダーアラート,2021101671,B,202403020712
レジュークレール,2020104818,B,202403020712
マクミランテソーロ,2021102276,B,202403020802
レッドレフィナード,2021104802,C,202403020802
ルージュグレイシア,2021105314,C,202403020802
クラウンライジング,2021101247,B,202403020802
ブルーシープ,2021104563,D,202403020802
ネオエトワール,2021100028,B,202403020802
エースアンドキング,2021106979,B,202403020802
トクシージェネラル,2021107279,B,202403020802
パレスパートナー,2021102357,C,202403020802
バスターウルフ,2021103038,B,202403020802
バルダンツァ,2021102595,B,202403020802
バンビーノデオーロ,2021105684,B,202403020802
サイレントヴォイス,2021105017,D,202403020802
アズベリー,2021101732,B,202403020802
ケイツーバルボア,2021105990,C,202403020802
シンガプーラ,2021101696,C,202403020804
リオネラ,2021103258,B,202403020804
オセアルクレット,2021103464,D,202403020804
マケタラアカン,2021103101,B,202403020804
サユリバナ,2021102970,C,202403020804
ゴーゴーケイコ,2021106562,B,202403020804
タッカーバレット,2021103994,B,202403020804
ナイトクラウン,2021105854,B,202403020804
ヘルツシュラーク,2021104206,C,202403020804
ペレストリーナ,2021100129,C,202403020804
プレイフルネス,2021107141,B,202403020804
ファビュラスロード,2021107176,B,202403020804
ライネスヘルツ,2021105181,D,202403020804
サベージラヴ,2021103748,C,202403020804
テイエムエール,2021103395,C,202403020804
ミスエル,2021106986,B,202403020804
イーサンハンター,2021104362,B,202403020808
キャロライナリーパ,2018105102,B,202403020808
レイデルマール,2018101744,C,202403020808
キーフェイス,2016100484,D,202403020808
シントーハナノボス,2021103953,C,202403020808
ゴールデンシーカー,2019100899,C,202403020808
フスカル,2020110128,B,202403020808
ヴィクトリーロード,2020103931,C,202403020808
イロハニオエ,2019100354,B,202403020808
ハクサンアイ,2020106586,B,202403020808
オンザスカイ,2020103055,B,202403020808
ヴェサリウス,2021104401,C,202403020808
ヘレンキムゼー,2019104560,B,202403020808
モービルテソーロ,2021102285,B,202403020808
サルモン,2020105983,B,202403020808
マーゴットファブ,2021106722,B,202403020808
サイモンギフト,2020100639,C,202403020810
シルヴァーゴースト,2020106750,C,202403020810
エナジーロッソ,2018106569,B,202403020810
ニーナブランド,2020100272,B,202403020810
マイアミュレット,2019106730,B,202403020810
シックザイン,2019103887,B,202403020810
チュウワスプリング,2020102391,C,202403020810
ロープスピニング,2019104952,B,202403020810
タッカーシルバー,2019100898,B,202403020810
ネバレチュゴー,2020106983,B,202403020810
チュウワキャリア,2021102295,B,202403020810
グレタ,2019102761,C,202403020810
サザンステート,2019101185,B,202403020810
カリュウ,2019106714,C,202403020810
ミユキアイラブユー,2019105058,C,202403020810
スイートカルデア,2018105803,C,202403020810
オウケンムーン,2015105033,C,202403020811
ハギノアトラス,2016102663,B,202403020811
マリオロード,2019101198,B,202403020811
メイショウユズルハ,2019104089,C,202403020811
ミファヴォリート,2019105455,B,202403020811
ライラボンド,2019105913,B,202403020811
ショウナンライシン,2020103148,B,202403020811
ホウオウノーサイド,2019105775,B,202403020811
デンコウリジエール,2017103165,B,202403020811
ロバートソンキー,2017101707,B,202403020811
ジャスパーゴールド,2018110126,B,202403020811
メイショウテンスイ,2017106084,B,202403020811
エーティーマクフィ,2019105859,B,202403020811
ケンシンコウ,2017103641,D,202403020811
ディパッセ,2019105609,C,202403020811
ロワゾブルーチヌ,2022104140,C,202403030101
オリエンタルボーイ,2022101893,D,202403030101
テーオーシュタルク,2022104708,C,202403030101
アルムチャーチル,2022106567,B,202403030101
ブルータス,2022103703,C,202403030101
レイラインシチー,2022103790,B,202403030101
セブンスウェイ,2022101791,C,202403030101
レッドベルダンス,2022104897,B,202403030101
ムゾラシカ,2022109125,C,202403030101
スナドケイ,2022103751,C,202403030101
ムーンストラック,2022104187,B,202403030101
ソルトチューダ,2022105914,B,202403030101
ブレトワルダ,2022102965,B,202403030101
チュウワチーフ,2022110117,C,202403030101
ハクサンミラクル,2022100325,B,202403030101
ペレグリン,2021100906,B,202403030104
カンフーダンス,2020102639,B,202403030104
ハッピーダンス,2021105916,B,202403030104
ハクサンアイ,2020106586,C,202403030104
クイーンアポーン,2019104128,C,202403030104
セットリスト,2019105271,C,202403030104
ハローメリールー,2019101273,B,202403030104
アイスリンディ,2021103575,B,202403030104
マサレエトワール,2021104834,B,202403030104
スマイルバック,2019105174,B,202403030104
ダノンフレア,2020103469,B,202403030104
フォルクスリート,2021105571,C,202403030104
クリノハニー,2019102171,D,202403030104
サンダーアリュール,2021109069,C,202403030104
オンザヴィーナス,2021105057,D,202403030104
フリントロック,2020103844,B,202403030104
リオンエトワール,2020102589,C,202403030106
ダンツドール,2021100112,B,202403030106
ヒットアンドロール,2021104974,C,202403030106
リアンクトワ,2021103293,C,202403030106
フィッツジェラルド,2021105305,C,202403030106
テトラード,2021104999,C,202403030106
ウインメラナイト,2021106196,B,202403030106
アマートカヴァロ,2020103754,C,202403030106
ジーティージン,2021100119,D,202403030106
コンテソレーラ,2021105449,B,202403030106
マルチライセンス,2021105673,C,202403030106
ヴォランテ,2020100593,C,202403030106
プラムダンディ,2021100389,B,202403030108
ポワンキュルミナン,2020102955,B,202403030108
エスジースパークル,2020100130,C,202403030108
フリッパー,2020100078,C,202403030108
リゼレインボー,2019102676,C,202403030108
ノーブルアクト,2020104744,B,202403030108
ヘヴンリーハンド,2021106910,B,202403030108
トゥピ,2020106776,C,202403030108
ダイタジャスティス,2021102954,B,202403030108
マッスルバック,2021103809,B,202403030108
ウィンウッドテール,2020106837,C,202403030108
アイファーシアトル,2020107113,B,202403030111
エランティス,2020104429,B,202403030111
スタードラマー,2020102238,D,202403030111
レアグリフォン,2021103556,B,202403030111
ダテボレアス,2019103562,C,202403030111
メイショウイジゲン,2018106391,C,202403030111
ラインガルーダ,2017106295,C,202403030111
ミラバーグマン,2018103738,B,202403030111
スマートアイ,2020106877,B,202403030111
クロデメニル,2019110103,B,202403030111
ロードオブザチェコ,2018103641,C,202403030111
メルシー,2019100451,C,202403030111
クリダーム,2020106406,B,202403030111
オーロベルディ,2019103162,C,202403030111
グリュースゴット,2018104392,C,202403030111
ハンベルジャイト,2020103367,B,202403030111
セラード,2022106024,C,202403030201
テントウムシサンバ,2022104298,C,202403030201
ボヌールキャッツ,2022105124,B,202403030201
レーヴレジェンド,2022101409,C,202403030201
カズノマリア,2022106696,C,202403030201
スターアイズ,2022104493,B,202403030201
ブルドッグキング,2022101616,B,202403030201
ウインレアリゼ,2022106235,B,202403030201
エスパノーラ,2022105675,C,202403030201
カリスパール,2022106035,B,202403030201
キーソナタ,2022102570,B,202403030201
モーニングスター,2022106335,C,202403030201
ホウヨウムーン,2022102024,B,202403030201
ニッシンゲッポ,2022102356,D,202403030201
ゴメンネジロー,2022100819,B,202403030201
クリスタルテン,2022102442,C,202403030201
マルモルミエール,2020106311,C,202403030203
レッドアウレア,2018104857,C,202403030203
サノノゴールド,2021102067,C,202403030203
サリュエ,2021101650,B,202403030203
スマートハンター,2020104306,B,202403030203
エコロカレン,2021103484,C,202403030203
タケノシンセイ,2021100376,C,202403030203
グランドセントラル,2021104422,B,202403030203
イラーナ,2021107166,B,202403030203
ツインビスケッツ,2020102949,C,202403030203
アイファーファイト,2019101233,B,202403030203
タカサンフェイス,2020101913,B,202403030203
エイブラムス,2021100260,D,202403030203
タッケンイッキ,2020104524,C,202403030203
シントーハナノボス,2021103953,C,202403030203
ミラクルブルー,2022103587,B,202403030206
ラブリールチア,2022102212,C,202403030206
サトノシャムロック,2022104967,B,202403030206
ドゥドゥ,2022103196,B,202403030206
オタマジャクシ,2022106494,C,202403030206
シーソーゲーム,2022110145,C,202403030206
リュミナーズ,2022101465,B,202403030206
ベンメリア,2022103321,C,202403030206
オーケーイーグル,2022100430,C,202403030206
ライジンシチー,2022107210,C,202403030206
ブレスドナイル,2022110061,C,202403030206
ディオスパーダ,2022100413,C,202403030206
サンズ,2022103378,B,202403030206
ツインギ,2022105956,C,202403030206
レヴィストーン,2022105204,C,202403030206
スプレーフォール,2021107266,C,202403030210
ヒルズカーン,2020106166,B,202403030210
シャドウレディー,2020102990,C,202403030210
クロースコンバット,2019105188,B,202403030210
リュクスウォリアー,2017100447,B,202403030210
ブーバー,2020102840,B,202403030210
タガノアレハンドラ,2020105552,B,202403030210
トリグラフ,2019103410,B,202403030210
コスモコラッジョ,2018106035,C,202403030210
ユイノマチブセ,2020105147,B,202403030210
メジャークオリティ,2019104913,C,202403030210
サヴァビアン,2018103473,B,202403030210
タマモヴェナトル,2020104864,B,202403030210
タシロ,2017104262,C,202403030210
ウィズザドリーム,2020102575,C,202403030210
アメリカンマーチ,2021110136,B,202403030212
パレフォーコン,2019100683,B,202403030212
アイファーベア,2018100107,C,202403030212
ゴールデンシーカー,2019100899,C,202403030212
ジェイエルバルカー,2020100131,C,202403030212
モネ,2019101749,,202403030212
スターチスブーケ,2021110075,B,202403030212
ゲキザル,2019102102,C,202403030212
アウゲンブリック,2019101531,C,202403030212
スナイチゴールド,2020106457,B,202403030212
シンデレラスマイル,2020104824,C,202403030212
サードウインド,2022104546,B,202403030301
ライヴドライバー,2022105609,C,202403030301
ユウオウマイシン,2022106921,C,202403030301
ゼンダンタカ,2022106187,C,202403030301
エソテリック,2022103340,C,202403030301
ワイドレッド,2022100109,B,202403030301
ブルドッグワイルド,2022101232,B,202403030301
ブリックダルジャン,2022105760,C,202403030301
ポップグルーヴ,2022103443,B,202403030301
コモモチャン,2022100006,C,202403030301
コパノハーン,2022104101,C,202403030301
リュウノヒルド,2022107028,B,202403030301
クールマーロウ,2022100841,C,202403030301
フェアリーブルー,2022101180,B,202403030302
フェイトライン,2022104992,B,202403030302
アメージング,2022107287,B,202403030302
カゼノタカトシ,2022107226,B,202403030302
ヒカリスペクトル,2022106429,D,202403030302
ニシノブレイゼスト,2022107011,B,202403030302
ガールネクストドア,2022103326,C,202403030302
ミルトオーケストラ,2022100987,C,202403030302
ボールドハーテッド,2022103551,C,202403030302
ゲンタツ,2022100932,C,202403030302
ヴィーデ,2022100548,B,202403030302
キョウエイスレーヴ,2022103472,B,202403030302
ユイノクニマレ,2022100802,D,202403030302
ロードシュヴァリエ,2022102639,C,202403030302
ダオラダオラ,2020104336,B,202403030304
ビヨンドザリミット,2019105440,C,202403030304
ウインラウダ,2021106206,B,202403030304
ダノンペドロ,2020103453,B,202403030304
エアロソニック,2021100409,B,202403030304
リオンエトワール,2020102589,C,202403030304
ライヴァル,2020104926,C,202403030304
シーリュウシー,2021106180,C,202403030304
タケルゴールド,2021100884,C,202403030304
アンノウンウォリア,2019100577,C,202403030304
ユアフラッシュ,2020102594,C,202403030304
ララプロフォン,2020105841,B,202403030307
ルルディルッカ,2021102391,C,202403030307
バッファローライズ,2021103754,C,202403030307
ラセーヌシュメール,2021105260,B,202403030307
ピリー,2021100526,B,202403030307
ワタシダケドナニカ,2020103918,C,202403030307
ファイアネイド,2020101823,B,202403030307
ルージュルミナス,2019105232,B,202403030307
プロテア,2020104206,B,202403030307
カラフルメロディー,2021103219,B,202403030307
キボウノホシ,2019101165,B,202403030307
ゼンノツキヨミ,2021106983,C,202403030307
シャーンゴッセ,2020106930,B,202403030307
マーゴットファブ,2021106722,C,202403030307
シャカシャカシー,2021101237,B,202403030307
ゲラウィン,2020103211,C,202403030307
シークレットキー,2021105489,C,202403030311
ビオグラフィア,2018105471,B,202403030311
ライジングラパス,2020109096,B,202403030311
ラニカイ,2019100635,D,202403030311
ゴッドブルービー,2020106063,B,202403030311
カシノブレンド,2016100297,B,202403030311
ティアップリオン,2018103133,B,202403030311
メイショウホマレ,2019103401,B,202403030311
グラストンベリー,2019103004,C,202403030311
エスティメート,2019102648,D,202403030311
サノノエスポ,2020102161,B,202403030311
リフレクトザムーン,2021104635,B,202403030311
レッドラマンシュ,2019103920,B,202403030311
ストライク,2020105869,B,202403030311
アイファーテイオー,2020101275,B,202403030311
カンバーランド,2021105709,B,202403030401
トウロウノオノ,2020105578,C,202403030401
ケープウィッカム,2021105896,C,202403030401
デイズオブドリーム,2020103079,B,202403030401
ミランカ,2021101002,C,202403030401
アルムエアフォルク,2020105540,B,202403030401
ベルダイナフェロー,2021102982,B,202403030401
ミレニアムヒロイン,2021103480,C,202403030401
サンセットブライト,2021102753,B,202403030401
パルクリチュード,2020103361,B,202403030401
ブエナディオサ,2019106938,C,202403030401
レオキー,2020105074,B,202403030401
レーヴドレフォン,2021105895,B,202403030401
ワタシデイイデスカ,2020105282,C,202403030401
ランスノーブル,2020101250,B,202403030401
クヴェレ,2021106940,B,202403030403
ワンダーウィルク,2019103092,B,202403030403
アベベ,2021109113,C,202403030403
リュクススティール,2020102944,B,202403030403
セブンスストリート,2020101594,B,202403030403
カレンマウラー,2021101577,C,202403030403
ブルスケッタ,2021100410,C,202403030403
マシュー,2021104738,C,202403030403
クラウンシエンタ,2021101253,C,202403030403
メイショウソムリエ,2021102980,B,202403030403
ラッキーヤース,2021101081,B,202403030403
レッドライトニング,2021102200,B,202403030403
キングベルベット,2021104320,B,202403030403
マーベリックシチー,2021100387,B,202403030403
ベイビールビオ,2019103592,B,202403030403
クラウンジュエル,2022101812,D,202403030406
ツァガーンサル,2022105095,C,202403030406
ロングウェイホーム,2022101634,C,202403030406
バルジール,2022105705,B,202403030406
アリーワーク,2022101325,B,202403030406
カフェノーチェ,2022100949,C,202403030406
トンヤイビーン,2022103116,B,202403030406
ラナイ,2022105960,C,202403030406
ヤマニンエボルブ,2022100395,D,202403030406
シャトーホークビル,2022107268,D,202403030406
スピアッジャローザ,2022103537,C,202403030406
マブアンドフェール,2022100326,C,202403030406
グロワールスカイ,2022106077,C,202403030406
ヒットミー,2022104394,B,202403030406
ハズムリズム,2022103158,D,202403030406
アセレラシオン,2021106689,C,202403030410
メイショウコボケ,2020106209,B,202403030410
オールマキシマム,2020100387,B,202403030410
コスモオピニオン,2020101258,B,202403030410
サムハンター,2018105996,B,202403030410
プレイサーゴールド,2020100053,C,202403030410
ケイアイメキラ,2020104215,B,202403030410
インテンソ,2020103636,B,202403030410
スズノテレサ,2019104861,B,202403030410
タイセイミッション,2021101045,B,202403030410
オウギノカナメ,2020106873,B,202403030410
アッティラ,2020102185,B,202403030410
トーアライデン,2020103168,B,202403030410
アイファーグローブ,2019101330,C,202403030410
ヴァンヴィーヴ,2021101399,B,202403030410
スノーホルンロード,2019106520,C,202403030412
キャンドルマス,2021101624,B,202403030412
カゲツ,2020102086,C,202403030412
ウインバリオス,2019100195,C,202403030412
コスモジョセフ,2020105277,B,202403030412
イミュータブル,2020104346,C,202403030412
ルージュアズライト,2020101610,B,202403030412
シークレットヴァウ,2021102413,B,202403030412
イモータルフェイム,2019104486,B,202403030412
カツノテンス,2020105525,C,202403030412
イナフセド,2020101833,B,202403030412
ハッピーパンニャ,2020104340,B,202403030412
ショウナンハクウン,2020103670,C,202403030412
ホウオウジュビリー,2020103710,B,202403030412
サンマルブーケ,2021101120,C,202403030412
グレイスカリヨン,2020100558,C,202403030412
ゴットリープ,2020101319,C,202403030501
ハクサンアイ,2020106586,B,202403030501
エスグラシア,2019105830,B,202403030501
ダイチラファール,2019102469,B,202403030501
サザンレイク,2020101481,C,202403030501
フォートボヤール,2021105907,D,202403030501
シュークリーム,2021104404,B,202403030501
エコロエイト,2021110104,B,202403030501
キャンドルベリー,2019101644,B,202403030501
パレフォーコン,2019100683,C,202403030501
カンフーダンス,2020102639,B,202403030501
ペイシャスウィフト,2021102639,C,202403030501
クインズポラリス,2021102371,B,202403030501
パイリヴレ,2020105326,B,202403030501
シャーンゴッセ,2020106930,C,202403030501
アウゲンブリック,2019101531,C,202403030501
マタミカンサン,2022103785,B,202403030502
アニラ,2022105800,B,202403030502
ノワスティエ,2022105361,C,202403030502
サンコンクエスト,2022104970,B,202403030502
チョウリニア,2022100491,D,202403030502
ダカラフェスティヴ,2022104378,C,202403030502
ナリタヒカリ,2022102739,C,202403030502
ラブリールチア,2022102212,B,202403030502
ココマドンナ,2022100240,C,202403030502
イクアンロー,2022105596,C,202403030502
コトリノサエズリ,2022106858,C,202403030502
クレベール,2022102955,B,202403030502
ユージュアーナ,2022102952,C,202403030502
タドウリョク,2022104373,C,202403030502
フミマーズ,2022106154,C,202403030502
エクメノポリス,2022107298,C,202403030503
ワンダーキュイラス,2022100164,B,202403030503
アオイハナミチ,2022102937,C,202403030503
カイトヴィント,2022102991,C,202403030503
チュラビックタイム,2022102097,B,202403030503
アースソーナー,2022101116,C,202403030503
ベリタバグス,2022110153,B,202403030503
ノアプレスリー,2022107087,C,202403030503
カンタベリーバイク,2022105947,C,202403030503
ブルータス,2022103703,B,202403030503
ブレスドナイル,2022110061,C,202403030503
スパイスマン,2022102960,C,202403030503
テーオーマルコーニ,2022102228,C,202403030503
ジーティートゥルー,2022105487,C,202403030503
センノアバドン,2022102044,D,202403030503
ウヌボレヤサン,2021104052,C,202403030506
マクミランテソーロ,2021102276,C,202403030506
サリュエ,2021101650,B,202403030506
エスオーライジング,2021102631,C,202403030506
スマートハンター,2020104306,B,202403030506
アイファーファイト,2019101233,B,202403030506
エコロカレン,2021103484,C,202403030506
ウェルキン,2021105294,C,202403030506
エスジースパークル,2020100130,C,202403030506
ノーブルアクト,2020104744,B,202403030506
カビーリア,2020106639,C,202403030506
ディープグラビティ,2019104773,B,202403030506
タケノシンセイ,2021100376,C,202403030506
レリッシュ,2021101385,D,202403030506
ピカレスクノベル,2021106087,C,202403030506
スペキオサレジーナ,2020103316,B,202403030510
サフランヒーロー,2021100895,B,202403030510
ニットウライジン,2020106779,C,202403030510
フーコサンライズ,2021102633,B,202403030510
ヒルノピレネー,2020100673,B,202403030510
フミバレンタイン,2019105112,C,202403030510
リーゼントミニー,2020100914,C,202403030510
グッジョブ,2020101182,B,202403030510
テンクウフラワー,2019103042,B,202403030510
ゼットカレン,2020104751,B,202403030510
ニルアドミラリ,2018110134,C,202403030510
メイショウカゼマチ,2020106534,C,202403030510
アイファースキャン,2020101271,C,202403030510
カリュウ,2019106714,B,202403030510
チュウワスプリング,2020102391,C,202403030510
ストリンジェンド,2020102702,B,202403030510
カンタベリーノブシ,2022105946,C,202403030601
コンパクトファイト,2022104110,C,202403030601
スカイダイバー,2022104122,B,202403030601
ビッグスリック,2022106410,D,202403030601
ディーエスショウマ,2022100226,C,202403030601
コパカツ,2022104243,C,202403030601
ハルサメ,2022107294,B,202403030601
チェスター,2022105680,D,202403030601
ラッキーカムカム,2022100412,C,202403030601
アイアンソリッド,2022100588,B,202403030601
ユリ,2022106490,B,202403030601
ブルドッグキング,2022101616,B,202403030601
コパノオーランド,2022102376,C,202403030601
レーヴレジェンド,2022101409,B,202403030601
パーティーガール,2022106420,B,202403030601
カリスパール,2022106035,C,202403030601
シュヴァルツナーガ,2020103897,C,202403030602
ミレニアムヒロイン,2021103480,C,202403030602
チビノシエラザード,2021105209,B,202403030602
サイモンブーケ,2020102317,C,202403030602
アンリーベイビー,2021103723,B,202403030602
キタノチェロキー,2020105498,C,202403030602
スマートプレシャス,2021103939,B,202403030602
タマモネモフィラ,2020103991,C,202403030602
モンディーン,2021104951,B,202403030602
コーラルハート,2021101426,B,202403030602
マイレーヌ,2020104676,C,202403030602
エーデル,2021105321,B,202403030602
ステラヴェルデ,2021109085,B,202403030602
ドナアフロディテ,2021100794,B,202403030602
ノアスペシャル,2021102784,C,202403030602
ナチュラルリバー,2020102559,B,202403030603
グランドセントラル,2021104422,C,202403030603
ジェンマ,2021101210,C,202403030603
シントーハナノボス,2021103953,B,202403030603
イーブンナウ,2021110007,C,202403030603
フラッシング,2021105971,B,202403030603
エイブラムス,2021100260,C,202403030603
カンタベリーハヤテ,2020103766,C,202403030603
アレナパラシオ,2021100752,C,202403030603
ディスタントスカイ,2021110067,B,202403030603
スペイドアン,2021103770,B,202403030603
フリーマントル,2021104868,D,202403030603
ポワンキュルミナン,2020102955,C,202403030603
カセノラオー,2021106310,B,202403030603
サンドブラスト,2021106941,B,202403030603
アイファーベア,2018100107,B,202403030607
ベリーベリーベリー,2020104291,C,202403030607
タイセイアレス,2021105333,C,202403030607
マサハヤヴァンス,2020103084,B,202403030607
ノーブルミステリー,2020106429,B,202403030607
ヴォルスパシアル,2019102604,D,202403030607
ベニシア,2021100662,B,202403030607
ミスサン,2021107068,C,202403030607
ブライトルピナス,2021103598,B,202403030607
アナレクタ,2021103532,B,202403030607
スカイキャンバス,2021100359,B,202403030607
ハッピーダンス,2021105916,C,202403030607
ドナヴィーナス,2021100782,B,202403030607
フェスティヴルディ,2021106899,D,202403030607
ゴッドカインド,2021106150,B,202403030607
マケズギライ,2021102516,C,202403030607
ブルーサン,2021106171,C,202403030611
テーオードレフォン,2019101324,B,202403030611
スマートサニー,2020104304,C,202403030611
ミラクルティアラ,2020103070,B,202403030611
サンテックス,2020100635,B,202403030611
クラヴィコード,2021100150,B,202403030611
ニシノカシミヤ,2020100418,B,202403030611
ダンツキャッスル,2016101093,C,202403030611
デンコウリジエール,2017103165,C,202403030611
サンデーファンデー,2020104136,B,202403030611
サトノルフィアン,2019106575,B,202403030611
ナチュラルハイ,2020105939,B,202403030611
ケイアイロベージ,2018103819,C,202403030611
クレスコジョケツ,2019103971,B,202403030611
サンライズアリオン,2019103419,B,202403030611
アパイシュナール,2021100005,C,202404010102
エスカラーチェ,2021105215,B,202404010102
ブリッジワン,2021105870,C,202404010102
ダンツドール,2021100112,B,202404010102
シャローム,2021104141,C,202404010102
メイケイアリッサム,2021105841,C,202404010102
スマイルサミット,2021107153,C,202404010102
ロールオブアームズ,2021105813,C,202404010102
ノーブルシェイド,2021103822,C,202404010102
リエータメンテ,2021105887,B,202404010102
ダイシンサンディー,2021106246,C,202404010102
アグリアス,2021105672,C,202404010102
ココケイ,2021104263,C,202404010102
ダリボルカ,2021105115,D,202404010102
フォートボヤール,2021105907,B,202404010103
マドモアゼルハポン,2021100959,C,202404010103
ニシノサイエン,2021107003,B,202404010103
プエルトプラタ,2021104093,C,202404010103
シンボリノエル,2021101533,C,202404010103
アメリカンチケット,2021110122,C,202404010103
イーブンナウ,2021110007,C,202404010103
クラウンチャンス,2021101258,D,202404010103
ヨシノヤッタルデー,2021102336,C,202404010103
マケタラアカン,2021103101,B,202404010103
ファビュラスロード,2021107176,B,202404010103
モーニントンライン,2021103629,B,202404010103
ヨリナエスポワール,2021102671,B,202404010103
フォルスタクラス,2021101739,B,202404010103
ジャスパーサン,2021107366,C,202404010103
フクノエヴリー,2019101533,C,202404010107
アイソウザスター,2018103319,C,202404010107
オリエンタルキング,2019100069,C,202404010107
リネンマンボ,2020101457,C,202404010107
インオービット,2020105510,D,202404010107
キレナイカ,2020103001,B,202404010107
サーティファイド,2019105857,C,202404010107
インテンソ,2020103636,B,202404010107
バルミーウェザー,2021101659,B,202404010109
マコタイガ,2021101356,B,202404010109
コスモジンバック,2021106797,B,202404010109
オーケーバーディー,2021100980,B,202404010109
ペプチドヒナタ,2021101240,C,202404010109
キャストロペペ,2021100257,B,202404010109
コトホドサヨウニ,2021103306,B,202404010109
アメリカンチーフ,2021110123,B,202404010109
キタノライジン,2021104561,D,202404010109
パッカパッカブー,2021102969,B,202404010109
ジーティーアグリム,2021104574,B,202404010109
アリエスキング,2021101468,B,202404010109
ヤマニンアラクリア,2021100284,C,202404010109
アスクヒロイズガイ,2021104952,B,202404010109
フォレストキャット,2018103391,B,202404010111
グラストンベリー,2019103004,B,202404010111
メイショウオーロラ,2020101209,B,202404010111
スノーグレース,2019105185,B,202404010111
スマートムーラン,2019101778,B,202404010111
ミファヴォリート,2019105455,B,202404010111
フレンチギフト,2019103210,B,202404010111
プメハナ,2020105643,D,202404010111
リアグラシア,2019105511,B,202404010111
ヨリノサファイヤ,2020102315,B,202404010111
ラニカイ,2019100635,B,202404010111
レリジールダモーレ,2019104729,C,202404010111
ピースオブザライフ,2020101024,B,202404010111
キチロクサクラ,2021106000,C,202404010201
マリノルージュ,2021101261,B,202404010201
ペイシャスウィフト,2021102639,C,202404010201
バエル,2021102126,C,202404010201
アヌーク,2021103577,B,202404010201
ブリリアントスピカ,2021102731,B,202404010201
フェブラリースカイ,2021103180,B,202404010201
ピエナフェリーチェ,2021105179,C,202404010201
マンウォル,2021103744,C,202404010201
ケイツートラール,2021106350,B,202404010201
アナスタシス,2021100493,B,202404010201
ジョーサルーテ,2021100521,C,202404010201
マジカルステップ,2021100743,C,202404010201
ハコダテノハナ,2021102132,C,202404010201
メイショウニコニコ,2021102031,C,202404010201
シングンアーメット,2021106747,D,202404010203
スズノレイライン,2021102781,C,202404010203
ジョリーロジャー,2021105506,B,202404010203
ダイタジャスティス,2021102954,B,202404010203
アスクデビューモア,2021104824,C,202404010203
イマジンレノン,2021104044,C,202404010203
ハイグッドワールド,2021104474,C,202404010203
カドサンガンバル,2021104264,C,202404010203
メイショウイゾウ,2021102552,C,202404010203
タイガノイッテキ,2021103870,C,202404010203
サイレントヴォイス,2021105017,D,202404010203
クラウンクーロン,2021101266,C,202404010203
ダイクロアイト,2021105524,B,202404010203
イナズマミノル,2021104178,C,202404010203
ウインドファルクス,2021103482,C,202404010203
クリノユキツバキ,2019102013,C,202404010206
サンマルリアン,2020101086,C,202404010206
ミヤジレガリア,2020100996,B,202404010206
サイモンポーリア,2018101166,C,202404010206
プラニエータ,2019105190,B,202404010206
ビップクロエ,2020103309,B,202404010206
スターグロウ,2020101814,C,202404010206
デームフォーチュン,2019105528,C,202404010206
ナウズザタイム,2020103323,C,202404010206
スペシャリスト,2020101572,B,202404010206
ハクサンミニョン,2020104905,B,202404010207
カツノテンス,2020105525,D,202404010207
レヴィアタン,2020100619,B,202404010207
ルワンジュ,2019105798,C,202404010207
ノースディーバ,2020105298,C,202404010207
ノーブルミステリー,2020106429,B,202404010207
ヌマ,2019100570,B,202404010207
ヒルノピレネー,2020100673,B,202404010207
クィーンアドバンス,2017100141,B,202404010207
フエキ,2019102479,C,202404010207
イテマエダセン,2020102088,C,202404010207
サムハンター,2018105996,B,202404010209
アレクサ,2020100189,B,202404010209
メイトースイ,2020100931,C,202404010209
サイモンソーラン,2019102341,B,202404010209
キングロコマイカイ,2019103829,B,202404010209
オセアフラッグ,2020102044,C,202404010209
スナークレジスト,2017102930,B,202404010209
ルーパステソーロ,2018100995,C,202404010209
ディサイド,2019100663,C,202404010209
サイモンルモンド,2017106722,C,202404010209
ヴィブラツィオーネ,2019104928,B,202404010209
ベンテイガ,2019105996,B,202404010209
ハイラブハンター,2018103195,C,202404010209
ダッシュダクラウン,2018104156,C,202404010209
アスターヘキサゴン,2019101260,C,202404010212
グレアミラージュ,2017100426,C,202404010212
ベルウッドウズメ,2019109138,B,202404010212
グランファラオ,2020110140,B,202404010212
クイーンアポーン,2019104128,C,202404010212
ゲツレンカ,2018102294,C,202404010212
ハジメテノチュウ,2019104141,C,202404010212
エイシンネクタル,2020100103,B,202404010212
ビートエモーション,2019110120,B,202404010212
アイファーマオ,2019106470,C,202404010212
トントンプー,2021109052,C,202404010302
ジャコムスビ,2021101753,C,202404010302
カンタベリーローズ,2021105949,C,202404010302
アイファーキャップ,2021107295,C,202404010302
アカリリッキー,2021104308,B,202404010302
ペイシャバロ,2021102035,C,202404010302
アレナパラシオ,2021100752,C,202404010302
ディアモミノル,2021104431,C,202404010302
ピカレスクノベル,2021106087,B,202404010302
ローレルロイズ,2021106571,C,202404010302
マジックライン,2021106966,D,202404010302
メイショウエレジー,2021103213,C,202404010302
ウィンターガーデン,2021105857,C,202404010302
ノーマジック,2021101166,C,202404010302
ノアフェイス,2021107206,C,202404010302
キーシンガー,2021102566,D,202404010303
ランスロット,2021100901,B,202404010303
ドローンシマス,2021103838,D,202404010303
オンネア,2021102022,D,202404010303
バロックパール,2021106036,B,202404010303
ミハタタテナシ,2021105331,C,202404010303
ヨシノアカツキ,2021104515,C,202404010303
ブーヤカ,2021105211,C,202404010303
ウルトラハニー,2021104177,B,202404010303
サンレイマリー,2021102326,C,202404010303
モノノフノミチ,2021101867,C,202404010303
ゲンブ,2021106890,B,202404010303
エクイティ,2021100965,D,202404010303
タッカーバレット,2021103994,B,202404010303
ボーズマン,2021102344,B,202404010303
クリノヴァニラ,2018101215,C,202404010307
シエラメンテ,2019101462,C,202404010307
ゴレイジョウ,2020106336,C,202404010307
セロンテソーロ,2020109134,C,202404010307
インクルードダイヤ,2020103418,B,202404010307
パイアイヤー,2020105327,C,202404010307
ライブリームーラン,2020106407,B,202404010307
サザンレイク,2020101481,B,202404010307
キイロノトマト,2020106156,B,202404010307
サクラファシナンテ,2018104014,B,202404010307
キョウエイジョイ,2020104648,C,202404010307
オリビアジュテーム,2020100714,B,202404010307
ルプランドル,2019105754,C,202404010307
ハローマイラブリー,2020106345,C,202404010307
アイファーグローブ,2019101330,C,202404010308
ピエトラサンタ,2018105284,B,202404010308
ノーブルラン,2020100741,C,202404010308
サンデーヒーロー,2020100903,C,202404010308
ワンダーウィルク,2019103092,C,202404010308
ライツオブキングス,2020103052,B,202404010308
イエスウィズキャン,2020100472,B,202404010308
ショーケン,2020103997,C,202404010308
レジュークレール,2020104818,B,202404010308
リュクスドレフォン,2020106927,B,202404010308
テンフェリーチェ,2020105564,C,202404010308
ファーンヒル,2019106293,B,202404010311
パウオレ,2019100242,B,202404010311
セイカフォルゴーレ,2019101923,D,202404010311
オメガシンフォニー,2020103892,B,202404010311
ナックドロップス,2019103274,B,202404010311
コパノパサディナ,2020100829,C,202404010311
リッキーマジック,2019106513,C,202404010311
レッドゲイル,2019103976,C,202404010311
シャンブル,2018100389,C,202404010311
ヴァガボンド,2018106074,B,202404010311
タイセイブレイズ,2018102969,B,202404010311
クインズメリッサ,2018101984,B,202404010311
ナムラフランク,2019101975,C,202404010311
ロードエクレール,2018105998,B,202404010311
イスラアネーロ,2019105741,B,202404010311
サイモンベーネ,2021102216,C,202404010401
ハヤブサキンチャン,2021106579,C,202404010401
ソウキュウ,2021106800,B,202404010401
タガノラデツキー,2021106556,C,202404010401
タンドレス,2021104593,C,202404010401
スターティアラ,2021106676,D,202404010401
サイキョウサイコウ,2021100881,C,202404010401
イッツナッシング,2021103040,B,202404010401
ライトピラー,2021101204,B,202404010401
サダージ,2021100011,C,202404010401
フェリマール,2021104171,C,202404010401
アイリュール,2021106255,C,202404010401
カンバーランド,2021105709,B,202404010401
ファイアンス,2021106454,B,202404010401
ベルベストランナー,2021103591,B,202404010403
レガッタ,2021102991,B,202404010403
イクリール,2021106563,B,202404010403
タロサンダー,2021106005,B,202404010403
ジーティーロッソ,2021110100,C,202404010403
セルリアンゲーゲン,2021107022,C,202404010403
キツネノヨメイリ,2021110094,C,202404010403
コスモフレディ,2021100730,C,202404010403
グランドフューチャ,2021100732,C,202404010403
ボスコヴェローチェ,2021105847,C,202404010403
カラーオブワンダー,2021102790,C,202404010403
ミライヘノコール,2021101819,B,202404010403
テクノドラゴン,2021105277,C,202404010403
マーブルマウンテン,2021110084,C,202404010403
ヨリナエスポワール,2021102671,C,202404010403
フリッパー,2020100078,B,202404010406
トリグラフ,2019103410,B,202404010406
テンカオーライ,2020102959,C,202404010406
トリオンファーレ,2020102771,C,202404010406
シゲルオトヒメ,2019102986,C,202404010406
メッセージソング,2019105285,B,202404010406
アマギール,2020103196,B,202404010406
メイショウクーガー,2020106205,B,202404010406
サヨノフィールド,2019104316,B,202404010406
コンテナジュニア,2018104738,B,202404010406
アッティラ,2020102185,B,202404010406
ヴィクトリオン,2018100923,C,202404010406
ウィービースティ,2020104768,B,202404010406
ブレガーロード,2020103569,C,202404010406
リュクススティール,2020102944,B,202404010406
アルタビスタ,2020103579,B,202404010409
クリニクラウン,2020100934,C,202404010409
ワイルドベティ,2019105073,C,202404010409
モントブレッチア,2019106419,B,202404010409
ブーバー,2020102840,B,202404010409
アウロス,2020106306,B,202404010409
ラブベティー,2019106491,B,202404010409
コルデアニル,2020103154,B,202404010409
ウインメイフラワー,2019101930,B,202404010409
ランスオブサターン,2020104772,B,202404010409
ルナビス,2020106579,B,202404010409
メテオールライト,2020103247,B,202404010409
テレパシー,2020104205,C,202404010409
トゥーテイルズ,2020103255,B,202404010409
オシゲ,2020106642,B,202404010409
パレフォーコン,2019100683,B,202404010412
ハルクバローズ,2020104663,B,202404010412
セキテイオー,2019101351,C,202404010412
シュバルツガイスト,2020103575,B,202404010412
チョコレートミルク,2019103960,D,202404010412
グリモワール,2019102371,C,202404010412
ヴェッキオカズマ,2020106404,C,202404010412
イロハニオエ,2019100354,B,202404010412
シックザイン,2019103887,C,202404010412
レジーナローズ,2020104174,D,202404010412
スナイチゴールド,2020106457,C,202404010412
オーロラアーク,2019102186,C,202404010412
テーオートルネード,2019104053,C,202404010412
カワキタボーダレス,2021106147,B,202404010501
フッカツノコロアイ,2021103517,C,202404010501
ルスディヴィナ,2021104771,C,202404010501
エンジェルスノー,2021101637,C,202404010501
コミタス,2021107199,D,202404010501
ナックアテナ,2021105148,C,202404010501
ディクスミュード,2021107045,C,202404010501
キタノローマン,2021102873,C,202404010501
ラセーヌシュメール,2021105260,C,202404010501
タイセイビクトリア,2021100230,B,202404010501
パームブランチ,2021104107,B,202404010501
ブライトルピナス,2021103598,B,202404010501
クールシェリー,2021106929,B,202404010501
クイーンオブリリー,2021102512,C,202404010501
シアワセノランプ,2021102924,C,202404010501
サンライズマウレア,2021102242,C,202404010502
メイショウタダカツ,2021101469,C,202404010502
シルクニードル,2021102698,C,202404010502
クラウンクーロン,2021101266,C,202404010502
トゥラッタッタ,2021102973,B,202404010502
カーリングホリデー,2021106982,D,202404010502
ルヴェネ,2021107218,C,202404010502
メイショウフウドウ,2021104445,B,202404010502
スマートレザルト,2021102722,C,202404010502
アプローチ,2021100507,C,202404010502
ローンウルフ,2021104112,C,202404010502
ダイゴリュウジン,2021106959,B,202404010502
ホレーショ,2021102409,B,202404010502
トライデント,2021102793,B,202404010502
フランクエフェクト,2021105476,B,202404010502
カリプソ,2021100504,C,202404010504
アマントアスク,2021107371,B,202404010504
デイムサンライズ,2021102223,B,202404010504
ウェルキン,2021105294,C,202404010504
パレスパートナー,2021102357,B,202404010504
オテンバムスメ,2021103867,C,202404010504
マハナ,2021106618,B,202404010504
コパノエビータ,2021102219,B,202404010504
エンピリカルルール,2021100833,C,202404010504
ノーブルシェイド,2021103822,C,202404010504
ビーナスライズ,2021102342,B,202404010504
クツワワールド,2021104266,C,202404010504
ラシャンススウリ,2021106590,B,202404010504
フローティンローズ,2021106830,B,202404010504
グッドイナフ,2021106575,C,202404010504
ヴァイタルピース,2021110079,B,202404010506
ビックリマーク,2021106984,C,202404010506
モーニントンライン,2021103629,B,202404010506
ミスターディジェイ,2021104617,D,202404010506
クリノビックマロン,2021103827,C,202404010506
ムーンウォーク,2021106425,C,202404010506
アイズ,2021107154,B,202404010506
インサイダー,2021104954,B,202404010506
アングリフ,2021103168,B,202404010506
スリークロス,2021100984,C,202404010506
テーオーロビンソン,2021103248,B,202404010506
キョウエイノヴェル,2021103363,C,202404010506
ヒロアプリオリ,2021101954,C,202404010506
ルクスアルム,2021103945,C,202404010506
エクステンシヴリー,2021100715,B,202404010506
ビップクロエ,2020103309,C,202404010508
ダノンフューチャー,2019105456,C,202404010508
スターグロウ,2020101814,B,202404010508
クープラン,2018103762,B,202404010508
サフランブライト,2019102728,C,202404010508
シャンデルナゴル,2020103193,B,202404010508
ジャクソン,2020104354,B,202404010508
アニトラ,2020102679,B,202404010508
ディズレーリ,2020103119,B,202404010508
コンドリュール,2020105608,B,202404010508
コスモオピニオン,2020101258,B,202404010508
ワタシデイイデスカ,2020105282,C,202404010508
カイザーレオン,2019106488,C,202404010508
スマートハンター,2020104306,B,202404010508
セットリスト,2019105271,B,202404010512
アマルナ,2020110079,B,202404010512
アイファーマオ,2019106470,C,202404010512
スパーダネーラ,2016109087,C,202404010512
エンドレスロード,2019100665,B,202404010512
オコジュ,2020101265,C,202404010512
ローズブルーム,2019101428,C,202404010512
ノーブルミステリー,2020106429,C,202404010512
ビートエモーション,2019110120,B,202404010512
シックザイン,2019103887,,202404010512
フスカル,2020110128,B,202404010512
ノースディーバ,2020105298,C,202404010512
デュアルキャリアー,2016110104,B,202404010512
レヴィアタン,2020100619,B,202404010512
タマモアルタイル,2021101558,B,202404010602
エコロカレン,2021103484,B,202404010602
エレンバローズ,2021103913,B,202404010602
レグノ,2021100456,C,202404010602
アンサーパスト,2021101085,D,202404010602
ノーブルレジェンド,2021102853,C,202404010602
アドーネ,2021106402,B,202404010602
メイショウハッブル,2021102550,B,202404010602
ナツリュウオー,2021100125,B,202404010602
ゼンノツキヨミ,2021106983,C,202404010602
クリスザブラック,2021105341,C,202404010602
ラッピングボックス,2021103383,C,202404010602
ピエナクレスコ,2021101153,B,202404010602
レーベンヘルツ,2021103528,B,202404010602
イイヒ,2021103698,C,202404010602
ホーハイト,2021100293,B,202404010603
ダイクロアイト,2021105524,B,202404010603
ジーティーセイント,2021102950,C,202404010603
ダイシンペルル,2021106538,D,202404010603
ベイジーニョ,2021105301,D,202404010603
カドサンガンバル,2021104264,C,202404010603
カシノカンピオーネ,2021100516,C,202404010603
ラキアレクサンダー,2021106128,C,202404010603
ヒナノマーチス,2021102611,D,202404010603
ダイタジャスティス,2021102954,C,202404010603
ダブルブラック,2021102133,C,202404010603
ウィズキッド,2021104152,C,202404010603
ジェンマ,2021101210,C,202404010603
ジャイロ,2021100918,C,202404010603
グレイトマジック,2021104157,C,202404010603
リノアラ,2019101620,C,202404010606
クリノユキツバキ,2019102013,C,202404010606
タガノエリザベス,2020106035,B,202404010606
ウィルフルネス,2019102460,B,202404010606
パルメリータ,2020102642,B,202404010606
ノーブルアクト,2020104744,C,202404010606
アルムエアフォルク,2020105540,B,202404010606
サイモンポーリア,2018101166,B,202404010606
フェルンマンボ,2019105975,B,202404010606
マイクロモザイク,2020100516,B,202404010606
ウワサノアノコ,2020100624,C,202404010606
カツノテンス,2020105525,C,202404010608
ビナカントー,2020105084,B,202404010608
バクレツマホウ,2020102387,C,202404010608
スマイルバック,2019105174,B,202404010608
スピリチュアル,2020104634,C,202404010608
ホイッスルソング,2020104796,C,202404010608
ラヴァグロウ,2020103937,D,202404010608
マンノライトニング,2020101113,B,202404010608
スミシュー,2019100081,C,202404010608
クラシカルタイプ,2020106830,C,202404010608
スペキオサレジーナ,2020103316,B,202404010608
オーブラック,2019103224,B,202404010608
マルモリキング,2020100994,B,202404010608
カズラポニアン,2019105148,B,202404010608
メジャークオリティ,2019104913,B,202404010610
ヒノデテイオー,2019103420,C,202404010610
テンウォークライ,2018100247,B,202404010610
アメリカンエール,2018110132,D,202404010610
サイモンソーラン,2019102341,C,202404010610
マンノステータス,2020105471,B,202404010610
ヒルズカーン,2020106166,B,202404010610
スナークレジスト,2017102930,B,202404010610
フォーランマリア,2019104726,C,202404010610
エクストラノート,2017103267,B,202404010610
シェットランド,2020103566,B,202404010610
サノノエスポ,2020102161,B,202404010610
ヒューゴ,2020102345,C,202404010610
プレイサーゴールド,2020100053,B,202404010610
ボワエトワール,2021101401,B,202404010702
シントーキズナ,2021103928,B,202404010702
アインハーディ,2021105044,C,202404010702
ウインディサンデー,2021106146,B,202404010702
セルース,2021105550,B,202404010702
ルミナスボディ,2021100133,B,202404010702
ダイシンサンディー,2021106246,B,202404010702
イッツナッシング,2021103040,C,202404010702
リプリー,2021101218,C,202404010702
ブギーナイツ,2021103240,B,202404010702
モリノリオン,2021102322,D,202404010702
アパイシュナール,2021100005,B,202404010702
ウィンターガーデン,2021105857,B,202404010702
メイケイアリッサム,2021105841,C,202404010702
ライトピラー,2021101204,B,202404010702
シャビーシック,2021103772,B,202404010703
ビルカバンバ,2021100803,B,202404010703
スマートスコープ,2021102721,B,202404010703
ナムラオルトロス,2021101082,C,202404010703
ミスエル,2021106986,B,202404010703
ミハタタテナシ,2021105331,C,202404010703
キタノヒコボシ,2021101893,C,202404010703
セールヴォラン,2021101057,B,202404010703
モリノセピア,2021106307,C,202404010703
リナリア,2021103966,C,202404010703
ブレーザー,2021100114,C,202404010703
タイセイマーシャル,2021107056,C,202404010703
スキップライト,2021104311,B,202404010703
ダイチジェム,2021100625,C,202404010703
メイショウムラゲ,2021100992,C,202404010703
フィージビリティー,2021106626,B,202404010706
タロサンダー,2021106005,B,202404010706
レオボヌール,2021102945,C,202404010706
イマジンレノン,2021104044,C,202404010706
カンタベリーローズ,2021105949,C,202404010706
マルカフェリス,2021105199,C,202404010706
ゲームアップロード,2021104898,C,202404010706
ダイヤメ,2021106149,C,202404010706
スターゲット,2021104392,B,202404010706
サンデーダイヤ,2021106719,C,202404010706
ラファールドール,2021104889,B,202404010706
リベルテ,2021101110,C,202404010706
ミッチースマイル,2021100253,C,202404010706
ハイグッドワールド,2021104474,B,202404010706
メイショウフウドウ,2021104445,B,202404010706
ハローサブリナ,2019104644,B,202404010708
ヤエベニシダレ,2020101077,C,202404010708
ジュエリジュエリー,2020109086,B,202404010708
マンマリアーレ,2020100761,C,202404010708
グレースレニー,2020100786,D,202404010708
シゲルオトヒメ,2019102986,C,202404010708
リトルミム,2020102599,B,202404010708
ゴーフォマームード,2020106473,B,202404010708
ミヤジレガリア,2020100996,B,202404010708
バンボーレ,2018105842,B,202404010708
ブラックデコ,2020106883,C,202404010708
サイモンコーラル,2020100629,B,202404010708
アステロイドメア,2020101709,B,202404010708
シャインフェアリー,2020100921,C,202404010708
ルージュクレセント,2020104570,B,202404010708
グレイスカリヨン,2020100558,C,202404010712
グッドウッドガイ,2019105709,B,202404010712
ルージュブラゾン,2019104685,C,202404010712
ハルクバローズ,2020104663,B,202404010712
トリオーレ,2020103893,B,202404010712
ハッピーパンニャ,2020104340,B,202404010712
スターザサンライズ,2019101624,B,202404010712
グレアミラージュ,2017100426,B,202404010712
ファイアネイド,2020101823,B,202404010712
シエラメンテ,2019101462,C,202404010712
ブリラーノ,2019102783,C,202404010712
コスモジョセフ,2020105277,C,202404010712
ティーラミレス,2020106788,B,202404010712
グリモワール,2019102371,C,202404010712
サラマックイーン,2020106719,C,202404010712
サンスイレン,2021101297,C,202404010801
バエル,2021102126,C,202404010801
ドナレア,2021101864,B,202404010801
ペイシャスウィフト,2021102639,B,202404010801
ファインスカート,2021101217,C,202404010801
サンマルブーケ,2021101120,B,202404010801
ハクサンソヌス,2021100780,C,202404010801
バルサミコ,2021103798,C,202404010801
ハッピーダンス,2021105916,B,202404010801
ラブアンドラッキー,2021100450,B,202404010801
デビルシズカチャン,2021105553,B,202404010801
ナックアテナ,2021105148,C,202404010801
バロックパール,2021106036,B,202404010801
シールビーライト,2021106517,D,202404010801
アプラド,2021100295,B,202404010801
コスモフレディ,2021100730,C,202404010803
テーオーマーシャル,2021103245,B,202404010803
ダンシングボビー,2021102229,C,202404010803
エンバーク,2021105235,B,202404010803
ゼンノジーニー,2021106975,C,202404010803
ララクリストフル,2021106470,C,202404010803
ラキアレクサンダー,2021106128,C,202404010803
オセアハートマン,2021101569,C,202404010803
アレスエルピーダ,2021104541,C,202404010803
グリマルディ,2021101421,D,202404010803
プルメリアクヒオ,2021103208,B,202404010803
ジョリーロジャー,2021105506,B,202404010803
ミグラテール,2021106758,C,202404010803
ソーラーシステム,2021106258,B,202404010803
チョウガンバレ,2021106453,C,202404010803
スーパーリベロ,2020104132,B,202404010807
カネトシディーバ,2018103117,B,202404010807
フクノルッカ,2018100299,C,202404010807
オリビアジュテーム,2020100714,C,202404010807
モネ,2019101749,C,202404010807
メージャーテソーロ,2020100342,C,202404010807
リリージェーン,2020106353,C,202404010807
トーセンニック,2018105647,C,202404010807
ルクルス,2020101635,B,202404010807
ルワンジュ,2019105798,B,202404010807
イロハニオエ,2019100354,B,202404010807
クイーンアポーン,2019104128,C,202404010807
エンギダルマ,2019101605,B,202404010807
ルミナスフラックス,2019105142,C,202404010807
モルフェブーケ,2020100351,C,202404010807
パスカリ,2020102544,B,202404010810
イルデレーヴ,2018105151,B,202404010810
マジックタッチ,2020106946,B,202404010810
トモジャミ,2020105246,B,202404010810
エランティス,2020104429,B,202404010810
クロンヌドラレーヌ,2019104720,B,202404010810
ベルウッドウズメ,2019109138,B,202404010810
シラキヌ,2019110013,C,202404010810
シュバルツガイスト,2020103575,B,202404010810
ペイシャカレン,2019100132,C,202404010810
ロイヤルソウル,2019101680,B,202404010810
プリティインピンク,2018104208,C,202404010810
タッカーシルバー,2019100898,B,202404010810
ヒルノピレネー,2020100673,B,202404010810
シックザイン,2019103887,C,202404010810
ファルコンミノル,2020104748,B,202404010812
ワンダフルヘヴン,2019110076,B,202404010812
ヴィクトリオン,2018100923,B,202404010812
フクノエヴリー,2019101533,C,202404010812
マウンテンエース,2020104452,B,202404010812
フロスティクォーツ,2018103120,B,202404010812
メイショウマジック,2020106995,B,202404010812
フェザーモチーフ,2020103293,B,202404010812
オーディブルコール,2020110013,B,202404010812
ルフレーヴ,2020104490,B,202404010812
インオービット,2020105510,D,202404010812
モズミツボシ,2019103718,B,202404010812
チェリーロシアン,2020100859,C,202404010812
マルターズデイ,2019101275,C,202404010812
ナムラテディー,2020101950,C,202404010812
エイトビートレター,2022107018,D,202404020103
リッスンクロース,2022105810,B,202404020103
エコロアゼル,2022110107,B,202404020103
デーモンスレイヤー,2022106856,B,202404020103
アートレスマインド,2022105987,B,202404020103
リケアコンパンナ,2022102621,C,202404020103
リップブリス,2022102581,C,202404020103
カンタベリーノブシ,2022105946,C,202404020103
マローソ,2022103102,B,202404020103
タイガーグレート,2022102163,B,202404020103
コットンフラワー,2022101365,C,202404020103
カフェロワイヤル,2022106717,B,202404020103
ブルドッグワイルド,2022101232,B,202404020103
オデット,2022101925,B,202404020103
セブンマイスター,2021105688,B,202404020108
ウィープディライト,2021105412,B,202404020108
ホルトバージ,2021102905,B,202404020108
ソレルビュレット,2021110061,B,202404020108
ダノンピレネー,2021104122,B,202404020108
ハンデンカイザー,2021102456,B,202404020108
ジーベック,2021103242,B,202404020108
ティンク,2021104994,B,202404020108
リュクススティール,2020102944,C,202404020108
ケイアイエルナト,2021103121,C,202404020108
ジュリエンヌ,2019101151,D,202404020108
アヘッド,2020110092,C,202404020108
バナマンテソーロ,2021102281,C,202404020108
ポリクシニーズ,2019100913,B,202404020108
ショーヘーフェイス,2020106022,B,202404020108
アクロポリス,2021103247,B,202404020110
ゼットシルヴィア,2021104414,B,202404020110
ハイグッドワールド,2021104474,C,202404020110
チーチャン,2021102825,C,202404020110
クレバーナイト,2021104126,B,202404020110
ユウトザキンパツ,2021104597,C,202404020110
チョウゲンキ,2021106139,C,202404020110
パリッドキャリア,2021107230,C,202404020110
テクネチウム,2021104280,C,202404020110
グレイトマジック,2021104157,C,202404020110
カシノカンピオーネ,2021100516,D,202404020110
インターシア,2021100644,C,202404020110
セイウンウィズミー,2021102941,C,202404020110
ナイトアウェイ,2021104957,B,202404020110
ドゥータップ,2021110156,B,202404020110
メラーキ,2017105634,C,202404020112
トモジャミ,2020105246,C,202404020112
バンドールロゼ,2019105819,B,202404020112
エランティス,2020104429,C,202404020112
クリノアルバトロス,2020101983,B,202404020112
クインズプリーズ,2019100578,B,202404020112
ダークンストーミー,2020100656,C,202404020112
アラカザーム,2018102338,C,202404020112
スペキオサレジーナ,2020103316,B,202404020112
シュバルツガイスト,2020103575,B,202404020112
ジャミーレ,2020103412,B,202404020112
リッキーヤスオカ,2019101673,B,202404020112
ストリンジェンド,2020102702,B,202404020112
ヒビキ,2020105517,B,202404020112
アタカンテ,2019106608,B,202404020112
トリリオンボーイ,2022102493,C,202404020202
ユイットムーラン,2022106100,C,202404020202
モルフェヴォロンテ,2022103836,C,202404020202
シナモンショコラ,2022104461,B,202404020202
ジャスパーソレイユ,2022110111,B,202404020202
ハルノアラシ,2022106099,B,202404020202
リバームーンリーナ,2022102155,C,202404020202
ドラゴンムスメ,2022103568,C,202404020202
スカイブルー,2022100136,C,202404020202
イチザアン,2021103702,C,202404020205
ダイノハイド,2021107267,B,202404020205
ドレスウェル,2021102588,C,202404020205
アンモード,2021105448,C,202404020205
ケープアグラス,2021100382,B,202404020205
ウインオーブ,2021106200,C,202404020205
ビーコング,2021103595,B,202404020205
メイショウヴァイゼ,2021102981,C,202404020205
インサイダー,2021104954,C,202404020205
アルヴァレス,2021103041,B,202404020205
クリノルイーズ,2021103313,C,202404020205
ヘヴィリピーテッド,2021104990,B,202404020205
チーフルガール,2021100563,D,202404020205
フォージドブリック,2021104800,B,202404020205
イッツマイトリート,2021102358,C,202404020205
アシャカデュメ,2021102066,C,202404020208
グッジョブ,2020101182,B,202404020208
ブループリマドンナ,2021100703,B,202404020208
オルガンザ,2017104773,C,202404020208
レッドカメリア,2020100084,C,202404020208
ソーニャシュニク,2021106923,B,202404020208
サトノアルペジオ,2020103477,B,202404020208
ビバップ,2021102700,C,202404020208
ビーストアタック,2019105631,C,202404020208
エンジェルスノー,2021101637,B,202404020208
パイアイヤー,2020105327,C,202404020208
ラブコメディ,2021110087,B,202404020208
ライジン,2020107082,C,202404020208
エスペラード,2021101776,C,202404020208
フレイミングパイ,2021106936,C,202404020208
シセイダイキ,2021106728,B,202404020209
キタノローマン,2021102873,D,202404020209
ブルズアイ,2021100466,B,202404020209
レッドコート,2021102678,B,202404020209
ロッサヴィール,2021104919,B,202404020209
オイデレオ,2021104580,C,202404020209
リベルテ,2021101110,C,202404020209
グレイワークス,2021101710,C,202404020209
ミュークインディ,2021102922,C,202404020209
キャルベイクルーズ,2021104154,B,202404020209
ゲインサポート,2021104590,C,202404020209
タマモポロネーズ,2021104523,C,202404020209
ミツカネトーラス,2021106900,B,202404020209
ハッピーイメージ,2021106788,C,202404020209
グラスフラッグ,2021106444,D,202404020209
ミアステラ,2019104126,C,202404020212
フォーランマリア,2019104726,C,202404020212
マルチャレアル,2021105430,B,202404020212
コルデアニル,2020103154,C,202404020212
アンジュフィールド,2020101582,B,202404020212
マンノステータス,2020105471,D,202404020212
アイファーグローブ,2019101330,B,202404020212
ヒューゴ,2020102345,B,202404020212
カフェカルマ,2019103309,C,202404020212
イージーオンミー,2020101143,B,202404020212
ウインアウォード,2019101479,B,202404020212
マコトゴコタイ,2018100991,B,202404020212
アパイシュナール,2021100005,B,202404020212
ナウズザタイム,2020103323,B,202404020212
ユイノマチブセ,2020105147,B,202404020212
クリノノヴァエ,2022101856,B,202404020303
レイナデアルシーラ,2022104628,B,202404020303
マカニ,2022104370,C,202404020303
ムーンストラック,2022104187,C,202404020303
アサクサグレース,2022100547,C,202404020303
ダカラフェスティヴ,2022104378,D,202404020303
レーンアジリティ,2022107325,B,202404020303
エッグハント,2022101654,B,202404020303
ビリーヴアンドラン,2022104251,C,202404020303
シンビリーブ,2022110115,B,202404020303
キタノラブミー,2022104465,C,202404020303
クラリネットソナタ,2022105585,B,202404020303
オーウェンズバレー,2022103627,B,202404020303
ベイビーキッス,2022102514,B,202404020303
チムニートップス,2022110051,C,202404020303
レプンカムイ,2018109080,B,202404020306
コルドンルージュ,2019110007,B,202404020306
アオイイーグル,2020101861,B,202404020306
ハッスルダンク,2020104632,B,202404020306
フルオール,2019102143,B,202404020306
スノーグレース,2019105185,B,202404020306
オレデイイノカ,2018101243,C,202404020306
ホウオウフウジン,2019105032,B,202404020306
ゴールドバランサー,2020105835,B,202404020306
プリモスペランツァ,2019100108,B,202404020306
セブンスレター,2019100876,C,202404020306
フタイテンロック,2019102665,C,202404020306
リチャ,2020105650,B,202404020306
キタサンドーシン,2019100997,C,202404020306
ビシャモンテン,2018101370,C,202404020306
カルフ,2021103342,C,202404020308
マサレエトワール,2021104834,B,202404020308
アナレクタ,2021103532,C,202404020308
パトジュニア,2021110135,C,202404020308
カゲツ,2020102086,B,202404020308
ジェイエルバルカー,2020100131,B,202404020308
キョウエイディーズ,2019106502,C,202404020308
グローリーカフェ,2020106928,C,202404020308
クリノヴァニラ,2018101215,B,202404020308
シュシュトディエス,2021106178,B,202404020308
テンドウ,2021100898,B,202404020308
イーデンテソーロ,2020102384,C,202404020308
ランウインディ,2021106305,C,202404020308
トーアアイギス,2021105334,B,202404020308
ハジメテノチュウ,2019104141,C,202404020308
マテンロウミラクル,2021105993,B,202404020309
イデアイゴッソウ,2021103096,C,202404020309
モズユイユイ,2021106702,B,202404020309
ユウトザイースト,2021104661,C,202404020309
タガノディガー,2021107107,B,202404020309
ヴァリアービレ,2021104877,C,202404020309
アスクアメージモア,2021105128,B,202404020309
ケンジョー,2021110152,B,202404020309
ユウトザアシゲ,2021103442,B,202404020309
タマモルピナス,2021104524,C,202404020309
レオボヌール,2021102945,C,202404020309
シングマイブルース,2021110068,B,202404020309
ソングライター,2021101642,C,202404020309
トゥジュール,2021106737,C,202404020309
クリティカルヒット,2021110096,C,202404020309
サトノルクソン,2020103378,B,202404020312
フローラルセント,2021104857,B,202404020312
ニホンピロペリー,2019106426,B,202404020312
チカミリオン,2021103225,B,202404020312
レジェンドシップ,2020103910,B,202404020312
ジャスパーロブスト,2021110133,B,202404020312
マコタイガ,2021101356,C,202404020312
セブンスストリート,2020101594,C,202404020312
ミッキーストライク,2021105729,B,202404020312
メイショウマジック,2020106995,C,202404020312
ブリスフル,2021106070,C,202404020312
エアロソニック,2021100409,B,202404020312
アステロイドメア,2020101709,C,202404020312
アドマイヤエイジア,2021100332,C,202404020404
エグマリーヌ,2021106633,B,202404020404
ボナーテソーロ,2021106361,C,202404020404
レッドアレグロ,2021104762,B,202404020404
パワーマックィーン,2021101585,C,202404020404
マジカルプリンス,2021100957,C,202404020404
ポチョラーダ,2021101482,D,202404020404
タイガノイッテキ,2021103870,C,202404020404
ノアファラオ,2021104358,C,202404020404
ツヨポンフェイス,2021106518,C,202404020404
メイショウタイセツ,2021102834,C,202404020404
ワンダーヒナタ,2021100616,C,202404020404
アンドゥーラ,2021100480,B,202404020404
レイズルノワール,2021104262,C,202404020404
オセアハートマン,2021101569,B,202404020404
ミッキーファイト,2021105615,B,202404020407
ハーバーライト,2021105477,C,202404020407
ノットイナフ,2021106625,B,202404020407
ジーサイクロン,2021106006,B,202404020407
ピュアキアン,2021107001,B,202404020407
ハビレ,2021100561,B,202404020407
バロンドール,2021105276,B,202404020407
ソニックスター,2021110060,B,202404020407
ミッキークレスト,2021105112,B,202404020407
メイショウフウドウ,2021104445,B,202404020407
ブルーサン,2021106171,B,202404020407
サンライズソレイユ,2021105104,B,202404020407
ロジアデレード,2021105360,B,202404020407
サトノフェニックス,2021101444,B,202404020407
アラレタバシル,2021107192,B,202404020407
アメリカンランナー,2021110121,B,202404020409
レーヌガレット,2021101465,C,202404020409
シューンカイゼリン,2021103737,C,202404020409
ヴァルタリ,2021106753,C,202404020409
ライトニングゼウス,2021104058,C,202404020409
グローリーロード,2021107348,B,202404020409
ハナチルサト,2021106474,C,202404020409
テンメリーアーサー,2021101489,B,202404020409
フォルスタクラス,2021101739,B,202404020409
メロディアスハード,2021105256,B,202404020409
オールドマイン,2021110129,B,202404020409
タマエスポワール,2021102087,C,202404020409
ドリームライク,2021100928,B,202404020409
ニシノサイエン,2021107003,C,202404020409
レモンシフォン,2021103685,B,202404020409
スズノテレサ,2019104861,B,202404020412
サンライズゴラッソ,2018100390,B,202404020412
コンソレーション,2018104874,C,202404020412
クリノクリスタル,2020107081,B,202404020412
ヤウガウ,2017105433,B,202404020412
インペラートル,2019104997,C,202404020412
モントブレッチア,2019106419,D,202404020412
ダイメイセブン,2020101919,B,202404020412
コロンビアテソーロ,2020102181,C,202404020412
シャドウアイル,2019104635,C,202404020412
ブレイゼスト,2020100631,B,202404020412
レディベル,2019106527,B,202404020412
ブロードリーチ,2019105525,B,202404020412
リジン,2019103983,B,202404020412
キガサ,2019100275,C,202404020412
パナマテソーロ,2021104442,C,202404030102
ゴールデンスイープ,2021105062,B,202404030102
ヤマタケボヌール,2021102074,C,202404030102
プレイフルネス,2021107141,B,202404030102
ソリッドエビデンス,2021100760,C,202404030102
ムーンライトデイ,2021102559,B,202404030102
エクサビット,2021105710,B,202404030102
キミハレモネード,2021102527,C,202404030102
サラフォーコン,2021100397,C,202404030102
クールソル,2021104325,B,202404030102
イントゥザフロー,2021104545,C,202404030102
バルサミコ,2021103798,C,202404030102
ネムレスクイーン,2021107169,B,202404030102
ダイユウヒンギス,2021102015,C,202404030102
ハクサンマロン,2021100256,B,202404030102
アムンラー,2021103089,B,202404030104
イスタンテ,2021110115,A,202404030104
ドンクロノス,2021101863,C,202404030104
メインストリーム,2021106609,B,202404030104
ラフォンターナ,2021103474,C,202404030104
タイセイシップ,2021106580,B,202404030104
アルヴィア,2021106965,C,202404030104
フリーマントル,2021104868,B,202404030104
メイジイシン,2021107124,C,202404030104
カマクラバクフ,2021106435,C,202404030104
ビロウィダダ,2021103243,C,202404030104
クリノユウセイ,2021107337,D,202404030104
ダノンストラーダ,2021104763,B,202404030104
ペンタクン,2021101564,B,202404030104
アステルスフィーダ,2021105088,C,202404030104
サンロレンツォ,2021106759,B,202404030108
コンテソレーラ,2021105449,B,202404030108
クインズカムイ,2020105325,C,202404030108
ゴールドアローン,2021106874,B,202404030108
レリッシュ,2021101385,C,202404030108
サイモンポーリア,2018101166,C,202404030108
アムールドパリ,2021105264,A,202404030108
メダルラッシュ,2020102668,C,202404030108
マンマリアーレ,2020100761,B,202404030108
ツインビスケッツ,2020102949,C,202404030108
カフェアローロ,2021100469,B,202404030108
ラズライト,2019103122,C,202404030108
ライブインステラ,2019104776,B,202404030108
キタノチェロキー,2020105498,C,202404030108
ショーヴァロンス,2021103908,C,202404030108
クリノアルバトロス,2020101983,B,202404030109
ロイヤルソウル,2019101680,C,202404030109
ウイスキータイム,2019102282,B,202404030109
ジューンアース,2020100702,B,202404030109
チュウワスプリング,2020102391,B,202404030109
アポロプラネット,2019101264,B,202404030109
タカネノハナコサン,2020105415,B,202404030109
グレタ,2019102761,C,202404030109
ビップシュプリーム,2019105241,B,202404030109
ロンズデーライト,2018105129,C,202404030109
ニフェーデービル,2020101134,B,202404030109
カナウ,2020103419,B,202404030109
カリュウ,2019106714,B,202404030109
スペキオサレジーナ,2020103316,B,202404030109
セッカチケーン,2019102613,C,202404030109
レディフォース,2020103790,B,202404030111
アナンシエーション,2018110064,C,202404030111
ブレイクフォース,2019105604,B,202404030111
テーオーリカード,2020106884,B,202404030111
ペプチドソレイユ,2020102095,B,202404030111
デンコウリジエール,2017103165,C,202404030111
ゲンパチルシファー,2016101745,B,202404030111
ホウオウリアリティ,2018103489,C,202404030111
ミラクルティアラ,2020103070,B,202404030111
ルクスフロンティア,2020104474,B,202404030111
ヴァンヤール,2018101087,B,202404030111
ドゥラレジリエント,2020102845,B,202404030111
ビヨンドザファザー,2019101613,C,202404030111
クールミラボー,2020103387,B,202404030111
クレスコジョケツ,2019103971,B,202404030111
フジサンワイシーシ,2021100669,C,202404030202
キョウエイフロイデ,2021101053,C,202404030202
ミスサラワク,2021105923,C,202404030202
サノノゴールド,2021102067,B,202404030202
コスモフレディ,2021100730,B,202404030202
カレンタクト,2021104128,B,202404030202
トゥルーマンショウ,2021101632,C,202404030202
ジョリーロジャー,2021105506,B,202404030202
キタノマキシム,2021100514,C,202404030202
バルダンツァ,2021102595,B,202404030202
ラキアレクサンダー,2021106128,B,202404030202
ルルフィーユ,2021102894,B,202404030202
インターシア,2021100644,C,202404030202
グランナヴィール,2021101779,C,202404030202
グランパープル,2021106099,C,202404030202
フジゴウキャク,2021101906,B,202404030204
モーニントンライン,2021103629,C,202404030204
ゴールデンオスカー,2021101235,B,202404030204
ワンダーソロ,2021107384,C,202404030204
レッドレナート,2021103145,B,202404030204
レッツゴーヒカリ,2021109116,C,202404030204
ペイシャツネ,2021106009,C,202404030204
タッカーバレット,2021103994,B,202404030204
ヒナボンボン,2021109080,C,202404030204
トーアマリシテン,2021105335,C,202404030204
サクラリゲル,2021104057,B,202404030204
シーニックビュー,2021105229,B,202404030204
キングプロフィット,2021107012,D,202404030204
ノーブルニードル,2021104382,C,202404030204
ニシノリアリティ,2021100184,B,202404030204
グロリアスヒーロー,2019105755,C,202404030208
ステラデルシエロ,2020102859,C,202404030208
トーセンレスター,2021105515,C,202404030208
キャネル,2021105885,B,202404030208
ミスティックパワー,2020104727,C,202404030208
タリスマン,2021104618,B,202404030208
キタノライジン,2021104561,C,202404030208
クロックフォード,2020102805,C,202404030208
ノーブルラン,2020100741,B,202404030208
クラウンシエンタ,2021101253,C,202404030208
ウィンドフォール,2021105156,B,202404030208
ミツカネジェミニ,2021106896,C,202404030208
ウンガイソウテン,2021104456,B,202404030208
インオービット,2020105510,C,202404030208
レッドライトニング,2021102200,B,202404030208
シベリアンポラリス,2021101056,C,202404030212
メテオフリューゲル,2019100321,C,202404030212
アウゲンブリック,2019101531,D,202404030212
イノセンス,2020100072,C,202404030212
シークレットヴァウ,2021102413,B,202404030212
タイセイピューマ,2021106119,B,202404030212
サンレイマリー,2021102326,B,202404030212
レイデルマール,2018101744,B,202404030212
テンフェリーチェ,2020105564,C,202404030212
ランベントライト,2020110012,B,202404030212
カサブランカキッド,2020104936,C,202404030212
ラブリプリンチャン,2020102431,C,202404030212
イリュージョン,2020103975,C,202404030212
レゲエビーチ,2021110151,D,202404030212
サフランヒーロー,2021100895,B,202404030212
イデアイゴッソウ,2021103096,B,202404030302
ミダース,2021105951,B,202404030302
ブルズアイ,2021100466,B,202404030302
スカイブライトネス,2021107175,C,202404030302
リベルテ,2021101110,C,202404030302
クイーンズクラウン,2021105737,C,202404030302
ミツカネトーラス,2021106900,B,202404030302
コーリンカルベラ,2021101195,B,202404030302
クインタレッリ,2021102792,C,202404030302
フリューゲルコア,2021100756,C,202404030302
アルファウィンザー,2021100432,C,202404030302
グブリーサビタン,2021102417,B,202404030302
ティアップファイト,2021100725,C,202404030302
グアラニア,2021103051,B,202404030302
フミエ,2022106578,C,202404030303
ニシノリンダ,2022107203,B,202404030303
カンタベリーバイク,2022105947,D,202404030303
バム,2022103327,C,202404030303
スリーピース,2022104972,B,202404030303
アウダース,2022109115,B,202404030303
サクラジマ,2022109152,D,202404030303
ブラックトルネード,2022106418,C,202404030303
ダブルメッセージ,2022106337,C,202404030303
トリリオンボーイ,2022102493,B,202404030303
タイセイフランク,2022100207,C,202404030303
セカンドトゥノン,2022103992,C,202404030303
ケイツーギルダー,2022100918,B,202404030303
アズーラ,2022103034,C,202404030303
ノアプレスリー,2022107087,C,202404030303
イグネイシャス,2022106086,C,202404030306
バレオリア,2022105127,C,202404030306
ルヴァレドクール,2022100994,B,202404030306
セイムトゥーユー,2022104149,B,202404030306
スカーレットクロス,2022106297,B,202404030306
スナドケイ,2022103751,C,202404030306
ピカピカサンダー,2022105979,C,202404030306
スマイルディシー,2022104271,B,202404030306
メイユウ,2022106861,C,202404030306
トランスミッション,2022106928,C,202404030306
マタミカンサン,2022103785,C,202404030306
コスモシェルベット,2022106785,B,202404030306
ジャナドリア,2022104888,B,202404030306
フラワーデュエット,2022104690,D,202404030306
アースソーナー,2022101116,C,202404030306
アトラクティーボ,2019100641,B,202404030309
ノーブルマルシェ,2020104636,B,202404030309
シゲルカミカゼ,2020102077,C,202404030309
コルデアニル,2020103154,B,202404030309
トーホウボルツ,2018103018,C,202404030309
グレノークス,2020103033,B,202404030309
シグナルファイアー,2020101228,B,202404030309
ラブベティー,2019106491,C,202404030309
トゥルブレンシア,2017103184,C,202404030309
ユイノマチブセ,2020105147,B,202404030309
フロンタルクリス,2018104517,C,202404030309
ジャスパーロブスト,2021110133,B,202404030309
サラフィエル,2019101464,C,202404030309
サイモンソーラン,2019102341,B,202404030309
サンライズパスカル,2020102343,B,202404030309
フィーカ,2019103946,B,202404030310
ジュンウィンダム,2020106062,B,202404030310
アイファーシアトル,2020107113,B,202404030310
フラップシグナス,2019104660,B,202404030310
ケイアイアニラ,2020104228,B,202404030310
メイショウイジゲン,2018106391,B,202404030310
ハヤブサジェット,2020105049,B,202404030310
リッキーマジック,2019106513,C,202404030310
ゴッドセンド,2020104469,B,202404030310
エティエンヌ,2019105761,B,202404030310
ホッコーカリュウ,2018103147,C,202404030310
レヴール,2019100614,C,202404030310
ダテボレアス,2019103562,B,202404030310
エランティス,2020104429,A,202404030310
セイカフォルゴーレ,2019101923,C,202404030310
レイヌドサーブル,2021104801,B,202404030403
コルヴィル,2021104511,C,202404030403
ジェイエルマリーナ,2021101822,C,202404030403
スズノアムール,2021104499,B,202404030403
ミスティカルレイ,2021104136,B,202404030403
クランプダンス,2021105733,C,202404030403
ルージュアベリア,2021105058,B,202404030403
ジーティースズナリ,2021100558,C,202404030403
ポチョラーダ,2021101482,C,202404030403
パレスパートナー,2021102357,B,202404030403
ウルティモ,2021101209,C,202404030403
オリジナルオリジン,2021101060,B,202404030403
ビーナスライズ,2021102342,C,202404030403
チーチャン,2021102825,C,202404030403
グレースアイリス,2021102704,C,202404030403
カフェロワン,2021103222,D,202404030406
ツキノサクラ,2021102233,B,202404030406
アメリカンランナー,2021110121,B,202404030406
シューンカイゼリン,2021103737,C,202404030406
グランジュール,2021102105,C,202404030406
ミスエル,2021106986,B,202404030406
ナツリュウオー,2021100125,C,202404030406
ハコダテノハナ,2021102132,B,202404030406
ゴールデンレイ,2021103448,C,202404030406
フクシマジョワイユ,2021103368,D,202404030406
アイランドピーク,2021101363,B,202404030406
イデアガウディ,2021103105,B,202404030406
チェリッシュ,2021104135,B,202404030406
エッセイ,2021110038,C,202404030406
インサイダー,2021104954,C,202404030406
リプレゼント,2020103559,B,202404030408
メモリーグラス,2020107095,B,202404030408
パイリヴレ,2020105326,B,202404030408
ブルーデイジー,2019101340,D,202404030408
アイズ,2021107154,B,202404030408
ヴィクトリーロード,2020103931,C,202404030408
マーシヴィガラス,2020104099,D,202404030408
ケイパブル,2020101660,D,202404030408
ヘレンキムゼー,2019104560,B,202404030408
ノルドヴェスト,2020102711,B,202404030408
グッドロマンス,2020104664,C,202404030408
アイファーマオ,2019106470,C,202404030408
オリエンタルキング,2019100069,C,202404030408
グラスブランシュ,2021103588,C,202404030408
サンランシング,2018100298,C,202404030408
サクセスローレル,2019102454,C,202404030411
デュアリスト,2018105158,B,202404030411
シゲルホサヤク,2018103362,B,202404030411
ヴァガボンド,2018106074,B,202404030411
アルファマム,2019103529,B,202404030411
ダノンミカエル,2020101632,B,202404030411
コパノパサディナ,2020100829,B,202404030411
メズメライザー,2019101894,C,202404030411
ロードエクレール,2018105998,C,202404030411
マニバドラ,2020110105,B,202404030411
ピンシャン,2017110120,B,202404030411
メタマックス,2020110131,B,202404030411
コパノニコルソン,2019104116,B,202404030411
ナックドロップス,2019103274,B,202404030411
ロードレヴェランス,2021100155,B,202404030412
サンダーアラート,2021101671,B,202404030412
マスグラバイト,2020103505,B,202404030412
ディアスポラ,2021102498,B,202404030412
チュウワエース,2019102395,B,202404030412
ワンダフルヘヴン,2019110076,C,202404030412
ハンデンカイザー,2021102456,C,202404030412
コスモヴィーコ,2021106773,B,202404030412
ブライテストドーン,2020102956,C,202404030412
ヘラクレスノット,2020103023,C,202404030412
ビーティングハート,2020102219,C,202404030412
ヘヴンリーハンド,2021106910,C,202404030412
コトブキヘスペラス,2020100209,C,202404030412
コレクテイニア,2020110020,C,202404030412
ノーブルアクト,2020104744,C,202404030412
リプレイ,2021104371,B,202404030502
ビーナスライズ,2021102342,C,202404030502
ユズノキ,2021104570,C,202404030502
レコレクション,2021102525,B,202404030502
ライトピラー,2021101204,C,202404030502
ティアード,2021105597,B,202404030502
ミヤビエクセレント,2021103883,C,202404030502
キョウエイフロイデ,2021101053,B,202404030502
ドナウワルツ,2021105679,B,202404030502
リシャールウィン,2021102646,C,202404030502
タマモポロネーズ,2021104523,,202404030502
ノーマンズランド,2021101693,B,202404030502
ジェリクルソング,2021104772,C,202404030502
クイーンズアームス,2021105935,C,202404030502
セルース,2021105550,C,202404030502
アメージング,2022107287,B,202404030506
フクノスパイン,2022106455,C,202404030506
モーリシャスアロマ,2022104603,B,202404030506
ジョウショータイガ,2022106246,C,202404030506
ラブミーハーパー,2022106260,B,202404030506
キタノライブリー,2022106471,C,202404030506
サノノワンダー,2022102039,B,202404030506
ハコダテサンバ,2022102105,B,202404030506
モカラマーズ,2022103609,B,202404030506
サマーエンジェル,2022103165,B,202404030506
アイビーガオー,2022100039,C,202404030506
シャインミラカナ,2022104411,C,202404030506
リュウノワールド,2022106702,C,202404030506
ヨドノエース,2022100350,C,202404030506
アカオー,2022104471,C,202404030506
クラウンライジング,2021101247,B,202404030507
ユアグローリー,2021104794,C,202404030507
ポップスター,2021100179,C,202404030507
サブリエ,2021100249,B,202404030507
キッドストン,2021105146,B,202404030507
フリーマントル,2021104868,B,202404030507
ポーラスター,2021107232,C,202404030507
サントリーニブルー,2021105879,B,202404030507
ジェイエルジェティ,2021101833,C,202404030507
ライネスヘルツ,2021105181,B,202404030507
カミノケンシン,2021109071,C,202404030507
プリンセスサクラ,2021100714,B,202404030507
ペクトラル,2021107183,C,202404030507
ポジティブスピン,2021103516,B,202404030507
ボムポット,2021100870,C,202404030507
フイノマジワリ,2021101415,C,202404030508
メダルラッシュ,2020102668,B,202404030508
ウェルキン,2021105294,B,202404030508
エスシーヤマト,2021100845,B,202404030508
ターコイズデュー,2020101377,C,202404030508
マーゴットミニモ,2020100655,B,202404030508
イリディセント,2021105614,B,202404030508
サイモンポーリア,2018101166,C,202404030508
マルアズール,2019104784,C,202404030508
ラズライト,2019103122,B,202404030508
ヴァズレーヌ,2021106707,C,202404030508
アルヴィエンヌ,2020103225,C,202404030508
グランコネクシオン,2021105123,C,202404030508
ミレニアムヒロイン,2021103480,B,202404030508
ミニョンルミエール,2019104303,C,202404030508
サンレイマリー,2021102326,B,202404030512
ライトニングゼウス,2021104058,B,202404030512
メモリーグラス,2020107095,C,202404030512
ミッキードラマー,2021104782,C,202404030512
モリノセピア,2021106307,B,202404030512
ニシノシークレット,2020100383,B,202404030512
オリエンタルキング,2019100069,C,202404030512
レッドセニョール,2021105779,B,202404030512
クレイジーディス,2021102522,C,202404030512
ノーブルゲイル,2021104283,B,202404030512
モスオーキッド,2021105250,B,202404030512
オリビアジュテーム,2020100714,C,202404030512
サミアド,2021109086,B,202404030512
イーデンテソーロ,2020102384,B,202404030512
マイネルディレクト,2021106805,D,202404030512
タキザクラ,2021100180,B,202404030602
タマディープ,2021102302,C,202404030602
グラスフェロー,2021103906,B,202404030602
ミラクルジニア,2021103301,C,202404030602
レゴーラドーロ,2021106703,C,202404030602
ロジサビアーレ,2021104588,C,202404030602
ウヌボレヤサン,2021104052,C,202404030602
リムショット,2021105656,B,202404030602
アルマジャック,2021100518,C,202404030602
ブルーストレイル,2021106078,C,202404030602
イデアイゴッソウ,2021103096,,202404030602
バウンドトゥウィン,2021104628,C,202404030602
ペンタクン,2021101564,B,202404030602
サノノゴールド,2021102067,B,202404030602
リボルトバレット,2021104822,C,202404030602
ゴールデンオスカー,2021101235,B,202404030604
ペイシャツネ,2021106009,B,202404030604
バルサミコ,2021103798,C,202404030604
デフィニトリー,2021106360,B,202404030604
デリングシチー,2021100385,C,202404030604
デルマアルジュナ,2021101982,D,202404030604
コファーズ,2021102193,C,202404030604
ロックオブソシジ,2021100568,C,202404030604
ペイシャソプラノ,2021100590,C,202404030604
ハッピージャズ,2021105809,D,202404030604
ポッピン,2021100386,C,202404030604
オーブルクール,2021103095,A,202404030604
アルヴァレス,2021103041,C,202404030604
キミハレモネード,2021102527,C,202404030604
ストロングハッピー,2021101283,D,202404030604
グロッシェン,2021104844,B,202404030608
ネオシルバー,2021106063,B,202404030608
グロバーテソーロ,2021101147,B,202404030608
マコタイガ,2021101356,B,202404030608
アオカミ,2019101753,C,202404030608
デフィニティーボ,2021105929,B,202404030608
シークレットマター,2021101636,B,202404030608
バナマンテソーロ,2021102281,B,202404030608
ダイヤモンドビーチ,2020103956,C,202404030608
ピコニ,2021101727,C,202404030608
エッグスラット,2020102792,B,202404030608
ミラーオブマインド,2020102796,C,202404030608
ミスティックパワー,2020104727,C,202404030608
カルツァクライン,2021102933,C,202404030608
キタノチェロキー,2020105498,C,202404030608
フミバレンタイン,2019105112,B,202404030609
ビップシュプリーム,2019105241,B,202404030609
フェイマスドクター,2020106047,C,202404030609
トーセンニック,2018105647,B,202404030609
ニジュウダンサー,2020102439,B,202404030609
ケンキョ,2020105949,C,202404030609
ベルウッドウズメ,2019109138,B,202404030609
グレタ,2019102761,B,202404030609
グッジョブ,2020101182,B,202404030609
インユアパレス,2021110126,A,202404030609
ウィンダミア,2019106808,C,202404030609
トーアアイギス,2021105334,B,202404030609
サウスジェラート,2018104022,C,202404030609
ランタナヒルズ,2021101241,B,202404030609
フェズカズマ,2019105218,B,202404030609
キタノラブミー,2022104465,B,202404030702
リネンフラッシュ,2022101174,C,202404030702
マイネルラカイユ,2022104538,C,202404030702
アルマグラース,2022100216,C,202404030702
ニューファウンド,2022104643,B,202404030702
ゼロファイター,2022101237,C,202404030702
レインボーギフト,2022102361,D,202404030702
バーニングフレーム,2022106409,C,202404030702
テクニコス,2022105412,D,202404030702
ビップジェシー,2022103776,D,202404030702
タマモルル,2021107103,C,202404030703
ペイシャアゲイン,2021104216,C,202404030703
リターンエース,2021101348,C,202404030703
デリングシチー,2021100385,,202404030703
ダイノハイド,2021107267,C,202404030703
グランジュール,2021102105,D,202404030703
ゴールデンオスカー,2021101235,C,202404030703
サラフォーコン,2021100397,C,202404030703
ヒトリゴツ,2021106760,D,202404030703
シューンカイゼリン,2021103737,B,202404030703
ペイルムーン,2021106650,C,202404030703
クーリッジテソーロ,2021101617,B,202404030703
テンチャスカーラ,2021109012,C,202404030703
ガメイラヴァー,2021100543,B,202404030703
スキーサンダー,2021101653,,202404030703
グローブフェイム,2020104105,B,202404030708
ニシノヴィヴィ,2021100948,B,202404030708
ペイシャソプラノ,2021100590,,202404030708
オンザヴィーナス,2021105057,C,202404030708
ヴィエンヌ,2020100500,C,202404030708
マイクロモザイク,2020100516,B,202404030708
スマートオリーブ,2019104059,C,202404030708
バイロイト,2019101920,B,202404030708
シウン,2019105420,C,202404030708
アルーリングタイム,2021104829,B,202404030708
レヴィテーション,2021107259,C,202404030708
ノーブルミステリー,2020106429,B,202404030708
シャインフェアリー,2020100921,C,202404030708
イロハニオエ,2019100354,B,202404030708
バロン,2021105974,B,202404030708
フレンチギフト,2019103210,B,202404030711
ヘニータイフーン,2020104675,B,202404030711
オンザライン,2018104646,B,202404030711
ロードバルドル,2019100410,C,202404030711
アースライザー,2017103285,C,202404030711
ウォーロード,2018105774,D,202404030711
ヒューゴ,2020102345,B,202404030711
カズプレスト,2019102869,B,202404030711
メイショウカゲカツ,2019104044,B,202404030711
カシノブレンド,2016100297,C,202404030711
サトノアポロン,2018105214,B,202404030711
リベルテ,2021101110,B,202404030803
アルファウィンザー,2021100432,C,202404030803
チーチャン,2021102825,C,202404030803
ラキアレクサンダー,2021106128,B,202404030803
ライトピラー,2021101204,,202404030803
サノノゴールド,2021102067,B,202404030803
ユアグローリー,2021104794,B,202404030803
コーリンカルベラ,2021101195,C,202404030803
ポップスター,2021100179,B,202404030803
ボムポット,2021100870,,202404030803
ミスサラワク,2021105923,C,202404030803
パレスパートナー,2021102357,B,202404030803
ビーナスライズ,2021102342,C,202404030803
レッドアレグロ,2021104762,B,202404030803
プリンセスサクラ,2021100714,C,202404030803
フジゴウキャク,2021101906,B,202404030807
エリカビーナス,2021103736,B,202404030807
エリーステラ,2021101177,B,202404030807
アメリカンランナー,2021110121,C,202404030807
ディスクリーキング,2021106416,C,202404030807
インサイダー,2021104954,C,202404030807
グランパープル,2021106099,D,202404030807
バルサミコ,2021103798,C,202404030807
サトミノエガオ,2021104959,C,202404030807
アルヴァレス,2021103041,,202404030807
ディアフリーゼ,2021102928,B,202404030807
トーアマリシテン,2021105335,C,202404030807
ネオクラウン,2021106120,D,202404030807
ペイシプリンプリン,2021102023,D,202404030807
スマートスコープ,2021102721,,202404030807
グレースレニー,2020100786,C,202404030808
ファルコンミノル,2020104748,B,202404030808
キタノマキシム,2021100514,C,202404030808
ノアファラオ,2021104358,C,202404030808
バウンドトゥウィン,2021104628,,202404030808
シグムンド,2021106353,B,202404030808
ヘヴンリーハンド,2021106910,C,202404030808
キャネル,2021105885,B,202404030808
インオービット,2020105510,C,202404030808
ノーブルラン,2020100741,B,202404030808
グロリアスヒーロー,2019105755,C,202404030808
タリスマン,2021104618,B,202404030808
ブーバー,2020102840,B,202404030810
アメリカンエール,2018110132,C,202404030810
バンブーグローブ,2020102120,D,202404030810
サンライズパスカル,2020102343,B,202404030810
スズノテレサ,2019104861,C,202404030810
エリカコレクト,2019105286,C,202404030810
クラウンブラヴォー,2020101422,C,202404030810
マンマリアーレ,2020100761,B,202404030810
ボールドゾーン,2020110130,B,202404030810
レオカクテル,2018106144,C,202404030810
ハビレ,2021100561,B,202404030810
ヴォーグマチネ,2018101662,C,202404030810
アニトラ,2020102679,C,202404030810
ヤウガウ,2017105433,B,202404030810
クリニクラウン,2020100934,B,202404030810
ビップジェシー,2022103776,C,202404040102
ハシリマッセ,2022106067,D,202404040102
ロックウイズユー,2022103143,B,202404040102
チュラビックタイム,2022102097,C,202404040102
スペースリーガ,2022103020,D,202404040102
ヤスケ,2022103295,B,202404040102
タイセイフランク,2022100207,B,202404040102
ダテミカヅキ,2022102699,B,202404040102
マインエンゼル,2022104379,,202404040102
ドーバーブライト,2022104313,C,202404040102
サンライズフーガ,2022104429,B,202404040102
ハルノアラシ,2022106099,B,202404040102
ハルカナネガイ,2019102062,C,202404040103
ローズブルーム,2019101428,C,202404040103
グリントリッター,2021100328,B,202404040103
ストームバンガード,2021103819,B,202404040103
ラピッドベル,2020106813,B,202404040103
クリノミニスター,2019103285,B,202404040103
エスグラシア,2019105830,C,202404040103
グローブフェイム,2020104105,C,202404040103
ロマンスライト,2021102449,C,202404040103
ヘルメース,2021103710,C,202404040103
ルソレイユ,2020100897,B,202404040103
カツノテンス,2020105525,C,202404040103
ジェイエルトランス,2020101956,C,202404040103
シタン,2019105350,C,202404040103
ミスキャサリン,2021102155,C,202404040103
ヒルノデプラーツ,2019106573,B,202404040107
カーマンライン,2021105329,C,202404040107
ダオラダオラ,2020104336,C,202404040107
フリースタイル,2020104559,C,202404040107
シーリュウシー,2021106180,C,202404040107
フィッツジェラルド,2021105305,C,202404040107
ハイグッドワールド,2021104474,C,202404040107
レッドクレメンス,2021104970,B,202404040107
キタサンシデン,2021107047,B,202404040107
カレンマウラー,2021101577,B,202404040107
ムーンスカイ,2020102273,B,202404040107
タマモナポリ,2021106177,B,202404040107
マケズギライ,2021102516,B,202404040108
ベルウッドワン,2021100641,B,202404040108
ダイチラファール,2019102469,C,202404040108
スターザサンライズ,2019101624,B,202404040108
キャッチザロマンス,2020102835,B,202404040108
メイプルリーフラグ,2020103527,C,202404040108
レイワホマレ,2019105429,B,202404040108
テイエムヒショウ,2020101216,B,202404040108
ワークソング,2021102462,B,202404040108
ライトニングゼウス,2021104058,B,202404040108
カゲツ,2020102086,B,202404040108
パイアイヤー,2020105327,C,202404040108
コウユーユメノヨウ,2021101194,B,202404040108
イルザ,2019102736,C,202404040108
ハルクバローズ,2020104663,B,202404040108
アッチャゴーラ,2020102843,B,202404040111
トーホウボルツ,2018103018,C,202404040111
ワイルドベティ,2019105073,B,202404040111
スズノテレサ,2019104861,B,202404040111
テレパシー,2020104205,B,202404040111
ヒルズカーン,2020106166,C,202404040111
シュガーコルト,2019106364,C,202404040111
コルデアニル,2020103154,B,202404040111
エスティメート,2019102648,B,202404040111
サイモンソーラン,2019102341,B,202404040111
コパノマイアミ,2021106191,C,202404040111
サイモンルモンド,2017106722,C,202404040111
スナークレジスト,2017102930,C,202404040111
ブラックトルネード,2022106418,B,202404040201
フクシマジンロッソ,2022102585,C,202404040201
ニシノサンストーン,2022109162,B,202404040201
オカゲサン,2022104068,C,202404040201
ミキノオーボエ,2022102592,C,202404040201
ブルドッグキング,2022101616,C,202404040201
シカレ,2022104308,C,202404040201
チュラット,2022103892,B,202404040201
ダイメイハマダ,2022104001,C,202404040201
ナックオリオン,2022101542,C,202404040201
エイトビートレター,2022107018,C,202404040201
ナムラルナ,2022102899,B,202404040201
ブルドッグガール,2022100241,B,202404040201
ブリッツアロング,2022102819,B,202404040201
ミレニアムヒロイン,2021103480,C,202404040203
ルージュアベリア,2021105058,C,202404040203
グラングスト,2020103525,B,202404040203
ドレミファニー,2020104855,B,202404040203
リノアラ,2019101620,C,202404040203
ハイウェイスター,2021106621,B,202404040203
リアンクトワ,2021103293,B,202404040203
ヴィスパメンテ,2019104528,B,202404040203
サイモンポーリア,2018101166,C,202404040203
ノーブルアクト,2020104744,B,202404040203
フイノマジワリ,2021101415,B,202404040203
ブルスケッタ,2021100410,C,202404040203
ロッカバイベイビー,2022103725,C,202404040205
エーデルムート,2022101092,C,202404040205
モンスター,2022100739,C,202404040205
ノーブルオリンポス,2022100528,C,202404040205
アイアンソリッド,2022100588,C,202404040205
ロードフロイデ,2022100613,C,202404040205
モズタチアガレ,2022106010,C,202404040205
ポールセン,2022110140,B,202404040205
ソングコレクター,2022110143,B,202404040205
ラピルスイメル,2022106194,B,202404040205
エメラルドラグーン,2022106423,D,202404040205
コウバイ,2022106919,D,202404040205
アルマヴィーナス,2022100217,B,202404040205
キーホーム,2022107125,C,202404040205
ドリームパンジャ,2022100682,D,202404040205
エッグスラット,2020102792,B,202404040208
フラッシング,2021105971,C,202404040208
アルファヒディ,2019105322,C,202404040208
グロリアスヒーロー,2019105755,C,202404040208
ゼンダンスカイ,2021106294,B,202404040208
ストロンゲスト,2019103780,C,202404040208
カーリングホリデー,2021106982,C,202404040208
レーヴドオルフェ,2017102082,C,202404040208
サーティファイド,2019105857,C,202404040208
ヘヴンリーハンド,2021106910,C,202404040208
キャロルビアンカ,2020100719,C,202404040208
クインズミモザ,2018101742,B,202404040211
フレンチギフト,2019103210,B,202404040211
ピースオブザライフ,2020101024,B,202404040211
ライジングラパス,2020109096,C,202404040211
コンスタンティン,2019101291,B,202404040211
サンカルパ,2019105329,B,202404040211
インヒズアイズ,2020110147,C,202404040211
スノーグレース,2019105185,B,202404040211
インザオベーション,2019105628,C,202404040211
フェブランシェ,2020103616,B,202404040211
ガウラ,2020102195,D,202404040211
サトノアイオライト,2021105569,B,202404040211
ソレイユヴィータ,2020106338,B,202404040211
モンシェリ,2021102399,B,202404040212
スパークルジョイ,2021101891,B,202404040212
ジェイエルバルカー,2020100131,C,202404040212
イエデゴロゴロ,2021103701,B,202404040212
サリーチャン,2019107032,C,202404040212
アナスタシス,2021100493,C,202404040212
ノビル,2021102091,C,202404040212
ランベントライト,2020110012,C,202404040212
チーフルガール,2021100563,C,202404040212
サクソフィーナ,2021110042,B,202404040212
メイプルギャング,2021110063,B,202404040212
マイネルフォーコン,2020104523,B,202404040212
サベージラヴ,2021103748,C,202404040212
ドゥータップ,2021110156,C,202404040212
ランウインディ,2021106305,B,202404040212
ソルトチューダ,2022105914,B,202404040302
アルムチャーチル,2022106567,B,202404040302
アレグランサ,2022105806,B,202404040302
ラブミーハーパー,2022106260,C,202404040302
カイトヴィント,2022102991,C,202404040302
パナランギン,2022102337,D,202404040302
マイネルラカイユ,2022104538,C,202404040302
ミルトオーケストラ,2022100987,C,202404040302
チェリースカヤ,2022100316,C,202404040302
スマートプレシャス,2021103939,B,202404040303
サンセットブライト,2021102753,C,202404040303
アイウィルビー,2021106573,C,202404040303
ヒロインズクレスト,2021105089,C,202404040303
カフェアローロ,2021100469,B,202404040303
オランジー,2020103375,C,202404040303
ランランガール,2021105003,B,202404040303
セルケト,2019105272,B,202404040303
メイショウリリー,2021103209,C,202404040303
ルルディルッカ,2021102391,C,202404040303
スマイルヴィヴァン,2018100895,C,202404040303
ハリウッドパーク,2021104581,B,202404040303
コムルヴァン,2021107168,C,202404040303
フリーダムレイン,2021105792,B,202404040307
メダルラッシュ,2020102668,C,202404040307
トゥジュール,2021106737,C,202404040307
ザロック,2021106845,C,202404040307
エスジースパークル,2020100130,C,202404040307
ブラックリバー,2021104484,B,202404040307
カムランベイ,2020101803,B,202404040307
ヒルノアントラ,2017102084,C,202404040307
ソルアマゾン,2021104667,C,202404040307
ハギノインスパイア,2021106641,B,202404040307
クラウンシエンタ,2021101253,B,202404040307
ワンダーカモン,2021100739,B,202404040308
サンディブロンド,2021105821,C,202404040308
オコジュ,2020101265,C,202404040308
ヤマニンアルリフラ,2021106601,B,202404040308
ハッピーパンニャ,2020104340,B,202404040308
ブライトルピナス,2021103598,C,202404040308
ハッピーアズラリー,2020101121,B,202404040308
ネイト,2019102701,B,202404040308
ダイシンネイビー,2021106551,B,202404040308
ホウオウトランプ,2021105886,B,202404040308
ラリベラ,2019105533,B,202404040308
メリオルヴィータ,2020102591,B,202404040308
イノセントキャット,2021104745,C,202404040308
クイーンアポーン,2019104128,C,202404040312
ゼンノツキヨミ,2021106983,B,202404040312
フリントロック,2020103844,B,202404040312
オーロラアーク,2019102186,C,202404040312
フレイミングパイ,2021106936,C,202404040312
ゴレイジョウ,2020106336,C,202404040312
クインズセレネ,2021103943,B,202404040312
クリニエールグラス,2019103978,C,202404040312
アンジュグルーヴ,2021105613,B,202404040312
クィーンアドバンス,2017100141,C,202404040312
パレスドフィーヌ,2021105373,B,202404040312
ワイノナオミ,2021105973,B,202404040312
ペイシャニット,2021106326,C,202404040312
バロン,2021105974,B,202404040312
カンタベリーノブシ,2022105946,C,202404040401
マニーヒーロー,2022103035,C,202404040401
スマートテンペスト,2022102734,B,202404040401
リポジノ,2022104301,B,202404040401
セイウンピカイチ,2022102706,B,202404040401
クリアクォーツ,2022101587,B,202404040401
シルフズミスチーフ,2022110001,B,202404040401
ニシノヘリオトロプ,2022107204,C,202404040401
ワイルドブッター,2022105077,B,202404040401
ゼンダンタカ,2022106187,B,202404040401
ソノバシノギ,2022101081,D,202404040401
キタノライブリー,2022106471,C,202404040401
ベイビーキッス,2022102514,C,202404040401
サノノゴールド,2021102067,B,202404040404
ユアフラッシュ,2020102594,B,202404040404
ダンツドール,2021100112,C,202404040404
マベルシュシュット,2021104453,B,202404040404
ブロンディール,2020104670,C,202404040404
メイショウヨスガラ,2021102569,B,202404040404
ヴォランテ,2020100593,B,202404040404
サトノレイズ,2021104961,B,202404040404
アンノウンウォリア,2019100577,B,202404040404
イモータルソウル,2018103802,C,202404040404
ホウオウアンジュ,2022100125,B,202404040405
プレデスティナーレ,2022106751,C,202404040405
ハクアイローラ,2022106267,B,202404040405
フェイマスウォリー,2022106101,B,202404040405
スワッガー,2022106317,C,202404040405
メモリードライブ,2022105728,B,202404040405
コア,2022102338,B,202404040405
レイアポポ,2022102103,C,202404040405
テルケンレンスター,2022105932,C,202404040405
アストラン,2022102540,C,202404040405
ゴールドブリーダー,2022106847,B,202404040405
ホークライト,2022105258,C,202404040405
ホーネッツネスト,2022101672,C,202404040405
エクセルアラジン,2022103403,C,202404040405
アンドリーナ,2022101457,B,202404040405
フリッパー,2020100078,B,202404040407
ジーティージン,2021100119,C,202404040407
リゼレインボー,2019102676,B,202404040407
ショーケン,2020103997,C,202404040407
マーブルマウンテン,2021110084,C,202404040407
エコロブレード,2021103713,B,202404040407
タナバタ,2021105969,B,202404040407
マルモルミエール,2020106311,C,202404040407
ゲインサポート,2021104590,C,202404040407
アブストゥルース,2020110050,C,202404040407
ロードリレーション,2021100145,C,202404040408
ヨシノヤッタルデー,2021102336,B,202404040408
アポロルタ,2019106637,C,202404040408
タイセイピューマ,2021106119,B,202404040408
カフェベラノッテ,2019103308,C,202404040408
テイエムヒショウ,2020101216,C,202404040408
ヤマカツパトリシア,2017104086,B,202404040408
トロピカルヒーロー,2020104960,D,202404040408
テーオーレガシー,2020100604,C,202404040410
イージーオンミー,2020101143,B,202404040410
アトラクティーボ,2019100641,C,202404040410
プレイサーゴールド,2020100053,C,202404040410
シゲルカミカゼ,2020102077,B,202404040410
サパテアール,2019102514,B,202404040410
コレオグラファー,2020101921,B,202404040410
リジン,2019103983,C,202404040410
ラジエーション,2021102910,C,202404040410
ノーブルマルシェ,2020104636,B,202404040410
リュウノヒナギク,2022104356,C,202404040502
コリエドール,2022102355,B,202404040502
アリュールテーラー,2022105567,B,202404040502
ネオクイーン,2022104866,C,202404040502
ゴームズ,2022103701,C,202404040502
リバースザトレンド,2022105859,B,202404040502
サバイバルナイン,2022109127,D,202404040502
エイブリー,2022105654,C,202404040502
グランカッサ,2022104908,C,202404040502
アイヨトワニ,2022105896,C,202404040502
ダブルスチール,2022102632,C,202404040503
アスコットアイ,2022103485,C,202404040503
デザーヴ,2022104543,B,202404040503
ラピルスイメル,2022106194,B,202404040503
モズノセイギ,2022102648,C,202404040503
ソイジャガー,2022100451,C,202404040503
ビーマックス,2022100729,B,202404040503
ブリッツアロング,2022102819,B,202404040503
コパノハーン,2022104101,C,202404040503
ミユンガー,2022106201,C,202404040503
ロッカバイベイビー,2022103725,C,202404040503
ダイメイハマダ,2022104001,B,202404040503
ヤマニンクイッカー,2019102777,B,202404040506
マリンバンカー,2021103129,B,202404040506
サンデーヒーロー,2020100903,C,202404040506
ダイタジャスティス,2021102954,C,202404040506
トゥピ,2020106776,C,202404040506
ライヴァル,2020104926,C,202404040506
メイショウジェンマ,2020106491,D,202404040506
ゼンダンスカイ,2021106294,B,202404040506
ノーブルミステリー,2020106429,C,202404040508
モデルハント,2021103912,B,202404040508
エブリモーメント,2021104649,C,202404040508
クリノミニスター,2019103285,B,202404040508
ピリー,2021100526,B,202404040508
ニシノクラウン,2021100187,C,202404040508
キーウィル,2020105470,B,202404040508
ゴッドカインド,2021106150,B,202404040508
ダイチジェム,2021100625,C,202404040508
ラブカムーン,2021106586,B,202404040508
ファイアネイド,2020101823,B,202404040508
ノビル,2021102091,B,202404040508
スマートオリーブ,2019104059,B,202404040512
セイウンデセオ,2021100248,B,202404040512
ハルカナネガイ,2019102062,C,202404040512
ステラシティ,2021102669,C,202404040512
ランウインディ,2021106305,C,202404040512
アイスリンディ,2021103575,B,202404040512
カラフルメロディー,2021103219,C,202404040512
グローリアスカペラ,2018101804,C,202404040512
サンマルブーケ,2021101120,B,202404040512
パイリヴレ,2020105326,C,202404040512
ミスファントム,2021100053,B,202404040512
カゲツ,2020102086,B,202404040512
ツリートップムーン,2022105887,C,202404040602
フレンドシルバー,2022100256,C,202404040602
ハルノアラシ,2022106099,B,202404040602
レッドギフテッド,2022105136,C,202404040602
チュラビックタイム,2022102097,C,202404040602
ライフゲート,2022103778,B,202404040602
キョウエイスレーヴ,2022103472,C,202404040602
タガノマカシヤ,2022107134,B,202404040602
ロワゾブルーチヌ,2022104140,C,202404040602
ケイアイメキラ,2020104215,C,202404040603
キャロルビアンカ,2020100719,B,202404040603
ミスサラワク,2021105923,B,202404040603
メダルラッシュ,2020102668,,202404040603
イモータルソウル,2018103802,C,202404040603
ベイビールビオ,2019103592,C,202404040603
メイショウソムリエ,2021102980,B,202404040603
メンドロントット,2021105023,C,202404040603
ヘラクレスノット,2020103023,C,202404040603
オウケンヴィーナス,2021105451,C,202404040603
ダオラダオラ,2020104336,B,202404040606
メイショウコナン,2021103064,B,202404040606
イッツナッシング,2021103040,C,202404040606
リックスター,2020103593,B,202404040606
メイショウカシワデ,2021103154,C,202404040606
ウヌボレヤサン,2021104052,C,202404040606
ウッドショック,2019106923,B,202404040606
アッティラ,2020102185,B,202404040606
イデアユウシン,2020106549,B,202404040606
ムーンスカイ,2020102273,C,202404040606
マーシヴィガラス,2020104099,B,202404040610
クロンヌドラレーヌ,2019104720,D,202404040610
ルソレイユ,2020100897,B,202404040610
チュウワキャリア,2021102295,B,202404040610
シャイニーズラン,2017100728,C,202404040610
モリノセピア,2021106307,B,202404040610
パドマ,2021102953,B,202404040610
プレイテシア,2019102491,B,202404040610
スペキオサレジーナ,2020103316,C,202404040610
バンドールロゼ,2019105819,C,202404040610
ストリンジェンド,2020102702,B,202404040610
ミルトハンター,2020105157,B,202404040610
バスドラムガール,2020104363,B,202404040610
アメリカンチケット,2021110122,B,202404040610
キュートヘスティア,2019103600,B,202404040610
ギルティプレジャー,2021101682,B,202404040612
ザウリ,2019101399,C,202404040612
ターンソウル,2020107103,,202404040612
スターチスブーケ,2021110075,B,202404040612
ドゥータップ,2021110156,B,202404040612
ビーコング,2021103595,B,202404040612
ワタシダケドナニカ,2020103918,C,202404040612
リオンラファール,2019103318,B,202404040612
ルールシェーバー,2017109029,B,202404040612
アメリカンチーフ,2021110123,B,202404040612
クイーンアポーン,2019104128,C,202404040612
メイショウヤーキス,2021102573,B,202404040612
アメリカンマーチ,2021110136,B,202404040612
プレデスティナーレ,2022106751,B,202404040702
キャストロププ,2022100749,C,202404040702
アライアンスデイ,2022101276,B,202404040702
タガノビギニング,2022106565,B,202404040702
マイユニバース,2022104902,B,202404040702
マイネルラカイユ,2022104538,B,202404040702
メイショウマクジキ,2022102576,C,202404040702
アストラン,2022102540,D,202404040702
コア,2022102338,B,202404040702
キタノブリランテ,2022107307,D,202404040702
ハクシンブライアン,2022106975,C,202404040702
ブラックジジ,2022101578,C,202404040702
フレイミングパイ,2021106936,B,202404040703
ロマンスライト,2021102449,B,202404040703
イモータルフェイム,2019104486,C,202404040703
スターザサンライズ,2019101624,B,202404040703
ケイトポムドゥパン,2020105128,C,202404040703
サラフォーコン,2021100397,C,202404040703
イエデゴロゴロ,2021103701,C,202404040703
パイアイヤー,2020105327,C,202404040703
シュヴァルツリーベ,2020106101,B,202404040703
オーロラアーク,2019102186,B,202404040703
チェルシー,2021106724,B,202404040703
ルイステソーロ,2022100574,C,202404040705
ロンデシャッセ,2022101662,C,202404040705
ベルヴィオレット,2022100786,C,202404040705
スパルタンキング,2022103831,C,202404040705
コパカツ,2022104243,C,202404040705
ヘッズアップ,2022104211,D,202404040705
ミスターヨッシャー,2022106971,C,202404040705
サノノダンサー,2022100503,C,202404040705
ユリオプスイエロー,2022103370,C,202404040705
キモンロッソ,2022104240,C,202404040705
アイズミサクラ,2022104364,C,202404040705
タベザカリ,2022101606,C,202404040705
エソテリック,2022103340,C,202404040705
ヤマタケトップガン,2022102832,D,202404040705
スプリット,2022103929,C,202404040705
カゼノランナー,2021106611,C,202404040707
セブンスストリート,2020101594,B,202404040707
キタサンシデン,2021107047,C,202404040707
ハイグッドワールド,2021104474,C,202404040707
ソルアマゾン,2021104667,C,202404040707
ジーティーオウジャ,2021104943,C,202404040707
マシュー,2021104738,C,202404040707
ザロック,2021106845,B,202404040707
ショーヴァロンス,2021103908,B,202404040707
インオービット,2020105510,C,202404040707
アスプリージャ,2021100761,B,202404040707
カーマンライン,2021105329,C,202404040707
カイコウ,2021102388,B,202404040707
ワイノナオミ,2021105973,B,202404040708
タイセイピューマ,2021106119,B,202404040708
ミスエル,2021106986,B,202404040708
コスモジョセフ,2020105277,B,202404040708
ジェイエルバルカー,2020100131,C,202404040708
タイセイブロウ,2021104101,B,202404040708
セキテイオー,2019101351,C,202404040708
ヘルメース,2021103710,B,202404040708
イーデンテソーロ,2020102384,B,202404040708
ストームバンガード,2021103819,B,202404040708
コスモオピニオン,2020101258,B,202404040710
コルデアニル,2020103154,B,202404040710
ファイヴレター,2017102043,C,202404040710
サイモンソーラン,2019102341,C,202404040710
アメリカンエール,2018110132,C,202404040710
ウインメイフラワー,2019101930,B,202404040710
スズノテレサ,2019104861,C,202404040710
ウィステリアリヴァ,2020104708,B,202404040710
ノーブルラン,2020100741,C,202404040710
ヒルノデプラーツ,2019106573,C,202404040710
サンダーアラート,2021101671,B,202404040710
アルファヒディ,2019105322,C,202404040710
シュガーコルト,2019106364,B,202404040710
アナザーエース,2020104005,C,202404040710
モルフェヴォロンテ,2022103836,C,202404040802
グッバイウェーブ,2022102492,C,202404040802
ラブミーハーパー,2022106260,C,202404040802
トリリオンボーイ,2022102493,B,202404040802
ライブリブランコ,2022109081,C,202404040802
サマーブライド,2022104090,C,202404040802
クリアクォーツ,2022101587,B,202404040802
カネショウレジェン,2022102790,B,202404040802
セイウンスペリオル,2022107097,C,202404040802
ミキノオーボエ,2022102592,C,202404040802
アイアンソリッド,2022100588,C,202404040802
マホウノランプ,2022101764,B,202404040802
デーモンスレイヤー,2022106856,C,202404040802
ジャスパーノベル,2022110113,B,202404040802
チュラット,2022103892,C,202404040802
モモンウールー,2021105984,B,202404040803
サイモンコーラル,2020100629,C,202404040803
ターコイズデュー,2020101377,C,202404040803
ハイウェイスター,2021106621,B,202404040803
アイウィルビー,2021106573,C,202404040803
ヒロインズクレスト,2021105089,B,202404040803
フェルンマンボ,2019105975,C,202404040803
ドレミファニー,2020104855,B,202404040803
ミツカネヴィーナス,2019100844,C,202404040803
ウェルキン,2021105294,C,202404040803
シャリティ,2021104319,C,202404040803
メレカリキマカ,2018104598,C,202404040806
マケズギライ,2021102516,C,202404040806
イノセントキャット,2021104745,B,202404040806
グリントリッター,2021100328,B,202404040806
サンレイマリー,2021102326,C,202404040806
ニシノヴィヴィ,2021100948,B,202404040806
イロハニオエ,2019100354,B,202404040806
サンライズプルート,2020102326,B,202404040806
ダイチラファール,2019102469,B,202404040806
クールソル,2021104325,B,202404040806
ヴォルスパシアル,2019102604,D,202404040806
フェスティヴルディ,2021106899,C,202404040806
ビナカントー,2020105084,C,202404040806
アフトクラーティラ,2020102592,C,202404040808
マイネルフォーコン,2020104523,B,202404040808
エスグラシア,2019105830,B,202404040808
モネ,2019101749,B,202404040808
ジェイエルトランス,2020101956,C,202404040808
キタノソワレ,2021106421,B,202404040808
ゴレイジョウ,2020106336,C,202404040808
ライトニングゼウス,2021104058,B,202404040808
トロピカルヒーロー,2020104960,B,202404040808
ジャーニーメモリー,2020104437,D,202404040808
ステラシティ,2021102669,,202404040808
ピカレスクノベル,2021106087,C,202404040812
キタノチェロキー,2020105498,C,202404040812
ナムラマイケル,2020106145,B,202404040812
ブライテストドーン,2020102956,C,202404040812
アレナパラシオ,2021100752,C,202404040812
シャパリュ,2021104786,B,202404040812
ドッビアーコ,2021110130,C,202404040812
イエローベリル,2019110124,C,202404040812
サーティファイド,2019105857,B,202404040812
ジャミラヌール,2021110105,C,202404040812
アフロマン,2021107090,C,202405010101
マイネルウォーリア,2021106245,B,202405010101
ニシノオーシャン,2021104048,D,202405010101
テイエムビッグサー,2021103466,B,202405010101
ドゥグラン,2021102205,C,202405010101
モリノセピア,2021106307,B,202405010101
エースアビリティ,2021102098,C,202405010101
キリングパート,2021102018,C,202405010101
フェスティヴルディ,2021106899,C,202405010101
アオイサクラ,2021109004,C,202405010101
フォルスタクラス,2021101739,B,202405010101
ゲンブ,2021106890,B,202405010101
スマートスコープ,2021102721,D,202405010101
ソーラーエクリプス,2021104166,D,202405010101
レオスパーク,2021102658,C,202405010101
サイモンモーニング,2021103106,B,202405010101
ソニックロプロス,2021104038,B,202405010102
ビップレーヌ,2021100886,B,202405010102
ズイウンゴサイ,2021100597,C,202405010102
ユアグローリー,2021104794,C,202405010102
ニシノサヨシグレ,2021100784,C,202405010102
ラフォンターナ,2021103474,C,202405010102
ウェックスフォード,2021105268,C,202405010102
ノールシャピートル,2021103523,C,202405010102
グランナヴィール,2021101779,C,202405010102
ロックシティボーイ,2021107276,C,202405010102
ニシノコルベット,2021100374,B,202405010102
キタノコンドル,2021101969,C,202405010102
ホウオウベルクソン,2021105767,B,202405010102
ラキアレクサンダー,2021106128,B,202405010102
サトノレイズ,2021104961,C,202405010102
クォーツァイト,2021104777,B,202405010103
サンキャメロン,2021107262,B,202405010103
ニシノリピート,2021100402,C,202405010103
フイノマジワリ,2021101415,C,202405010103
ペイシャアゲイン,2021104216,C,202405010103
ユニヴェールアン,2021102617,D,202405010103
ベルブリエ,2021106639,C,202405010103
セイウンウィズミー,2021102941,B,202405010103
ジェイエルジェティ,2021101833,C,202405010103
デアパーディタ,2021100236,B,202405010103
ミッレマンドルリ,2021100272,B,202405010103
ムーステソーロ,2021102278,D,202405010103
ネクストヒロイン,2021100070,C,202405010103
ムーンライトデイ,2021102559,B,202405010103
デビッドテソーロ,2021102280,B,202405010104
ブレスワード,2021105642,B,202405010104
ユニヴェール,2021103044,C,202405010104
ワイドブリザード,2021104416,B,202405010104
メイプルタピット,2021103140,C,202405010104
ダイヤモンドナイツ,2021107238,C,202405010104
サンダーアラート,2021101671,B,202405010104
ミッキーラッキー,2021105561,B,202405010104
モンサンアクシア,2021101446,B,202405010104
バナマンテソーロ,2021102281,C,202405010104
モデルハント,2021103912,B,202405010104
アンクエンチャブル,2021101660,B,202405010104
マコタイガ,2021101356,B,202405010104
ソニックスター,2021110060,B,202405010104
ニシノスピカ,2019103570,B,202405010107
ホウオウドラッカー,2020103605,B,202405010107
トーセンニック,2018105647,C,202405010107
カフェクロニクル,2019106183,C,202405010107
グランヒマラヤ,2020100847,C,202405010107
ピエフォール,2020103253,B,202405010107
ラジエル,2019105457,C,202405010107
フエキ,2019102479,B,202405010107
グリモワール,2019102371,C,202405010107
クリノフラッグ,2019101187,C,202405010107
デイズオブドリーム,2020103079,B,202405010107
ジャーニーメモリー,2020104437,B,202405010107
フェブルウス,2020103622,C,202405010107
アンチフラジャイル,2020106933,C,202405010107
テンプーシャオン,2020102767,B,202405010107
ダブルスナッチ,2018105518,B,202405010107
マンノステータス,2020105471,B,202405010108
インペラートル,2019104997,B,202405010108
トクシースタローン,2019103728,B,202405010108
メイククラウドロア,2019106385,C,202405010108
ケリーズノベル,2019105300,C,202405010108
オソルノ,2020102578,B,202405010108
ソムリエ,2020107084,C,202405010108
フミヤングフェイス,2020101960,C,202405010108
スタボーンイメル,2020104853,C,202405010108
キタサンドーシン,2019100997,B,202405010108
アイアムイチリュウ,2017101159,C,202405010108
アンクラウデッド,2018104503,B,202405010108
アコークロー,2019104478,B,202405010108
サトミノマロン,2019101661,C,202405010108
ルーパステソーロ,2018100995,C,202405010108
コロンビアテソーロ,2020102181,C,202405010108
プラチナジュビリー,2020106386,B,202405010109
アイヴォリードレス,2019104518,B,202405010109
フォーチュンテラー,2019100631,B,202405010109
リンカーンテソーロ,2018110070,B,202405010109
ハッピースワニー,2019101222,C,202405010109
ハチメンロッピ,2020106756,B,202405010109
サトノルフィアン,2019106575,B,202405010109
マニバドラ,2020110105,B,202405010109
ロードアラビアン,2019103101,B,202405010109
レイニーデイ,2018103150,B,202405010109
インヴァリアンス,2018105423,C,202405010109
レーヴリアン,2018102666,B,202405010109
ニシノカシミヤ,2020100418,B,202405010109
ガラパゴス,2019102161,B,202405010109
ホッコーカリュウ,2018103147,C,202405010109
バグラダス,2020106015,B,202405010109
エコロカレン,2021103484,C,202405010301
グランヴィルローズ,2021105024,C,202405010301
モスオーキッド,2021105250,B,202405010301
ビルマチーク,2021106101,C,202405010301
フリージングフォグ,2021101628,B,202405010301
オスカージュエル,2021100877,C,202405010301
レモンシフォン,2021103685,C,202405010301
カピリナ,2021104073,B,202405010301
ファインデイ,2021101392,B,202405010301
メイシャローナ,2021109095,C,202405010301
ハーツケリー,2021100323,B,202405010301
セイウンチドリ,2021102685,B,202405010301
フクチャンフクメイ,2021105219,B,202405010301
サンセットカラー,2021104282,C,202405010301
マンウォル,2021103744,B,202405010301
エリカポラリス,2021103739,C,202405010301
カガカプチーノ,2021101953,C,202405010302
ペッパーミル,2021102745,C,202405010302
タッカーバレット,2021103994,B,202405010302
アルマーレシチー,2021100675,B,202405010302
グランバイオレット,2021102055,C,202405010302
オモカゲジョー,2021109094,B,202405010302
グシュタッドパレス,2021105793,B,202405010302
ロマンスヒコー,2021102364,C,202405010302
ペイシャエール,2021102625,C,202405010302
タマエスポワール,2021102087,B,202405010302
ペイシャスウィフト,2021102639,B,202405010302
ピピット,2021103856,D,202405010302
ユイノコドウ,2021106569,B,202405010302
タマモアルタイル,2021101558,B,202405010302
プエルトガレラ,2021100955,B,202405010302
タイキレヴィン,2021103179,B,202405010302
ユイノサンバンカン,2021102819,C,202405010303
パレスパートナー,2021102357,C,202405010303
ニシノタカラジマ,2021107064,C,202405010303
ソレルビュレット,2021110061,B,202405010303
ナムラダリル,2021102540,C,202405010303
ラスジャン,2021101587,B,202405010303
キツネノヨメイリ,2021110094,B,202405010303
サンディビーチ,2021106443,C,202405010303
ダイクロアイト,2021105524,B,202405010303
サウンドロックス,2021110155,C,202405010303
ジャンバラヤ,2021100559,B,202405010303
ミツカネジェミニ,2021106896,B,202405010303
ユイノパチョレック,2021100930,C,202405010303
キングクレオール,2021100506,B,202405010303
グロッシェン,2021104844,C,202405010303
マイネルスピカ,2021104497,C,202405010303
キミハスコール,2021104313,B,202405010304
ニシノアウェイク,2021107089,B,202405010304
ジョージテソーロ,2021102078,B,202405010304
ベニカケソラ,2021106144,C,202405010304
エフエイト,2021109016,C,202405010304
スタンリーテソーロ,2021102275,C,202405010304
セントラルヴァレー,2021110161,B,202405010304
ライングッドマン,2021101930,B,202405010304
ブレイゼスト,2020100631,B,202405010308
ジュドー,2020103534,B,202405010308
ベンテイガ,2019105996,C,202405010308
ピックアップライン,2020103088,B,202405010308
ライヴァル,2020104926,C,202405010308
イエヴァンポルッカ,2019103427,B,202405010308
ヒルズカーン,2020106166,C,202405010308
アンバーホーク,2020104754,B,202405010308
タイセイクラージュ,2020103394,C,202405010308
デイドリームビーチ,2020106973,C,202405010308
スペキオサレジーナ,2020103316,B,202405010308
ブレイクザアイス,2019103219,C,202405010308
エリンアキレウス,2020105361,B,202405010308
チャールストン,2019101814,C,202405010308
スイッチオン,2020106221,B,202405010308
ブレットフライ,2019104005,C,202405010308
エコルフリューゲル,2019104929,B,202405010312
ストライク,2020105869,B,202405010312
ショウナンカブト,2020104107,B,202405010312
サイモンメガライズ,2018101175,B,202405010312
グラヴィル,2018104511,B,202405010312
ララエフォール,2019101121,B,202405010312
パンテレリア,2019105822,B,202405010312
サイモンルモンド,2017106722,C,202405010312
ロードレイライン,2018104379,C,202405010312
セラフィナイト,2018105237,B,202405010312
メラーキ,2017105634,C,202405010312
カプラローラ,2019104592,B,202405010312
タマモロック,2020104861,B,202405010312
フィフティシェビー,2019110074,C,202405010312
ロミオボス,2020102896,C,202405010312
デルマタモン,2018100976,C,202405010312
シャトルトウショウ,2021100306,B,202405010401
オウケンヴィーナス,2021105451,C,202405010401
ハツワカ,2021106693,C,202405010401
バティックオーレ,2021104664,D,202405010401
イサチルカゼニタツ,2021101322,B,202405010401
ニシノデスティーノ,2021106995,C,202405010401
エイブラムス,2021100260,C,202405010401
スラーヴァ,2021103916,C,202405010401
ワンノブアス,2021105097,D,202405010401
アルニラム,2021109088,B,202405010401
エグマリーヌ,2021106633,C,202405010401
イーサンハンター,2021104362,B,202405010401
ルージュエリシア,2021102402,B,202405010401
スウィバンビーナ,2021102029,D,202405010401
キョウエイノヴェル,2021103363,C,202405010401
タイセイピューマ,2021106119,B,202405010401
エスシーヤマト,2021100845,B,202405010402
グレイトマジック,2021104157,C,202405010402
クリスタルニクス,2021102974,D,202405010402
サトノエピック,2021105271,B,202405010402
シャドウルパン,2021104797,C,202405010402
ベルイストワール,2021100606,B,202405010402
フライフリーダム,2021105153,C,202405010402
ナムラバンチー,2021101826,B,202405010402
グロバーテソーロ,2021101147,B,202405010402
リアルビギニング,2021105038,C,202405010402
ハーバーフロント,2021106523,C,202405010402
ダイタジャスティス,2021102954,B,202405010402
ゲームアップロード,2021104898,D,202405010402
リトルラフター,2021106482,C,202405010402
セイウンパイオニア,2021106996,B,202405010402
アレスエルピーダ,2021104541,C,202405010402
ゴールドブレーカー,2021106880,C,202405010403
テアトロ,2021106257,D,202405010403
グランソシエ,2021105034,D,202405010403
グランアルザン,2021100841,D,202405010403
ライクファーザー,2021102359,C,202405010403
アルマジャック,2021100518,C,202405010403
リンクスプリエール,2021106398,C,202405010403
ノアフェイス,2021107206,D,202405010403
キタノライジン,2021104561,B,202405010403
ナイトクラウン,2021105854,C,202405010403
ハヤブサキンチャン,2021106579,C,202405010403
ブラックボックス,2021109031,C,202405010403
ニシノイカルガ,2021100425,C,202405010403
レグザゴン,2021103513,B,202405010403
クラルスマーネ,2021102703,D,202405010403
アウストラリス,2021103030,C,202405010403
エバーハピネス,2020103240,B,202405010404
メダルラッシュ,2020102668,B,202405010404
パイリヴレ,2020105326,B,202405010404
ホーリーエンブレム,2019105469,B,202405010404
ファミリークレスト,2019105064,C,202405010404
メロウヴォイス,2019102493,B,202405010404
ロフティーイデアル,2020102607,B,202405010404
シルバーニース,2020103221,C,202405010404
アフトクラーティラ,2020102592,C,202405010404
ルージュクレセント,2020104570,B,202405010404
マーゴットレーヴ,2020105813,B,202405010404
プチボヌール,2020102962,C,202405010404
ナンヨーウイング,2020102778,B,202405010404
シルヴァティカ,2020103046,B,202405010404
レジーナローズ,2020104174,B,202405010404
スーパーリベロ,2020104132,C,202405010408
マジックタッチ,2020106946,B,202405010408
パノティア,2018105515,B,202405010408
エスパダアスール,2018103430,B,202405010408
ダイチラファール,2019102469,C,202405010408
メモリーグラス,2020107095,B,202405010408
エテルネル,2020101830,C,202405010408
サリーピルエット,2020100462,C,202405010408
ユカリプレリュード,2020106343,B,202405010408
ドラゴングライダー,2020105388,B,202405010408
オーサムデアラー,2020102952,B,202405010408
ハヤブサジェット,2020105049,B,202405010408
スナイチゴールド,2020106457,B,202405010408
ベルウッドウズメ,2019109138,B,202405010408
ドゴン,2019105551,B,202405010408
キョウエイジョイ,2020104648,B,202405010408
サトノフウジン,2017104743,B,202405010410
クインズジュピタ,2019100324,B,202405010410
クロスマジェスティ,2019106623,B,202405010410
ジョディーズマロン,2018101989,B,202405010410
コスタノヴァ,2020103307,B,202405010410
エルゲルージ,2019102044,B,202405010410
ミファヴォリート,2019105455,B,202405010410
インヒズアイズ,2020110147,B,202405010410
オレデイイノカ,2018101243,C,202405010410
サトノアポロン,2018105214,C,202405010410
カズプレスト,2019102869,B,202405010410
リバートゥルー,2020102703,B,202405010410
スノーグレース,2019105185,B,202405010410
イグザルト,2019101741,B,202405010410
オールフラッグ,2019105170,C,202405010410
フォトスフィア,2019105773,C,202405010410
アーサーテソーロ,2019106581,C,202405010412
オルコス,2019105258,B,202405010412
ウメタロウ,2015103867,B,202405010412
ケルンコンサート,2019110085,B,202405010412
タイセイジャスパー,2019100135,B,202405010412
アポロプラネット,2019101264,C,202405010412
フィールザワールド,2018105762,B,202405010412
キモンツガル,2020104593,C,202405010412
ゲンパチマイティー,2017103874,B,202405010412
リンドラゴ,2019101200,B,202405010412
ワールドコネクター,2019110123,B,202405010412
カンパニョーラ,2019104385,C,202405010412
フィンガークリック,2020102755,C,202405010412
ニットウバジル,2020106782,B,202405010412
エランティス,2020104429,B,202405010412
ワイアウ,2020102568,C,202405010412
エクセプション,2021107289,C,202405010501
アウトセイル,2021102738,C,202405010501
キープライジング,2021103550,C,202405010501
マイネルディレクト,2021106805,B,202405010501
ストロングハッピー,2021101283,D,202405010501
ミルミル,2021100287,B,202405010501
ジェットブレイク,2021100637,B,202405010501
ヨリノサルティア,2021102222,D,202405010501
アルジョンテ,2021103926,B,202405010501
アイズ,2021107154,B,202405010501
ワンモアチャンス,2021103816,B,202405010501
マケズギライ,2021102516,C,202405010501
サンレイマリー,2021102326,B,202405010501
モリノセピア,2021106307,B,202405010501
ペイシャニット,2021106326,A,202405010501
ケイティキセキ,2021101529,B,202405010501
ギャップウェッジ,2021100245,C,202405010502
サンライトムゲン,2021106267,C,202405010502
マイネルメダリオン,2021106764,C,202405010502
プリンセスサクラ,2021100714,C,202405010502
アピーリングルック,2021104914,D,202405010502
レゲエビーチ,2021110151,B,202405010502
ウルトラハニー,2021104177,C,202405010502
グランメドウ,2021110107,B,202405010502
カフェニクス,2021103288,B,202405010502
ファストフィール,2021101001,B,202405010502
チャコールアニー,2021103126,D,202405010502
デリングシチー,2021100385,B,202405010502
フジサンワイシーシ,2021100669,D,202405010502
シンガプーラ,2021101696,B,202405010502
ゲーベル,2021100786,B,202405010502
グラスフェロー,2021103906,C,202405010502
グランプリショット,2021104631,B,202405010503
コーカサスゴールド,2021102676,B,202405010503
ナミダノキス,2021100805,B,202405010503
コンドライト,2021105351,B,202405010503
アーコレード,2021104091,C,202405010503
スターゲット,2021104392,C,202405010503
バイユーラン,2021104848,C,202405010503
エッカート,2021106756,C,202405010503
ビックリマーク,2021106984,B,202405010503
ラブリーポップ,2021107372,B,202405010503
リュクスレオン,2021103285,B,202405010503
プルナチャンドラ,2021100329,C,202405010503
インサイダー,2021104954,B,202405010503
ケープウィッカム,2021105896,C,202405010503
グランドフォレスト,2021103651,B,202405010503
ラブパラドックス,2021106406,C,202405010503
ディズレーリ,2020103119,B,202405010504
ベルウッドグラス,2020104945,C,202405010504
ピュアグルーヴ,2020103444,C,202405010504
フジフォンテ,2019105759,C,202405010504
ベストポイント,2020100636,B,202405010504
マウンテンエース,2020104452,B,202405010504
サロンドブラック,2020102333,C,202405010504
マイショウチャン,2020102207,B,202405010504
キープブライトン,2020101008,B,202405010504
リネンマンボ,2020101457,D,202405010504
クロックフォード,2020102805,B,202405010504
インオービット,2020105510,C,202405010504
グランフォーブル,2020101303,B,202405010508
アオカミ,2019101753,C,202405010508
オーラビルス,2020104318,C,202405010508
ショウナンアビアス,2020104597,B,202405010508
ベリーベリーベリー,2020104291,B,202405010508
ダルタニアン,2020102938,C,202405010508
ユイノマチブセ,2020105147,C,202405010508
ステップ,2019100928,D,202405010508
アイファーリーベン,2019102950,D,202405010508
タイキマクスウェル,2019104007,B,202405010508
トリオーレ,2020103893,B,202405010508
ロードブライト,2019103021,B,202405010508
サトノガレオン,2020101567,B,202405010508
フォールロワ,2019106339,C,202405010508
フィーリウスワン,2018101240,C,202405010508
チェイスザウェイ,2020104111,C,202405010508
マイネルビジョン,2020107036,B,202405010512
タイセイキューティ,2020106954,C,202405010512
マブストーク,2018103276,B,202405010512
エクストラノート,2017103267,B,202405010512
メイショウホオズキ,2018100595,B,202405010512
マイネルサハラ,2019103543,B,202405010512
サルヴァトーレ,2020100301,B,202405010512
タケルペガサス,2018103278,B,202405010512
エピックジョイ,2019103149,B,202405010512
レオカクテル,2018106144,B,202405010512
ヤマニンバンタジオ,2014100566,B,202405010512
ナンヨーヴィヨレ,2018105748,C,202405010512
ビーアイオラクル,2019106691,B,202405010512
シャドウアイル,2019104635,C,202405010512
タケルジャック,2018100719,C,202405010512
リスキリング,2021102026,D,202405010601
フェルサイト,2021106060,C,202405010601
ペータース,2021101536,C,202405010601
ジョーヌカレラ,2021102530,C,202405010601
スート,2021101652,C,202405010601
アルニラム,2021109088,C,202405010601
フラーハ,2021106734,B,202405010601
ダイチジェム,2021100625,C,202405010601
エコロヴァルム,2021103529,B,202405010601
カドサンガンバル,2021104264,C,202405010601
テイエムビッグサー,2021103466,B,202405010601
チェルシー,2021106724,B,202405010601
ワンダホー,2021104938,C,202405010601
サンスイシサン,2021106315,C,202405010601
アオイアツヒメ,2021102804,C,202405010601
アイアンロマン,2021100107,C,202405010601
タンゴノアール,2021104256,C,202405010602
コヴィーニャ,2021107172,C,202405010602
アイカムインピース,2021110034,B,202405010602
ショウナンハルク,2021103895,C,202405010602
シングンアーメット,2021106747,C,202405010602
サトノレイズ,2021104961,B,202405010602
ダンシングボビー,2021102229,D,202405010602
トゥルグール,2021102152,C,202405010602
マルチライセンス,2021105673,C,202405010602
セイウンシテンノウ,2021102243,C,202405010602
ツインクルステージ,2021103512,C,202405010602
デフィニティーボ,2021105929,B,202405010602
リュウノハイル,2021102204,C,202405010602
グレイトボヤージュ,2021106384,D,202405010602
レオボヌール,2021102945,B,202405010602
シャドウクロス,2021105063,C,202405010602
ランポレッキオ,2021105420,B,202405010603
フィロンドール,2021106700,C,202405010603
テイエムポワール,2021107041,C,202405010603
シーヴェット,2021103988,B,202405010603
フイノマジワリ,2021101415,B,202405010603
キトゥンヒール,2021105607,B,202405010603
ルーフオブヘヴン,2021104874,C,202405010603
コナウェリナ,2021105520,B,202405010603
ヘキルリ,2021106692,C,202405010603
ホウオウシンデレラ,2021103533,D,202405010603
ルルフィーユ,2021102894,C,202405010603
ランガン,2021102821,B,202405010603
キタノアイヴォリー,2021106452,C,202405010603
チャンミコチョロン,2021103337,C,202405010603
ウエヲムイテゴラン,2021103226,C,202405010603
ショウナンアラレ,2021101047,C,202405010603
レイズトワイライト,2021100589,B,202405010604
ライズオブザサン,2021106926,D,202405010604
グッドイナフ,2021106575,D,202405010604
ビスクウィザード,2021105269,B,202405010604
ロサンゼルス,2021103711,B,202405010604
デルマブラフマン,2021101991,C,202405010604
アールトラスト,2021101103,B,202405010604
ココロノイロ,2021102782,C,202405010604
デルマヴァルナ,2021101492,C,202405010604
クインズリゲル,2021106695,C,202405010604
バスティオン,2021105380,C,202405010604
ビアンヴェニュー,2021104423,B,202405010604
サユリバナ,2021102970,C,202405010604
マジェンカ,2021107241,C,202405010604
パナマテソーロ,2021104442,B,202405010604
ペルセイズ,2021103546,C,202405010604
カツラノキサノキ,2021101461,B,202405010607
クラウンシエンタ,2021101253,B,202405010607
エストレヤデベレン,2021106587,B,202405010607
ディアスポラ,2021102498,C,202405010607
ダノンスウィッチ,2021105598,B,202405010607
カーマンライン,2021105329,C,202405010607
ユニヴェール,2021103044,B,202405010607
ディスタントスカイ,2021110067,A,202405010607
ジーティーアグリム,2021104574,B,202405010607
ルージュスタニング,2021105775,B,202405010607
ミルトパワー,2021103691,B,202405010607
ワイドブリザード,2021104416,B,202405010607
ベルフィーヌ,2021104754,B,202405010607
オセアエクスプレス,2021104145,C,202405010607
ラタフォレスト,2021102009,B,202405010607
ヘラルドバローズ,2019106521,B,202405010610
ベジャール,2019103826,B,202405010610
クリノフラッシュ,2015101447,C,202405010610
ペースセッティング,2020110007,B,202405010610
ワールズコライド,2020110062,B,202405010610
ザイツィンガー,2016103730,B,202405010610
レオノーレ,2019100629,B,202405010610
エルバリオ,2019105075,B,202405010610
テイエムアトム,2018103301,C,202405010610
シャンブル,2018100389,B,202405010610
コンシリエーレ,2019105281,B,202405010610
ミスズグランドオー,2018103724,B,202405010610
サクセスローレル,2019102454,B,202405010610
レッドヴェイロン,2015104714,B,202405010610
ハチメンロッピ,2020106756,B,202405010610
メイショウテンスイ,2017106084,B,202405010610
ムーヴ,2019101759,D,202405010612
フミサウンド,2020103218,B,202405010612
ゲンパチプライド,2019102884,B,202405010612
ドンレパルス,2019100553,C,202405010612
リンクスルーファス,2019105510,C,202405010612
クリスタルウエイ,2019106777,B,202405010612
キャンディドライヴ,2019110112,C,202405010612
ハードワイヤード,2020110034,B,202405010612
ファムスパーブ,2019104448,C,202405010612
アイスマン,2018101817,C,202405010612
ホウオウパレード,2019104465,C,202405010612
アラゴナイト,2018101214,B,202405010612
ダイチヴィヴァン,2019102470,C,202405010612
アラカザーム,2018102338,B,202405010612
ロードディフィート,2020102119,B,202405010612
ジェイエルジェティ,2021101833,C,202405010701
サンセットカラー,2021104282,C,202405010701
クロユリジョウ,2021106475,C,202405010701
カルネヴァーレ,2021103720,B,202405010701
ルージュベルベット,2021105749,B,202405010701
ブラックジョワ,2021105343,D,202405010701
リケアマロン,2021100605,C,202405010701
クミンフレイバー,2021107237,C,202405010701
ニシノレヴィガータ,2021106998,B,202405010701
アンヴァルガー,2021100869,D,202405010701
サノノリッチ,2021102057,C,202405010701
ハヤブサキンチャン,2021106579,B,202405010701
レイズショコラ,2021100609,B,202405010701
コルヴィル,2021104511,C,202405010701
フォクシー,2021102774,C,202405010701
イラーナ,2021107166,B,202405010701
エチャケナ,2021106673,B,202405010702
エフエイト,2021109016,B,202405010702
ジョージテソーロ,2021102078,B,202405010702
ルルディルッカ,2021102391,C,202405010702
グラスブランシュ,2021103588,B,202405010702
アンシール,2021106637,C,202405010702
ヴェルトラウム,2021104903,B,202405010702
アシセバイラ,2021104896,C,202405010702
エースアビリティ,2021102098,B,202405010702
ポンピエ,2021104945,C,202405010702
スタンリーテソーロ,2021102275,B,202405010702
ニシノアウェイク,2021107089,C,202405010702
ライヴアメデオ,2021103435,B,202405010702
アイウィルビー,2021106573,C,202405010702
リンゴ,2021103900,B,202405010702
アシャカデュメ,2021102066,C,202405010702
アルシミスト,2021105805,B,202405010703
アステルスフィーダ,2021105088,C,202405010703
ブルズアイ,2021100466,B,202405010703
ティアード,2021105597,B,202405010703
ストーミーラン,2021102328,C,202405010703
リベルテ,2021101110,C,202405010703
ヤマタケプレーダ,2021102485,B,202405010703
ニシノリアリティ,2021100184,C,202405010703
ブラボーキングダム,2021101403,B,202405010703
サンキャメロン,2021107262,C,202405010703
レッドハルバード,2021104921,C,202405010703
ソレルビュレット,2021110061,B,202405010703
フォーゲルヴァイデ,2021104488,C,202405010703
ジュントゥルーリ,2021101360,C,202405010703
ユイノコミチ,2021101459,B,202405010703
フルハートビート,2021102855,B,202405010703
オルセー,2021102012,B,202405010704
シークレットマター,2021101636,B,202405010704
リフトローダー,2021102647,D,202405010704
ダイアヴィック,2021107069,D,202405010704
マフィン,2021101219,C,202405010704
ダイアトリーム,2021104809,C,202405010704
ワイドエトワール,2021110111,B,202405010704
シルバーブロンド,2021102232,C,202405010704
リキサンワールド,2021100408,C,202405010704
セッカチドラゴン,2021100759,C,202405010704
ニシノココ,2021107071,C,202405010704
インゼエボニータ,2021102634,C,202405010704
ヴォードノエル,2021105079,B,202405010704
マオノボルケーノ,2021100851,B,202405010704
ムーランボルドー,2021101486,C,202405010704
マダムカリーニョ,2021103009,B,202405010704
オーサムデアラー,2020102952,B,202405010707
グレイウェザーズ,2020103470,C,202405010707
チークルージュ,2020100176,C,202405010707
ブロンディール,2020104670,B,202405010707
ダブルスナッチ,2018105518,B,202405010707
アステロイドメア,2020101709,B,202405010707
ユイノイチゲキ,2020101943,B,202405010707
エリーズダイヤ,2020102734,B,202405010707
オールマキシマム,2020100387,C,202405010707
フェブルウス,2020103622,B,202405010707
ゲラウィン,2020103211,C,202405010707
ハッピーロンドン,2020101639,B,202405010707
ピエフォール,2020103253,B,202405010707
アニージョ,2019103634,B,202405010707
ベルウッドウズメ,2019109138,B,202405010707
ニシノスピカ,2019103570,B,202405010707
コパノリッチマン,2017104137,C,202405010710
ホウオウフウジン,2019105032,D,202405010710
サンライズシェリー,2017100992,B,202405010710
キタサンドーシン,2019100997,B,202405010710
ラヴォラーレ,2018106311,C,202405010710
グリューヴルム,2019105519,B,202405010710
ルクスフロンティア,2020104474,B,202405010710
クールミラボー,2020103387,B,202405010710
アルムブラーヴ,2019100551,B,202405010710
ゴールドバランサー,2020105835,B,202405010710
ビップスコーピオン,2020103199,B,202405010710
ダッチマン,2017106012,C,202405010710
ホウオウバリスタ,2019106030,C,202405010710
ピックアップライン,2020103088,B,202405010712
フィッシュポンド,2020104244,B,202405010712
トーセンサウダージ,2020102468,C,202405010712
バウンティハンター,2017103493,D,202405010712
チャールストン,2019101814,B,202405010712
アンジュール,2020104884,C,202405010712
ブレガーロード,2020103569,C,202405010712
ノルドヴェスト,2020102711,B,202405010712
スノーホルンロード,2019106520,B,202405010712
ケンキョ,2020105949,C,202405010712
シルバーニース,2020103221,B,202405010712
ホワイトクロウ,2018105544,B,202405010712
イエヴァンポルッカ,2019103427,B,202405010712
コースタルテラス,2019105344,B,202405010712
グロリアスヒーロー,2019105755,C,202405010712
ベネロングポイント,2019104606,B,202405010712
ノアスペシャル,2021102784,D,202405010801
オモカゲジョー,2021109094,C,202405010801
インビンシブルパパ,2021110164,B,202405010801
ミスヨシゼン,2021104663,C,202405010801
ナックジュピター,2021105364,C,202405010801
ジャンバラヤ,2021100559,C,202405010801
タマエスポワール,2021102087,C,202405010801
エンセリオ,2021100300,B,202405010801
ローリーグローリー,2021110005,B,202405010801
セイウンダキシメテ,2021107073,B,202405010801
レッドアレグロ,2021104762,B,202405010801
イサチルイトムスビ,2021107312,B,202405010801
スマートスコープ,2021102721,C,202405010801
エンツォ,2021105076,B,202405010801
フォルスタクラス,2021101739,B,202405010801
ムメ,2021106184,D,202405010801
ケーリーバンド,2021106322,C,202405010802
ダイタジャスティス,2021102954,C,202405010802
ワカミヤノミコト,2021101030,B,202405010802
ヒットアンドロール,2021104974,C,202405010802
クラッチプレイヤー,2021105418,C,202405010802
ニシノコルベット,2021100374,B,202405010802
エクセルグラン,2021100635,C,202405010802
ミラクルジニア,2021103301,C,202405010802
ハートライト,2021102901,C,202405010802
ビクトリーフォース,2021105043,C,202405010802
デフィニティーボ,2021105929,C,202405010802
エルキーオ,2021101881,B,202405010802
クルシナ,2021104425,C,202405010802
ハクシュ,2021107009,C,202405010802
シグムンド,2021106353,C,202405010802
クーアフュルスト,2021104949,C,202405010802
ヘヴィリピーテッド,2021104990,B,202405010803
プッティー,2021103650,C,202405010803
エイシンポリシー,2021102841,C,202405010803
デルマルドラ,2021101983,C,202405010803
アストリット,2021100353,B,202405010803
キミハレモネード,2021102527,B,202405010803
ビッグフラワー,2021100958,B,202405010803
アイリュール,2021106255,B,202405010803
アナベルアンヌリー,2021101757,B,202405010803
オプションプラン,2021104336,D,202405010803
サンマルブーケ,2021101120,C,202405010803
ラヴィデクラ,2021106588,C,202405010803
キョウエイチアフル,2021107308,C,202405010803
ロロスピアー,2021102255,C,202405010803
ティファニジェンヌ,2021103261,C,202405010803
ライネスヘルツ,2021105181,C,202405010803
バリアントバイオ,2020101941,C,202405010807
カサデガ,2018105908,C,202405010807
バックスクリーン,2019104922,B,202405010807
トーアシオン,2016104152,B,202405010807
カレンアルカンタラ,2020103086,B,202405010807
トーホウボルツ,2018103018,B,202405010807
ワカミヤプレスト,2019104546,D,202405010807
アコークロー,2019104478,B,202405010807
クアトロマジコ,2019105458,D,202405010807
コルサファターレ,2020103318,B,202405010807
キングサーガ,2017105439,B,202405010807
ヨリノサファイヤ,2020102315,B,202405010807
スリーエクスプレス,2019105979,C,202405010807
メイショウカゲカツ,2019104044,B,202405010807
クリーンドリーム,2018100440,C,202405010807
ペイシャモノノフ,2020101020,C,202405010807
ラムジェット,2021106640,B,202405010809
バロンドール,2021105276,B,202405010809
バナマンテソーロ,2021102281,B,202405010809
チカッパ,2021103868,B,202405010809
ペッパーミル,2021102745,B,202405010809
ロジアデレード,2021105360,A,202405010809
ピカリ,2021110137,B,202405010809
ホルトバージ,2021102905,B,202405010809
ワイワイレジェンド,2021103812,B,202405010809
ハビレ,2021100561,B,202405010809
アンクエンチャブル,2021101660,B,202405010809
イグナイター,2018100916,B,202405010811
シャンパンカラー,2020103075,C,202405010811
ミックファイア,2020104376,B,202405010811
ドゥラエレーデ,2020103626,B,202405010811
オメガギネス,2020102904,B,202405010811
カラテ,2016106606,B,202405010811
ガイアフォース,2019104476,B,202405010811
セキフウ,2019102737,B,202405010811
ペプチドナイル,2018106084,B,202405010811
タガノビューティー,2017101719,C,202405010811
キングズソード,2019103943,B,202405010811
スピーディキック,2019102512,B,202405010811
レッドルゼル,2016105188,B,202405010811
ウィルソンテソーロ,2019102383,B,202405010811
ドンフランキー,2019105079,B,202405010811
アルファマム,2019103529,B,202405010811
ニシキギミッチー,2020105144,C,202405010812
カプラローラ,2019104592,B,202405010812
エリンアキレウス,2020105361,B,202405010812
マブストーク,2018103276,C,202405010812
ロジヴィクトリア,2019100567,C,202405010812
レオカクテル,2018106144,B,202405010812
ゲンパチプライド,2019102884,B,202405010812
メロウヴォイス,2019102493,B,202405010812
ストライク,2020105869,B,202405010812
フミバレンタイン,2019105112,B,202405010812
ジューンポンポン,2019102552,B,202405010812
グラスシフォン,2020103985,C,202405010812
マウントベル,2019106895,B,202405010812
エミサキホコル,2020102751,B,202405010812
ホウオウドラッカー,2020103605,B,202405010812
カールスモーキー,2019103016,C,202405010812
アルスカー,2021103334,B,202405020101
ブレイヴリー,2021105129,C,202405020101
ユキノフルマチ,2021100043,C,202405020101
カールマジ,2021100221,C,202405020101
ガーデンプランナー,2021101427,C,202405020101
グランソシエ,2021105034,C,202405020101
ライーナシェリー,2021100033,C,202405020101
ムーステソーロ,2021102278,C,202405020101
シベルクーナ,2021106107,B,202405020101
ケープアグラス,2021100382,B,202405020101
カレンタクト,2021104128,B,202405020101
ヴァズレーヌ,2021106707,B,202405020101
セイウンダキシメテ,2021107073,B,202405020101
ルルフィーユ,2021102894,C,202405020101
フイノマジワリ,2021101415,C,202405020101
ヴォードノエル,2021105079,C,202405020101
グランプリショット,2021104631,C,202405020102
ペプチドアサヒ,2021101980,D,202405020102
フェレザ,2021101744,B,202405020102
グランジュール,2021102105,B,202405020102
ジェットブレイク,2021100637,B,202405020102
シンガプーラ,2021101696,C,202405020102
テイエムビッグサー,2021103466,B,202405020102
エイブラムス,2021100260,C,202405020102
ガケップチー,2021104660,C,202405020102
アカキチノイレブン,2021104644,B,202405020102
ベイジーニョ,2021105301,B,202405020102
ネオエトワール,2021100028,B,202405020102
チュウワダイオウ,2021102294,C,202405020102
チェリッシュ,2021104135,C,202405020102
インヘリタンスエス,2021101061,B,202405020102
パールホワイトイブ,2021101869,B,202405020102
ニシノネライウチ,2021100185,C,202405020103
オメガキングダム,2021105009,B,202405020103
ビッグロゴスルーフ,2021106522,C,202405020103
ラキアレクサンダー,2021106128,B,202405020103
ダズリングティアラ,2021104939,B,202405020103
クーデピンヌ,2021101317,C,202405020103
サノノゴールド,2021102067,C,202405020103
ミヤビモルタル,2021104017,B,202405020103
イデアイゴッソウ,2021103096,D,202405020103
ヒットアンドロール,2021104974,C,202405020103
グロバーテソーロ,2021101147,B,202405020103
ニューバラード,2021105692,C,202405020103
アオイサクラ,2021109004,B,202405020103
ベストベルシック,2021101437,B,202405020103
イデアパシオン,2021104016,D,202405020103
ラブラドライト,2021103109,C,202405020103
メイプルタピット,2021103140,B,202405020106
シークレットマター,2021101636,B,202405020106
コスモインシスト,2021106772,C,202405020106
アンジュグルーヴ,2021105613,B,202405020106
エンブレムボム,2021110134,B,202405020106
フィリップ,2021102797,B,202405020106
ニシノアウェイク,2021107089,B,202405020106
アッシュルバニパル,2021110128,B,202405020106
ルルディルッカ,2021102391,B,202405020106
アデランテ,2021103525,B,202405020106
ブシン,2021110055,B,202405020106
レイズトワイライト,2021100589,B,202405020106
シトラール,2021105596,B,202405020106
グロッシェン,2021104844,B,202405020106
カルネヴァーレ,2021103720,B,202405020106
ビッグフラワー,2021100958,C,202405020106
ハッピーアズラリー,2020101121,B,202405020107
イエヴァンポルッカ,2019103427,B,202405020107
シャーンゴッセ,2020106930,C,202405020107
ワンダフルヘヴン,2019110076,C,202405020107
フェブルウス,2020103622,B,202405020107
スペンサーバローズ,2020106941,B,202405020107
スイッチオン,2020106221,C,202405020107
オーサムデアラー,2020102952,C,202405020107
オーロラアーク,2019102186,C,202405020107
マーゴットレーヴ,2020105813,B,202405020107
キセキノエンジェル,2019106416,D,202405020107
トルズイーガー,2020104135,C,202405020107
ショウナンアビアス,2020104597,C,202405020107
ビップソリオ,2019105655,C,202405020107
リプレゼント,2020103559,B,202405020107
ロードブライト,2019103021,B,202405020107
アルムブラーヴ,2019100551,B,202405020111
エルバリオ,2019105075,B,202405020111
デンコウリジエール,2017103165,B,202405020111
ケイアイシェルビー,2018101739,B,202405020111
ライラボンド,2019105913,C,202405020111
オメガギネス,2020102904,B,202405020111
サクセスローレル,2019102454,B,202405020111
ビヨンドザファザー,2019101613,C,202405020111
ゴーゴーユタカ,2019100167,B,202405020111
テイエムアトム,2018103301,C,202405020111
デシエルト,2019105039,B,202405020111
キタノリューオー,2018104462,B,202405020111
ペリエール,2020101874,B,202405020111
サンマルレジェンド,2018106259,C,202405020111
メイショウウズマサ,2016102177,B,202405020111
ユティタム,2020102891,A,202405020111
ミラキュラスライト,2019104602,B,202405020112
フミサウンド,2020103218,B,202405020112
マホロバ,2020105732,C,202405020112
ウィンダミア,2019106808,B,202405020112
ビーアイオラクル,2019106691,B,202405020112
タリエシン,2020102784,B,202405020112
ジャスリー,2020102814,B,202405020112
ローズバルサム,2020105625,B,202405020112
ワールドコネクター,2019110123,B,202405020112
ホウオウドラッカー,2020103605,C,202405020112
テイエムスイスイ,2020105136,C,202405020112
キャンディドライヴ,2019110112,B,202405020112
マイネルシトラス,2019103542,B,202405020112
ダブルジョーク,2020110026,B,202405020112
ミルトハンター,2020105157,B,202405020112
ニシノレバンテ,2019102938,B,202405020112
クラート,2021107156,C,202405020201
カリブフレイバー,2021100586,B,202405020201
アニマルボス,2021103439,C,202405020201
ヒカルエリザベス,2021104487,B,202405020201
タイセイディオス,2021100962,C,202405020201
ラヴィデクラ,2021106588,C,202405020201
ハクサンマロン,2021100256,C,202405020201
レオスパーク,2021102658,C,202405020201
モスオーキッド,2021105250,B,202405020201
グレイトデザイア,2021104677,C,202405020201
マンマミーア,2021103317,C,202405020201
セッカチドラゴン,2021100759,B,202405020201
ヤマタケプレーダ,2021102485,B,202405020201
アイスブレイカー,2021103332,C,202405020201
ミラクルジニア,2021103301,C,202405020201
ダンガリー,2021103489,B,202405020201
マイファミリー,2021103345,C,202405020202
タンゴバイラリン,2021105272,B,202405020202
ダブルブラック,2021102133,C,202405020202
ブラボーキングダム,2021101403,B,202405020202
ソウテンノヒカリ,2021106365,C,202405020202
インゼエボニータ,2021102634,B,202405020202
タイキオナード,2021103169,C,202405020202
フルハートビート,2021102855,B,202405020202
ハツワカ,2021106693,B,202405020202
リネンニューイヤー,2021100550,C,202405020202
マジックモーメント,2021100998,C,202405020202
サンカルミア,2021101305,C,202405020202
ダノンマカルー,2021105965,B,202405020202
ロサンゼルス,2021103711,B,202405020202
ユイノコミチ,2021101459,B,202405020202
セイウンパイオニア,2021106996,C,202405020202
キングヴァージル,2021104878,B,202405020206
キョウエイカンセ,2021101905,B,202405020206
エフエイト,2021109016,B,202405020206
フェデラルスタイル,2021105032,B,202405020206
アルジェンタージョ,2021103706,B,202405020206
カピリナ,2021104073,B,202405020206
ライングッドマン,2021101930,B,202405020206
ガラスノブルース,2021104276,B,202405020206
メジャーデビュー,2021100446,C,202405020206
アガシ,2021100653,B,202405020206
オセアエクスプレス,2021104145,B,202405020206
カラフルメロディー,2021103219,B,202405020206
エイシントルペード,2021102603,C,202405020206
キミハスコール,2021104313,C,202405020206
エストレヤデベレン,2021106587,B,202405020206
カミノカガヤキ,2021109068,C,202405020206
ナックダンス,2020106024,C,202405020207
アイベラ,2020102671,B,202405020207
マイクロモザイク,2020100516,B,202405020207
アルヴィエンヌ,2020103225,B,202405020207
ファミリークレスト,2019105064,C,202405020207
アンジュール,2020104884,B,202405020207
レジュークレール,2020104818,B,202405020207
シルバーニース,2020103221,B,202405020207
シルヴァティカ,2020103046,C,202405020207
カリカ,2019105580,C,202405020207
ラズライト,2019103122,B,202405020207
ルルシュシュ,2020100572,B,202405020207
アイヴォリードレス,2019104518,B,202405020210
バグラダス,2020106015,B,202405020210
フォトスフィア,2019105773,C,202405020210
タイセイジャスパー,2019100135,B,202405020210
ローズスター,2020102061,B,202405020210
ヴァンデリオン,2017110173,C,202405020210
トーセンアラン,2018104894,B,202405020210
アルメイダミノル,2018105833,B,202405020210
プラチナジュビリー,2020106386,B,202405020210
ウラヤ,2019110040,B,202405020210
コパノニコルソン,2019104116,B,202405020210
テイエムランウェイ,2019106632,B,202405020210
ロードフォンス,2020100145,B,202405020210
インヴァリアンス,2018105423,B,202405020210
タイセイシェダル,2018103021,B,202405020210
メロウヴォイス,2019102493,B,202405020212
ファイヴレター,2017102043,B,202405020212
エイトワン,2020110112,B,202405020212
タケルペガサス,2018103278,B,202405020212
ロードジャスティス,2019103027,B,202405020212
フィフティシェビー,2019110074,C,202405020212
フリーフロー,2017103788,D,202405020212
ピックアップライン,2020103088,C,202405020212
パンテレリア,2019105822,B,202405020212
サラフィエル,2019101464,C,202405020212
サイモンメガライズ,2018101175,B,202405020212
シゲルソロソロ,2020110100,B,202405020212
ウェイワードアクト,2020110024,B,202405020212
ルージュベルベット,2021105749,C,202405020301
ピュアシルバー,2021102167,B,202405020301
シャンパンコール,2021106389,C,202405020301
サンダーボール,2021100577,C,202405020301
エクサビット,2021105710,C,202405020301
アピーリングルック,2021104914,C,202405020301
サクラサルーテ,2021104068,B,202405020301
ダノンレーニア,2021100012,B,202405020301
キャンディタフト,2021103062,B,202405020301
ゴールデンモモコ,2021102220,B,202405020301
ベルブリエ,2021106639,B,202405020301
ソリッドエビデンス,2021100760,C,202405020301
オーヴェルトゥーレ,2021100592,D,202405020301
ハナチルサト,2021106474,C,202405020301
タカラバディウス,2021106376,C,202405020301
ハクサンフラッシュ,2021100874,B,202405020301
アツキヤマト,2021103918,B,202405020302
クラウングスタフ,2021101256,B,202405020302
ダイアヴィック,2021107069,C,202405020302
セイウンマカロン,2021107080,C,202405020302
グランアルザン,2021100841,C,202405020302
アルヴィア,2021106965,B,202405020302
ヘインズポイント,2021105734,B,202405020302
アーススピリット,2021105339,C,202405020302
ライクファーザー,2021102359,B,202405020302
セイカアビイロード,2021106286,C,202405020302
スオードカット,2021100716,B,202405020302
ジョイレンジャー,2021106709,B,202405020302
グラスフェロー,2021103906,D,202405020302
ジェンマ,2021101210,B,202405020302
エムアイマシュー,2021103623,B,202405020302
リアルビギニング,2021105038,B,202405020303
クリンキー,2021101610,C,202405020303
ユキノロンシャン,2021104528,C,202405020303
ダックリン,2021100755,D,202405020303
シグムンド,2021106353,B,202405020303
タキザクラ,2021100180,B,202405020303
グッドエクスプレス,2021106062,B,202405020303
レオボヌール,2021102945,C,202405020303
ウェーブロック,2021105815,B,202405020303
オメガジェットマン,2021105266,B,202405020303
メインストリーム,2021106609,C,202405020303
キャネル,2021105885,B,202405020303
マンダリンボレロ,2020101655,B,202405020307
チェリーロシアン,2020100859,B,202405020307
イエヴァンポルッカ,2019103427,C,202405020307
コリエンテス,2019105069,C,202405020307
エプルシャージュ,2020103401,B,202405020307
グレースレニー,2020100786,C,202405020307
トレチーメ,2020101147,B,202405020307
カムランベイ,2020101803,C,202405020307
ベネロングポイント,2019104606,B,202405020307
トゥービートライン,2020104973,C,202405020307
ヒシルリアン,2020103432,C,202405020307
ホワイトクロウ,2018105544,D,202405020307
ライブインステラ,2019104776,C,202405020308
アニトラ,2020102679,B,202405020308
グローリーカフェ,2020106928,C,202405020308
エスジースパークル,2020100130,B,202405020308
スピリチュアル,2020104634,C,202405020308
キョウエイディーズ,2019106502,B,202405020308
モルフェブーケ,2020100351,C,202405020308
ロザシアニン,2019100097,C,202405020308
ニシノスピカ,2019103570,B,202405020308
パイリヴレ,2020105326,B,202405020308
ジャミーレ,2020103412,B,202405020308
ランプロファイア,2019105409,C,202405020308
チェイスザウェイ,2020104111,C,202405020308
ラジエル,2019105457,B,202405020308
エテルネル,2020101830,B,202405020308
ハンディーズピーク,2018102060,B,202405020309
ジュタロウ,2019110053,C,202405020309
フタイテンロック,2019102665,D,202405020309
ヒミノフラッシュ,2018101337,C,202405020309
ビップスコーピオン,2020103199,B,202405020309
マオノアラシ,2020100850,C,202405020309
ハギノサステナブル,2020105639,B,202405020309
ボーンジーニアス,2018104395,C,202405020309
ライリッズ,2019105354,C,202405020309
インベルシオン,2019103148,B,202405020309
ダディーズウォリア,2020106770,C,202405020309
ルクスフロンティア,2020104474,B,202405020309
メイプルリッジ,2019105523,C,202405020309
フジマサインパクト,2018104778,C,202405020309
ホウオウフウジン,2019105032,B,202405020309
キタサンドーシン,2019100997,B,202405020309
インペリアルライン,2019104953,B,202405020312
トーアシオン,2016104152,B,202405020312
アコークロー,2019104478,C,202405020312
ネッケツシャチョウ,2020105954,B,202405020312
クアトロマジコ,2019105458,B,202405020312
アンクラウデッド,2018104503,C,202405020312
アトラクティーボ,2019100641,B,202405020312
トーセンクライスト,2019104467,B,202405020312
ララエフォール,2019101121,B,202405020312
サハラヴァンクール,2018101704,C,202405020312
ガンウルフ,2020110120,B,202405020312
ラッキーアメリカン,2021101698,C,202405020401
アルドール,2021105707,B,202405020401
タマモポロネーズ,2021104523,B,202405020401
モノノフゴールド,2021102307,B,202405020401
クッキークリーム,2021104621,C,202405020401
ルーフオブヘヴン,2021104874,B,202405020401
ブランシール,2021105797,B,202405020401
エンカンターダ,2021106629,B,202405020401
メイシャローナ,2021109095,C,202405020401
セイウンウィズミー,2021102941,C,202405020401
アウストラリス,2021103030,C,202405020401
アルスカー,2021103334,C,202405020401
ムーヴオン,2021102879,C,202405020401
ステラカフェ,2021102839,C,202405020401
クインズリゲル,2021106695,C,202405020401
スズノアムール,2021104499,C,202405020401
ゼフィールエレ,2021105946,C,202405020402
リンクスプリエール,2021106398,D,202405020402
クレイジーディス,2021102522,B,202405020402
アルニラム,2021109088,C,202405020402
メイショウソムリエ,2021102980,B,202405020402
アショカ,2021103295,B,202405020402
オレンジブルボン,2021102655,B,202405020402
ミスファントム,2021100053,B,202405020402
ポッドグラス,2021103712,C,202405020402
ゴールデンレイ,2021103448,C,202405020402
リアルカイザー,2021100461,B,202405020402
エッカート,2021106756,C,202405020402
アイアムイブシギン,2021102897,B,202405020402
リターンエース,2021101348,C,202405020402
ルーナ,2021107306,C,202405020402
コトブキローズ,2021105323,C,202405020402
マグナレガリア,2021106574,B,202405020403
ナイトクラウン,2021105854,C,202405020403
シェリングフォード,2021103111,B,202405020403
フリーマントル,2021104868,B,202405020403
フィージビリティー,2021106626,C,202405020403
サウンドロックス,2021110155,C,202405020403
マツリボタン,2021103758,B,202405020403
ネオステラス,2021101105,B,202405020403
ハルヨコイ,2021101996,C,202405020403
リベルテ,2021101110,C,202405020403
ニシノイカルガ,2021100425,B,202405020403
ヒラボクワン,2021102666,C,202405020403
レッドラウル,2021103233,B,202405020403
エクラメテオール,2021103492,B,202405020403
プラムダンディ,2021100389,B,202405020403
アクセルホーリー,2021103705,D,202405020403
インテルメディオ,2021104922,B,202405020406
ペッパーミル,2021102745,C,202405020406
ステラヴェルデ,2021109085,B,202405020406
ヴァンドーム,2021100170,B,202405020406
モズナイスバディー,2021102845,B,202405020406
クインズデネブ,2021106328,B,202405020406
チャコール,2021103257,B,202405020406
アルジェンタージョ,2021103706,C,202405020406
マインドマイワーズ,2021103515,B,202405020406
ライヴアメデオ,2021103435,B,202405020406
レゲエビーチ,2021110151,B,202405020406
エコロヴァルム,2021103529,C,202405020406
キングクレオール,2021100506,B,202405020406
ディーノサンライズ,2021101289,B,202405020406
ダノンラスター,2016105206,B,202405020410
キタノヴィジョン,2017102011,B,202405020410
サクラアリュール,2015105868,B,202405020410
アルドーレ,2015103217,C,202405020410
バジオウ,2018104756,B,202405020410
テンカハル,2018105088,C,202405020410
ケイアイパープル,2016100349,C,202405020410
グリューヴルム,2019105519,B,202405020410
レッドファーロ,2019104983,C,202405020410
ヴィジョンオブラヴ,2015100274,C,202405020410
ブレイクフォース,2019105604,B,202405020410
エナハツホ,2019100094,B,202405020410
クリノドラゴン,2018101012,C,202405020410
クールミラボー,2020103387,B,202405020410
リチュアル,2019106748,B,202405020410
メイショウフンジン,2018106571,C,202405020410
アーレンダール,2019105063,B,202405020412
スマイルアップ,2019103815,B,202405020412
マウントベル,2019106895,C,202405020412
グラスシフォン,2020103985,B,202405020412
エピックジョイ,2019103149,B,202405020412
キュートヘスティア,2019103600,B,202405020412
エルザストラウム,2019104688,B,202405020412
リンクスルーファス,2019105510,D,202405020412
エスパダアスール,2018103430,B,202405020412
ルーラルハピネス,2020101052,B,202405020412
ワイアウ,2020102568,C,202405020412
フミバレンタイン,2019105112,C,202405020412
アラゴナイト,2018101214,C,202405020412
ウイスキータイム,2019102282,B,202405020412
ロジヴィクトリア,2019100567,B,202405020412
メイデンタワー,2020103198,B,202405020412
ベアエンジェル,2021100213,C,202405020501
レッツダンス,2021101315,D,202405020501
キリシマジョイナー,2021109137,C,202405020501
スペシャライト,2021104436,C,202405020501
ミシェット,2021107021,B,202405020501
レモンシフォン,2021103685,C,202405020501
サンキャメロン,2021107262,B,202405020501
グランジュール,2021102105,B,202405020501
アイアンロマン,2021100107,C,202405020501
ライーナシェリー,2021100033,C,202405020501
ランタナヒルズ,2021101241,C,202405020501
ペイシャアゲイン,2021104216,C,202405020501
ミスヨシゼン,2021104663,C,202405020501
サンライズテラス,2021106323,B,202405020501
ペレストリーナ,2021100129,C,202405020501
ロンドンライフ,2021101481,B,202405020501
トクシージェネラル,2021107279,B,202405020502
ソウテンノヒカリ,2021106365,C,202405020502
ローグテソーロ,2021102274,D,202405020502
サンマルミッション,2021107331,B,202405020502
インゼエボニータ,2021102634,C,202405020502
レヴォントゥレット,2021103717,C,202405020502
ヴァズレーヌ,2021106707,C,202405020502
コヴィーニャ,2021107172,B,202405020502
ミヤビモルタル,2021104017,C,202405020502
レッドスフェーン,2021105308,B,202405020502
ウェックスフォード,2021105268,B,202405020502
マーシャリアーナ,2021104975,B,202405020502
ナムラバンチー,2021101826,B,202405020503
ビアメントブラスト,2021100608,C,202405020503
サンリコリス,2021101299,C,202405020503
レッドレナート,2021103145,B,202405020503
ノリサムソン,2021106291,D,202405020503
レンジャーズハウス,2021104102,B,202405020503
スグラフィート,2021104127,B,202405020503
デビルシズカチャン,2021105553,B,202405020503
ムーラングリース,2021107222,C,202405020503
フェレザ,2021101744,B,202405020503
メイザーキック,2021105060,B,202405020503
アイランドピーク,2021101363,C,202405020503
ロケットホームラン,2021102264,C,202405020503
オメガレジェンド,2021103530,C,202405020503
スリーボビー,2021103742,C,202405020503
スラーヴァ,2021103916,B,202405020503
ダンツティアラ,2021104314,B,202405020505
ゴールドミラクル,2021106877,C,202405020505
メンドロントット,2021105023,D,202405020505
リュクスレオン,2021103285,B,202405020505
マジックモーメント,2021100998,C,202405020505
ラファールドール,2021104889,C,202405020505
ヘルス,2021105798,C,202405020505
ホウオウフェイント,2021103481,B,202405020505
レオスパーク,2021102658,B,202405020505
ドリーミンマン,2021105353,C,202405020505
チュウワダイオウ,2021102294,C,202405020505
ミダース,2021105951,B,202405020505
ダノンゴーイチ,2020103121,C,202405020507
ショウナンアビアス,2020104597,B,202405020507
ケンキョ,2020105949,B,202405020507
トーセンニック,2018105647,B,202405020507
セイゲン,2019100234,C,202405020507
バンブトンプロ,2020106562,C,202405020507
インザストーン,2020105489,C,202405020507
キングダラス,2020101387,B,202405020507
ビップソリオ,2019105655,B,202405020507
ムコウジマランプ,2020104623,C,202405020507
トルーマンテソーロ,2019102082,C,202405020507
スーパーリベロ,2020104132,B,202405020507
スノーホルンロード,2019106520,B,202405020507
マーゴットレーヴ,2020105813,C,202405020507
ラタフォレスト,2021102009,B,202405020509
ソレルビュレット,2021110061,C,202405020509
セントラルヴァレー,2021110161,B,202405020509
ルディック,2021110008,B,202405020509
チュウワキャリア,2021102295,B,202405020509
ピコアーガイル,2021110165,C,202405020509
ソニックスター,2021110060,B,202405020509
ブシン,2021110055,B,202405020509
バルミュゼット,2019106701,B,202405020512
バックスクリーン,2019104922,B,202405020512
フルングニル,2020102929,B,202405020512
パンデアスカル,2020103369,B,202405020512
レディアス,2020102562,C,202405020512
クリノナイスガイ,2017106689,D,202405020512
クリノアルバトロス,2020101983,B,202405020512
オーラビルス,2020104318,B,202405020512
コブラ,2019102654,B,202405020512
グラシアス,2020101873,B,202405020512
フィフティシェビー,2019110074,B,202405020512
ロードジャスティス,2019103027,C,202405020512
ラップスター,2020110104,B,202405020512
ファインデイ,2021101392,B,202405020601
ビアンヴェニュー,2021104423,C,202405020601
プリンセスアメリカ,2021101816,,202405020601
キガタレイ,2021104386,B,202405020601
アルプスオジョー,2021100540,B,202405020601
ピークブルーム,2021103311,B,202405020601
キャラメルミルク,2021101288,C,202405020601
メルメルメー,2021104218,C,202405020601
ミスサラワク,2021105923,C,202405020601
ゲンパチエトワール,2021100412,C,202405020601
メイショウコオロギ,2021102867,C,202405020601
ヤサカサラ,2021106182,D,202405020601
メイシャローナ,2021109095,C,202405020601
ヴィル,2021104129,B,202405020602
ノーブルニードル,2021104382,C,202405020602
グエムル,2021105966,B,202405020602
プエルトガレラ,2021100955,B,202405020602
リキサンワールド,2021100408,C,202405020602
バスターウルフ,2021103038,B,202405020602
ニシノヤングマン,2021101052,B,202405020602
ミューシグ,2021103326,C,202405020602
イェルマーク,2021110117,B,202405020602
ロゴサウンド,2021103774,B,202405020602
キタノアマポーラ,2021100974,D,202405020602
ノアスペシャル,2021102784,B,202405020602
オーネットレオ,2021100551,B,202405020602
ナンヨーシュート,2021103693,D,202405020602
ダノンマカルー,2021105965,B,202405020602
ベアデザイア,2021104271,C,202405020602
オウケンシルヴァー,2021103017,B,202405020605
サンライズウェーヴ,2021102221,B,202405020605
アスクナサニエル,2021110006,B,202405020605
モスクロッサー,2021105501,B,202405020605
アルシミスト,2021105805,B,202405020605
ワンパット,2021102903,C,202405020605
サトノレイズ,2021104961,C,202405020605
アムールドパリ,2021105264,B,202405020605
タイセイミッション,2021101045,B,202405020605
ジーティーアグリム,2021104574,C,202405020605
サンライズソレイユ,2021105104,C,202405020605
ロードブレイズ,2021100162,B,202405020605
レグロスヴァーグ,2021106628,C,202405020605
ネオシルバー,2021106063,B,202405020605
アルデドゥオーモ,2021100361,B,202405020605
カーマンライン,2021105329,C,202405020605
アイソウザスター,2018103319,,202405020606
トロピカルタウン,2020105456,B,202405020606
ポリクシニーズ,2019100913,C,202405020606
ホワイトターフ,2019105794,C,202405020606
ネイチャーセラピー,2019105436,C,202405020606
ブッシュテソーロ,2020102380,C,202405020606
タイキバルドル,2020106817,B,202405020606
イッツオンリーユー,2020102542,B,202405020606
サハラ,2019101646,C,202405020606
マイショウチャン,2020102207,C,202405020606
ゲットアップ,2018100720,B,202405020606
フクノブルジュ,2020101465,C,202405020606
アオイコウキ,2020101866,B,202405020606
スマートアンバー,2020106396,B,202405020610
モナルヒ,2019100723,C,202405020610
カズプレスト,2019102869,B,202405020610
ゼウスバイオ,2019101964,B,202405020610
ジョディーズマロン,2018101989,B,202405020610
ドゥラレジリエント,2020102845,B,202405020610
イグザルト,2019101741,B,202405020610
カシノブレンド,2016100297,C,202405020610
タマモロック,2020104861,C,202405020610
ウラカワノキセキ,2019103428,C,202405020610
オメガタキシード,2020102988,B,202405020610
タイセイエピソード,2019106390,B,202405020610
イチネンエーグミ,2019106684,B,202405020610
サトノフウジン,2017104743,C,202405020610
サルヴァトーレ,2020100301,B,202405020610
ラズルダズル,2017105602,C,202405020610
グランフォーブル,2020101303,B,202405020612
スズノヤマト,2017104234,B,202405020612
サウスジェラート,2018104022,C,202405020612
エコロアレス,2020110136,B,202405020612
リラックス,2020103044,B,202405020612
ロードオルデン,2019102656,B,202405020612
ターニングアップ,2018101894,C,202405020612
マイアミュレット,2019106730,B,202405020612
サザンステート,2019101185,B,202405020612
エメラルドビーチ,2020110055,B,202405020612
ミルトハンター,2020105157,B,202405020612
ヤングワールド,2020101230,B,202405020612
リッキーヤスオカ,2019101673,B,202405020612
アンスリウム,2020102636,C,202405020612
カンパニョーラ,2019104385,B,202405020612
カイタロー,2019103063,B,202405020612
ヴァリアービレ,2021104877,B,202405020701
カレンタクト,2021104128,B,202405020701
ラフォンテーヌ,2021102880,C,202405020701
ヘルミーネ,2021105437,C,202405020701
ケープアグラス,2021100382,C,202405020701
ノーブルレイン,2021109077,D,202405020701
セージグリーン,2021104850,B,202405020701
ファインデイ,2021101392,,202405020701
グランソシエ,2021105034,C,202405020701
アルスカー,2021103334,C,202405020701
ステラカフェ,2021102839,B,202405020701
メタシアター,2021101063,B,202405020701
ルルフィーユ,2021102894,B,202405020701
マフィン,2021101219,C,202405020701
キョウエイフロイデ,2021101053,B,202405020701
エーリアル,2021104856,B,202405020701
フォーゲルヴァイデ,2021104488,C,202405020702
プラチナバンド,2021100045,C,202405020702
イデアイゴッソウ,2021103096,C,202405020702
アクセルホーリー,2021103705,D,202405020702
ユアグローリー,2021104794,C,202405020702
サトノギフテッド,2021105408,B,202405020702
ユキノロンシャン,2021104528,C,202405020702
シグムンド,2021106353,C,202405020702
ツインクルステージ,2021103512,B,202405020702
サノノゴールド,2021102067,B,202405020702
ニューバラード,2021105692,B,202405020702
ワカミヤノミコト,2021101030,D,202405020702
クラート,2021107156,D,202405020702
キッドストン,2021105146,C,202405020702
アラブル,2021100950,C,202405020702
エイブラムス,2021100260,B,202405020703
シベリアンポラリス,2021101056,C,202405020703
ラッキーヤース,2021101081,C,202405020703
モナコブル,2021109096,B,202405020703
トモジャシャトー,2021101041,B,202405020703
クーリッジテソーロ,2021101617,B,202405020703
ヘヴィリピーテッド,2021104990,B,202405020703
サンマルファンキー,2021102695,D,202405020703
キングプロフィット,2021107012,C,202405020703
イロンデル,2021101956,C,202405020703
ブラボーキングダム,2021101403,C,202405020703
シーニックビュー,2021105229,B,202405020703
ダンガリー,2021103489,C,202405020703
カリブフレイバー,2021100586,C,202405020703
ユイノコミチ,2021101459,B,202405020703
キョウエイブラーボ,2021103362,B,202405020703
テンクウジョー,2021104464,B,202405020706
アンクエンチャブル,2021101660,B,202405020706
ニシノアウェイク,2021107089,B,202405020706
フィリップ,2021102797,C,202405020706
アデランテ,2021103525,B,202405020706
マコタイガ,2021101356,C,202405020706
キャピタルサックス,2021106706,C,202405020706
オープンワンセルフ,2021105967,B,202405020706
スプレーフォール,2021107266,B,202405020706
スタンリーテソーロ,2021102275,B,202405020706
エフエイト,2021109016,B,202405020706
コーカサスゴールド,2021102676,B,202405020706
ローズパンラズナ,2021101407,C,202405020706
カミノカガヤキ,2021109068,D,202405020706
キタノライジン,2021104561,D,202405020706
クラウンシエンタ,2021101253,C,202405020706
アルヴィエンヌ,2020103225,B,202405020707
クインズミント,2018101982,D,202405020707
シルヴァティカ,2020103046,B,202405020707
トゥピ,2020106776,C,202405020707
マーゴットミニモ,2020100655,D,202405020707
フォンメイリー,2019105287,C,202405020707
ラズライト,2019103122,C,202405020707
ナックダンス,2020106024,C,202405020707
シウン,2019105420,B,202405020707
カリカ,2019105580,B,202405020707
キタノチェロキー,2020105498,C,202405020707
マンマリアーレ,2020100761,B,202405020707
サロンドブラック,2020102333,D,202405020708
ウインクリエ,2020100178,C,202405020708
ベルウッドグラス,2020104945,C,202405020708
クロックフォード,2020102805,C,202405020708
イデアユウシン,2020106549,B,202405020708
タマモエイトビート,2019106954,B,202405020708
リネンマンボ,2020101457,C,202405020708
サトノバトラー,2018105256,B,202405020708
エミサソウツバサ,2019104882,B,202405020708
サーティファイド,2019105857,B,202405020708
キングレガリア,2019104822,C,202405020708
フライヤートゥルー,2020100297,C,202405020712
マホロバ,2020105732,C,202405020712
ローズバルサム,2020105625,B,202405020712
ビーアイオラクル,2019106691,B,202405020712
アンビバレント,2020102140,B,202405020712
エヴィダンシア,2019106932,B,202405020712
ジャスリー,2020102814,B,202405020712
ドライブアローカス,2020103034,C,202405020712
コーパスクリスティ,2020103703,B,202405020712
ユキマル,2020101174,B,202405020712
アラカザーム,2018102338,C,202405020712
ウィンダミア,2019106808,C,202405020712
ミスサン,2021107068,C,202405020801
フォーメリトゥム,2021107163,C,202405020801
ラブヒューズ,2021106887,D,202405020801
ハナチルサト,2021106474,C,202405020801
ハクサンマロン,2021100256,C,202405020801
サンダーアリュール,2021109069,C,202405020801
ミスファントム,2021100053,B,202405020801
ラヴィデクラ,2021106588,C,202405020801
モスオーキッド,2021105250,C,202405020801
ドリーミーガール,2021103359,D,202405020801
ネムレスクイーン,2021107169,C,202405020801
ネクタール,2021106961,C,202405020801
ニシノプレゼント,2021100194,B,202405020801
イズモ,2021102086,C,202405020801
バルミーパール,2021103428,B,202405020801
コスモビオラ,2021101050,C,202405020801
スカイレディ,2021110024,B,202405020802
ニシノオーシャン,2021104048,C,202405020802
アンヴァルガー,2021100869,,202405020802
タンゴバイラリン,2021105272,B,202405020802
オモカゲジョー,2021109094,B,202405020802
ジョードプル,2021100065,B,202405020802
ロードインフェルノ,2021101201,C,202405020802
サットサンガ,2021105071,,202405020802
タイキオナード,2021103169,C,202405020802
アカキチノイレブン,2021104644,B,202405020802
オリフラム,2021100952,,202405020802
ビップチェイス,2021105763,B,202405020802
リターンエース,2021101348,C,202405020802
アメリカンランナー,2021110121,B,202405020802
イグニス,2021106592,B,202405020802
ウェットシーズン,2021110112,B,202405020802
テイエムエール,2021103395,C,202405020803
フクチャントウメイ,2021105086,B,202405020803
モリノセピア,2021106307,B,202405020803
ミュークインディ,2021102922,C,202405020803
ユイノコドウ,2021106569,C,202405020803
ニシノジーク,2021107062,B,202405020803
ワンノブアス,2021105097,C,202405020803
ラグランデテソーロ,2021102473,C,202405020803
パールホワイトイブ,2021101869,B,202405020803
トクシーオーディン,2021104119,C,202405020803
カリジェン,2021102001,C,202405020803
エクセプション,2021107289,C,202405020803
テアトロ,2021106257,C,202405020803
エンランブ,2021107314,C,202405020803
スクラマサクス,2021101561,C,202405020803
マオノボルケーノ,2021100851,B,202405020803
プチブール,2021104205,D,202405020807
カピリナ,2021104073,B,202405020807
ヴォルスター,2021100677,C,202405020807
ベルウェザー,2021105425,B,202405020807
ローリーグローリー,2021110005,B,202405020807
サミアド,2021109086,B,202405020807
オーケーソニック,2021103823,C,202405020807
サトノアインス,2021105582,B,202405020807
ノーブルゲイル,2021104283,B,202405020807
セブンマイスター,2021105688,B,202405020807
ハクサンツキミテイ,2021104564,C,202405020807
イサチルカゼニタツ,2021101322,B,202405020807
アガシ,2021100653,C,202405020807
アンジュグルーヴ,2021105613,B,202405020807
キタノソワレ,2021106421,B,202405020807
ポンピエ,2021104945,C,202405020807
ヒヤ,2018101232,D,202405020810
ピックアップライン,2020103088,B,202405020810
マイネルシトラス,2019103542,C,202405020810
メイトースイ,2020100931,C,202405020810
アイファーエポック,2019101325,C,202405020810
メイショウラナキラ,2019102820,B,202405020810
モズタンジロウ,2019103776,B,202405020810
ユイノイチゲキ,2020101943,B,202405020810
ララエフォール,2019101121,C,202405020810
ロミオボス,2020102896,C,202405020810
ファイヴレター,2017102043,B,202405020810
ロイヤルダンス,2018102394,B,202405020810
サトノアポロン,2018105214,B,202405020812
コスモノアゼット,2018102181,B,202405020812
ラックスアットゼア,2020110083,B,202405020812
サトノルフィアン,2019106575,B,202405020812
パルデンス,2018104775,B,202405020812
ハードワイヤード,2020110034,B,202405020812
キャンディドライヴ,2019110112,B,202405020812
エミサキホコル,2020102751,B,202405020812
バグラダス,2020106015,B,202405020812
ロードフォンス,2020100145,B,202405020812
タマモダイジョッキ,2018104332,B,202405020812
エイシンレジューム,2020106518,B,202405020812
ペプチドタイガー,2020106408,B,202405020812
レーヴリアン,2018102666,B,202405020812
エコロアイ,2020110137,B,202405020812
ヴェールアンレーヴ,2019105555,B,202405020812
ブルースター,2021102528,B,202405020901
リアルアメリカン,2021105372,B,202405020901
アンドローゼス,2021105911,C,202405020901
プラビータ,2021106008,C,202405020901
ケープウィッカム,2021105896,B,202405020901
ネムレスクイーン,2021107169,C,202405020901
ディアマンドロップ,2021103545,C,202405020901
サンロレンツォ,2021106759,C,202405020901
タマモポロネーズ,2021104523,B,202405020901
ミスサラワク,2021105923,C,202405020901
ガーデンプランナー,2021101427,B,202405020901
メルメルメー,2021104218,C,202405020901
オウケンヴィーナス,2021105451,C,202405020901
サラフォーコン,2021100397,C,202405020901
ファインノーブル,2021102887,B,202405020901
ラントゥリーダンス,2021102598,C,202405020901
ミラクルジニア,2021103301,B,202405020902
メイザーキック,2021105060,C,202405020902
アミマネラ,2021106712,B,202405020902
アルニラム,2021109088,B,202405020902
メイショウソムリエ,2021102980,B,202405020902
シュウズダイヤ,2021104934,B,202405020902
エラトステネス,2021103547,D,202405020902
アイスブレイカー,2021103332,C,202405020902
マンマミーア,2021103317,B,202405020902
ニースライト,2021102898,C,202405020902
ケイツートラール,2021106350,C,202405020902
ビッグポケット,2021103914,B,202405020902
テイエムビッグサー,2021103466,B,202405020902
ロゴサウンド,2021103774,B,202405020902
アニマルボス,2021103439,C,202405020902
ソプラニスタ,2021105627,B,202405020902
ベレッタ,2021105005,B,202405020903
ビストワル,2021100640,C,202405020903
サンブノワ,2021105546,C,202405020903
メインストリーム,2021106609,C,202405020903
レッドスフェーン,2021105308,B,202405020903
バウンドトゥウィン,2021104628,C,202405020903
アイヲコメテ,2021102780,B,202405020903
ウェックスフォード,2021105268,B,202405020903
エクササイズ,2021103099,C,202405020903
タガノラデツキー,2021106556,C,202405020903
リアルビギニング,2021105038,C,202405020903
アルファウィンザー,2021100432,B,202405020903
クラリファイ,2021110010,B,202405020903
ブルズアイ,2021100466,C,202405020903
ピコニ,2021101727,C,202405020906
エンブレムボム,2021110134,B,202405020906
フェンダー,2021105753,B,202405020906
タンゴノアール,2021104256,C,202405020906
ミルトパワー,2021103691,B,202405020906
アッシュルバニパル,2021110128,B,202405020906
フイノマジワリ,2021101415,B,202405020906
メイショウカシワデ,2021103154,C,202405020906
アスクデビューモア,2021104824,B,202405020906
ドルチアーリア,2021105251,C,202405020906
プチボヌール,2020102962,C,202405020908
ニシノシークレット,2020100383,B,202405020908
オブシディアン,2020100307,B,202405020908
パイリヴレ,2020105326,B,202405020908
シャーンゴッセ,2020106930,B,202405020908
レッツリブオン,2019104135,B,202405020908
トーセンサウダージ,2020102468,C,202405020908
ダノンアーリー,2019105376,B,202405020908
トルズイーガー,2020104135,C,202405020908
カサブランカキッド,2020104936,C,202405020908
セキテイオー,2019101351,B,202405020908
イルディヴィーノ,2020103349,C,202405020908
リプレゼント,2020103559,B,202405020908
ショウナンアビアス,2020104597,B,202405020908
ピエフォール,2020103253,B,202405020908
トルーマンテソーロ,2019102082,C,202405020908
トーセンクライスト,2019104467,B,202405020912
アトラクティーボ,2019100641,C,202405020912
ワカミヤプレスト,2019104546,D,202405020912
トクシースタローン,2019103728,C,202405020912
コウユーパパニニテ,2019100119,C,202405020912
トーホウボルツ,2018103018,C,202405020912
アコークロー,2019104478,B,202405020912
ガンウルフ,2020110120,B,202405020912
ウィンターダフネ,2020103246,C,202405020912
トーアシオン,2016104152,C,202405020912
サハラヴァンクール,2018101704,D,202405020912
フミヤングフェイス,2020101960,B,202405020912
マテンロウガイ,2020101036,B,202405020912
ソリダリティ,2019105462,B,202405020912
シュプリンガー,2019104636,C,202405020912
マコトヴィクラント,2020104940,B,202405020912
ルーフオブヘヴン,2021104874,B,202405021001
ノーブルシャン,2021101568,C,202405021001
ゴーゴーケイコ,2021106562,B,202405021001
ヒカルエリザベス,2021104487,B,202405021001
ロジスクリーン,2021101373,C,202405021001
ハーデンベルギア,2021103330,B,202405021001
エイシンホイップ,2021100088,C,202405021001
ベルブリエ,2021106639,B,202405021001
フォクシー,2021102774,C,202405021001
ピュアバブル,2021103829,C,202405021001
コムダビチュード,2021101197,C,202405021001
ハドソンテソーロ,2021103387,C,202405021001
プリティドヌーヴ,2021106067,C,202405021001
エクサビット,2021105710,B,202405021001
エリカポラリス,2021103739,B,202405021001
ニシノサイエン,2021107003,B,202405021001
グラスフェロー,2021103906,D,202405021002
エクラメテオール,2021103492,C,202405021002
アショカ,2021103295,B,202405021002
プラムダンディ,2021100389,B,202405021002
ヴォーグアルタイル,2021104483,C,202405021002
エイシンボンバー,2021103632,C,202405021002
マンダレー,2021101071,B,202405021002
レッドラウル,2021103233,B,202405021002
ツマヤ,2021102707,C,202405021002
コヴィーニャ,2021107172,B,202405021002
アルマジャック,2021100518,B,202405021002
フリーマントル,2021104868,C,202405021002
アーススピリット,2021105339,C,202405021002
アルヴィア,2021106965,B,202405021002
プエルトガレラ,2021100955,B,202405021002
レオスパーク,2021102658,C,202405021002
エムティリラ,2021102187,B,202405021003
アイランドピーク,2021101363,C,202405021003
イングリッドローズ,2021104746,B,202405021003
キタノスティール,2021101794,C,202405021003
ハッピーデービー,2021103971,C,202405021003
リヴァーダンス,2021106338,D,202405021003
ミッキーイーグル,2021101491,B,202405021003
ブラックパーシモン,2021101375,D,202405021003
アマモト,2021103042,C,202405021003
グランドシュギョク,2021100560,C,202405021003
タマエスポワール,2021102087,C,202405021003
ティアラハオルチア,2021102515,C,202405021003
ニシノヴィヴィ,2021100948,C,202405021003
ケイツーセディ,2021107216,D,202405021003
アルディオール,2021101721,B,202405021003
グランプリショット,2021104631,B,202405021003
マンダリンボレロ,2020101655,B,202405021006
トレチーメ,2020101147,B,202405021006
フクノブルジュ,2020101465,B,202405021006
メレカリキマカ,2018104598,B,202405021006
イモータルソウル,2018103802,C,202405021006
イエヴァンポルッカ,2019103427,B,202405021006
ホワイトクロウ,2018105544,C,202405021006
レッドアウレア,2018104857,C,202405021006
ムーランブルー,2020101341,B,202405021006
オーサムデアラー,2020102952,B,202405021006
カムランベイ,2020101803,B,202405021006
ベアエクセレント,2020105245,B,202405021006
ベネロングポイント,2019104606,B,202405021006
ヤングローゼス,2020103728,B,202405021006
インザストーン,2020105489,B,202405021006
マーベラスアゲン,2016102333,C,202405021006
グランサバナ,2020103289,C,202405021010
ネッケツシャチョウ,2020105954,B,202405021010
ダノンブレット,2018104665,B,202405021010
ヴァンドゥラン,2020105991,B,202405021010
ホウオウバリスタ,2019106030,B,202405021010
ルクスフロンティア,2020104474,B,202405021010
ジューンアマデウス,2019102758,C,202405021010
ヴェノム,2018104346,C,202405021010
ビシャモンテン,2018101370,C,202405021010
クインズミモザ,2018101742,B,202405021010
ローズボウル,2018104574,C,202405021010
セブンスレター,2019100876,B,202405021010
カレンアルカンタラ,2020103086,B,202405021010
ダスク,2020106953,B,202405021010
ホウオウエクレール,2017103293,C,202405021010
プメハナ,2020105643,C,202405021010
アーレンダール,2019105063,C,202405021012
レディアス,2020102562,C,202405021012
オールマキシマム,2020100387,B,202405021012
ファミリークレスト,2019105064,B,202405021012
ギョウネン,2020101574,B,202405021012
ラブベティー,2019106491,B,202405021012
メロウヴォイス,2019102493,B,202405021012
マヴォロンテ,2020103435,B,202405021012
グレノークス,2020103033,B,202405021012
リンクスルーファス,2019105510,D,202405021012
カプラローラ,2019104592,B,202405021012
メイショウホオズキ,2018100595,C,202405021012
マウントベル,2019106895,B,202405021012
ライジングラパス,2020109096,B,202405021012
ジューンポンポン,2019102552,B,202405021012
オレンジブルボン,2021102655,B,202405021101
ゴールウェイガール,2021104552,C,202405021101
ニシノヤングマン,2021101052,C,202405021101
ミューシグ,2021103326,C,202405021101
ハニーディライト,2021106141,C,202405021101
ゲンブ,2021106890,B,202405021101
エッカート,2021106756,B,202405021101
アオイアツヒメ,2021102804,C,202405021101
アメリカンランナー,2021110121,B,202405021101
サンディビーチ,2021106443,B,202405021101
オルゴーリオ,2021110147,C,202405021101
ロケットホームラン,2021102264,C,202405021101
ベアナオセン,2021100549,B,202405021101
モノノフノミチ,2021101867,B,202405021101
クリノジーニアス,2021101855,B,202405021101
サウンドロックス,2021110155,B,202405021101
メイショウリリー,2021103209,C,202405021106
レオテミス,2021101576,B,202405021106
イリディセント,2021105614,B,202405021106
ゲンパチエトワール,2021100412,B,202405021106
レオエンプレス,2021100060,C,202405021106
ラジエーション,2021102910,C,202405021106
コムルヴァン,2021107168,C,202405021106
オーケーバーディー,2021100980,B,202405021106
ゴールドアローン,2021106874,B,202405021106
ステラヴェルデ,2021109085,B,202405021106
ベルフィーヌ,2021104754,B,202405021106
トウカイポワール,2021102389,B,202405021106
ドレシャス,2021100490,B,202405021106
ロギッシュ,2020106695,D,202405021108
ボルネオ,2020104375,B,202405021108
タイキバルドル,2020106817,C,202405021108
ホワイトクロウ,2018105544,C,202405021108
キタノチェロキー,2020105498,D,202405021108
アッティラ,2020102185,B,202405021108
ミツカネヴィーナス,2019100844,B,202405021108
オブリクア,2020105618,C,202405021108
コースタルテラス,2019105344,C,202405021108
メダルラッシュ,2020102668,C,202405021108
スーパーマン,2020100956,B,202405021108
ナンヨーノサラ,2020103050,C,202405021108
ブルーゴールド,2020104951,D,202405021108
ルージュアズライト,2020101610,B,202405021108
ブッシュテソーロ,2020102380,C,202405021108
シャインフォール,2019101359,C,202405021109
リラックス,2020103044,B,202405021109
フィールザワールド,2018105762,C,202405021109
ニットウバジル,2020106782,B,202405021109
スマイルアップ,2019103815,C,202405021109
ロードオルデン,2019102656,B,202405021109
バンドールロゼ,2019105819,B,202405021109
クリノアルバトロス,2020101983,B,202405021109
アポロプラネット,2019101264,B,202405021109
ニフェーデービル,2020101134,B,202405021109
サニーサフラン,2020100892,C,202405021109
コンクイスタ,2020106557,B,202405021109
ダークンストーミー,2020100656,C,202405021109
ウィンダミア,2019106808,C,202405021109
リンドラゴ,2019101200,B,202405021109
グラスシフォン,2020103985,B,202405021109
バトルクライ,2019103879,B,202405021111
クインズメリッサ,2018101984,B,202405021111
アドマイヤルプス,2017105279,C,202405021111
ヘラルドバローズ,2019106521,C,202405021111
コパノニコルソン,2019104116,B,202405021111
サンライズジーク,2020103039,C,202405021111
コスタノヴァ,2020103307,B,202405021111
エンペラーワケア,2020101547,A,202405021111
ベジャール,2019103826,C,202405021111
シアージスト,2019110009,A,202405021111
ロードラディウス,2020100168,B,202405021111
ハチメンロッピ,2020106756,B,202405021111
フルム,2019106214,B,202405021111
カセノダンサー,2019100297,B,202405021111
レッドヴェイロン,2015104714,B,202405021111
レディフォース,2020103790,B,202405021111
ジャスパーバローズ,2020100665,B,202405021112
ルーパステソーロ,2018100995,C,202405021112
レイズカイザー,2020100583,B,202405021112
グラシアス,2020101873,B,202405021112
ロミオボス,2020102896,C,202405021112
プラーヴィ,2020101905,B,202405021112
ティートラップ,2017103381,C,202405021112
ボールドゾーン,2020110130,C,202405021112
ラフエイジアン,2020104738,B,202405021112
メラーキ,2017105634,C,202405021112
ララエフォール,2019101121,C,202405021112
ロードジャスティス,2019103027,C,202405021112
テイエムファルコン,2017102599,B,202405021112
タイセイウォリアー,2020104148,B,202405021112
フミバレンタイン,2019105112,B,202405021112
ネイビースター,2020103795,B,202405021112
ウルトラハニー,2021104177,B,202405021201
レイヌドサーブル,2021104801,C,202405021201
シャトーブレール,2021104859,C,202405021201
セイウンマカロン,2021107080,B,202405021201
ミルクギモーヴ,2021107260,D,202405021201
スズノアムール,2021104499,C,202405021201
チャルドーニ,2021104946,B,202405021201
コスモバタール,2021106803,C,202405021201
キガタレイ,2021104386,B,202405021201
エリカサファイア,2021103732,B,202405021201
カンタベリーローズ,2021105949,,202405021201
ペイシャバロ,2021102035,C,202405021201
シンデレラタイム,2021106638,C,202405021201
コムダビチュード,2021101197,,202405021201
ピースヒロフェイス,2021105769,C,202405021201
ミドリタツ,2021105258,B,202405021201
クインタレッリ,2021102792,C,202405021202
マクミランテソーロ,2021102276,B,202405021202
ディスクリーキング,2021106416,D,202405021202
サベージラヴ,2021103748,C,202405021202
ドンクロノス,2021101863,B,202405021202
ダイゴリュウジン,2021106959,B,202405021202
トモジャシャトー,2021101041,B,202405021202
リキサンワールド,2021100408,C,202405021202
ジェイエルジェティ,2021101833,B,202405021202
ファイアーサイン,2021100880,C,202405021202
ファロウ,2021105754,D,202405021202
アオイラリュヌ,2021106914,C,202405021202
オーネットレオ,2021100551,B,202405021202
ポッドグラス,2021103712,C,202405021202
シーニックビュー,2021105229,C,202405021202
ゴンザーゴ,2021105388,B,202405021202
アプローチ,2021100507,B,202405021203
シャドウルパン,2021104797,C,202405021203
ウィウィルウィン,2021102347,B,202405021203
ルミナスアイ,2021109176,D,202405021203
ブートストラップ,2021103998,B,202405021203
セイウンウィズミー,2021102941,C,202405021203
パリプラージュ,2021110009,B,202405021203
タンゴバイラリン,2021105272,B,202405021203
ジーティーセイント,2021102950,C,202405021203
メンドロントット,2021105023,D,202405021203
ベストディシジョン,2021105718,B,202405021203
ニシノオーシャン,2021104048,B,202405021203
ホウオウフェイント,2021103481,B,202405021203
ビップチェイス,2021105763,B,202405021203
ザソード,2021107261,B,202405021203
イルプリンチペ,2021105914,B,202405021203
ダノンマカルー,2021105965,B,202405021205
アルジェンタージョ,2021103706,B,202405021205
オセアエクスプレス,2021104145,C,202405021205
ウエスタンシーズン,2021103444,B,202405021205
クインズデネブ,2021106328,B,202405021205
アメリカンチケット,2021110122,C,202405021205
サミアド,2021109086,A,202405021205
ミッキードラマー,2021104782,B,202405021205
スート,2021101652,B,202405021205
マイフォーエバー,2021105193,B,202405021205
タイセイレスポンス,2021105646,C,202405021205
クインズポラリス,2021102371,B,202405021205
バロン,2021105974,B,202405021205
アシャカデュメ,2021102066,B,202405021205
ジェネラーレ,2021110153,B,202405021205
サンリコリス,2021101299,B,202405021205
ニシノスピカ,2019103570,B,202405021207
サンマルヴァレー,2019106409,B,202405021207
イルザ,2019102736,B,202405021207
アポロハクジャ,2018100170,C,202405021207
ヨロ,2020106982,C,202405021207
インセプション,2020106664,C,202405021207
チェイスザウェイ,2020104111,B,202405021207
ローズブルーム,2019101428,C,202405021207
ホワイトターフ,2019105794,B,202405021207
ノットファウンド,2020103462,B,202405021207
ボールドトップ,2020106472,C,202405021207
グランヒマラヤ,2020100847,B,202405021207
ビップソリオ,2019105655,C,202405021207
スナイチゴールド,2020106457,B,202405021207
クールトラッカー,2020103633,B,202405021207
ランプロファイア,2019105409,B,202405021207
ラニカイ,2019100635,B,202405021210
ラップスター,2020110104,B,202405021210
スノーグレース,2019105185,B,202405021210
ショウナンライシン,2020103148,B,202405021210
マイネルカーライル,2020105761,B,202405021210
リバートゥルー,2020102703,B,202405021210
カズプレスト,2019102869,B,202405021210
ブランデーロック,2019107075,B,202405021210
フタイテンロック,2019102665,D,202405021210
サルヴァトーレ,2020100301,B,202405021210
ヴィアルークス,2018106815,B,202405021210
ナイトアクアリウム,2020103005,C,202405021210
ハッスルダンク,2020104632,C,202405021210
ドゥラレジリエント,2020102845,B,202405021210
ビオグラフィア,2018105471,B,202405021210
ロードバルドル,2019100410,C,202405021210
ハクサンマロン,2021100256,B,202405030102
フェレザ,2021101744,B,202405030102
アルプスオジョー,2021100540,B,202405030102
ソリッドエビデンス,2021100760,C,202405030102
サノノリッチ,2021102057,C,202405030102
ラセーヌシュメール,2021105260,B,202405030102
ゴールドタリスマン,2021100728,C,202405030102
ミスファントム,2021100053,B,202405030102
イロイロ,2021106131,C,202405030102
ラヴォンドリコ,2021107317,C,202405030102
ハーデンベルギア,2021103330,B,202405030102
ハナチルサト,2021106474,B,202405030102
サンキャメロン,2021107262,B,202405030102
ムーランボルドー,2021101486,B,202405030102
ヨリノサクラ,2021106148,C,202405030102
ヴィオルナ,2021103221,B,202405030102
クレバーピコ,2021106085,C,202405030103
レイズルノワール,2021104262,B,202405030103
イクリール,2021106563,B,202405030103
タク,2021101726,C,202405030103
フォローウィンド,2021105904,C,202405030103
ムビョウソクサイ,2021103329,C,202405030103
リュウノハイル,2021102204,B,202405030103
ウインラムセス,2021101530,D,202405030103
ミダース,2021105951,B,202405030103
ローンウルフ,2021104112,C,202405030103
カフェロワン,2021103222,C,202405030103
スオードカット,2021100716,B,202405030103
フォーゲルヴァイデ,2021104488,C,202405030103
リンガスロシェ,2021104400,B,202405030103
スプランドゥール,2021100623,B,202405030103
フクノスナノバラ,2021107147,C,202405030103
ハドソンテソーロ,2021103387,C,202405030106
パールホワイトイブ,2021101869,B,202405030106
ヨリナエスポワール,2021102671,B,202405030106
クーリッジテソーロ,2021101617,B,202405030106
ミスターディジェイ,2021104617,D,202405030106
スクラマサクス,2021101561,C,202405030106
ペプチドアサヒ,2021101980,C,202405030106
ダイチジェム,2021100625,B,202405030106
チャンスメーカー,2021101747,C,202405030106
レッドレナート,2021103145,B,202405030106
ヴァンセゾニエ,2021105612,B,202405030106
トクシーオーディン,2021104119,B,202405030106
クリノアレグロ,2021101200,D,202405030106
キョウエイノヴェル,2021103363,B,202405030106
インサイダー,2021104954,B,202405030106
アンサーパスト,2021101085,B,202405030106
カプラローラ,2019104592,B,202405030108
フィールザオーラ,2020103565,C,202405030108
ファミリークレスト,2019105064,B,202405030108
ベレザニーニャ,2020106746,C,202405030108
ラブリアージェ,2019106099,B,202405030108
グレノークス,2020103033,B,202405030108
メロウヴォイス,2019102493,C,202405030108
デュードメール,2019105399,B,202405030108
ビターゼノビア,2020104207,C,202405030108
ルショコラ,2019100786,B,202405030108
キッショウ,2019106894,C,202405030108
テレパシー,2020104205,C,202405030108
ナックダンス,2020106024,B,202405030108
メイショウホオズキ,2018100595,C,202405030108
フェブランシェ,2020103616,B,202405030108
ルナビス,2020106579,B,202405030108
タマモロック,2020104861,B,202405030111
パライバトルマリン,2020110126,B,202405030111
ハギノアトラス,2016102663,C,202405030111
キタノリューオー,2018104462,B,202405030111
サンライズジーク,2020103039,B,202405030111
アスクドゥラメンテ,2019105400,B,202405030111
ゴーゴーユタカ,2019100167,B,202405030111
ケイアイシェルビー,2018101739,B,202405030111
イーグルノワール,2021107170,B,202405030111
ディパッセ,2019105609,B,202405030111
ビヨンドザファザー,2019101613,C,202405030111
レオノーレ,2019100629,B,202405030111
ユティタム,2020102891,B,202405030111
ジャスパーゴールド,2018110126,C,202405030111
アクションプラン,2020100116,B,202405030111
ウェットシーズン,2021110112,B,202405030112
フラーハ,2021106734,B,202405030112
トーセンサウダージ,2020102468,B,202405030112
ムコウジマランプ,2020104623,B,202405030112
レイデルマール,2018101744,C,202405030112
イサチルカゼニタツ,2021101322,B,202405030112
ヨゾラノムコウニ,2021104191,B,202405030112
ヴィクトリーロード,2020103931,D,202405030112
タイセイピューマ,2021106119,C,202405030112
サクラファシナンテ,2018104014,B,202405030112
アイファーリーベン,2019102950,C,202405030112
ランタナヒルズ,2021101241,B,202405030112
モスオーキッド,2021105250,B,202405030112
マーゴットミニモ,2020100655,B,202405030112
チャールストン,2019101814,C,202405030112
ハッピーロンドン,2020101639,B,202405030112
アフタヌーンティー,2021103692,C,202405030201
ミヤビアストレア,2021107277,C,202405030201
マフィン,2021101219,C,202405030201
ウルティモ,2021101209,D,202405030201
モディリアーニ,2021105346,C,202405030201
ペイシャアゲイン,2021104216,C,202405030201
アキノヨナガニ,2021101993,C,202405030201
タマモポロネーズ,2021104523,B,202405030201
ホウオウマリアン,2021103542,B,202405030201
カレンタクト,2021104128,B,202405030201
ケープウィッカム,2021105896,C,202405030201
ツインクルステージ,2021103512,C,202405030201
クツワワールド,2021104266,C,202405030201
ゴールドマジカル,2021106878,B,202405030201
コルヴィル,2021104511,B,202405030201
ダズリングティアラ,2021104939,B,202405030201
ハクシュ,2021107009,C,202405030202
キッドストン,2021105146,B,202405030202
ジョードプル,2021100065,C,202405030202
アツキヤマト,2021103918,B,202405030202
リフレイン,2021102766,B,202405030202
ロードインフェルノ,2021101201,B,202405030202
シグムンド,2021106353,B,202405030202
ダノンタイムリー,2021105151,B,202405030202
アクセルホーリー,2021103705,D,202405030202
ワオン,2021101395,B,202405030202
ヤマニンファリダ,2021106599,C,202405030202
ユキノロンシャン,2021104528,C,202405030202
ベルウッドリアン,2021109072,B,202405030202
レトロタイプ,2021104843,C,202405030202
ビーナスライズ,2021102342,B,202405030202
ヴァズレーヌ,2021106707,C,202405030202
プリンセスナイト,2021101244,B,202405030204
サクセスビクトリー,2021104251,C,202405030204
トーアナタリー,2021105336,C,202405030204
ブレッザマリーナ,2021100068,C,202405030204
ロマンスヒコー,2021102364,C,202405030204
ランデヴーローズ,2021103072,B,202405030204
ミスヨシゼン,2021104663,B,202405030204
サイモンプレジール,2021102798,B,202405030204
ミルフルール,2021100614,C,202405030204
ラブラブラブチャン,2021101286,C,202405030204
クールソル,2021104325,C,202405030204
エイシントレボン,2021103379,C,202405030204
フクチャントウメイ,2021105086,B,202405030204
ノアスペシャル,2021102784,B,202405030204
チーフルガール,2021100563,C,202405030204
ヤマタケボヌール,2021102074,C,202405030204
ジェンマ,2021101210,C,202405030208
ライクファーザー,2021102359,B,202405030208
コーカサスゴールド,2021102676,B,202405030208
タケルルーク,2020106279,C,202405030208
ゲキザル,2019102102,C,202405030208
ザロック,2021106845,B,202405030208
ターコイズフリンジ,2021105356,C,202405030208
ネオシルバー,2021106063,B,202405030208
ライジンマル,2021101449,B,202405030208
キイロノトマト,2020106156,C,202405030208
スプレーフォール,2021107266,B,202405030208
クレイヴィンオナー,2021104576,B,202405030208
イエヴァンポルッカ,2019103427,B,202405030208
スマイルヴィヴァン,2018100895,D,202405030208
ゴンドワナ,2020103921,C,202405030208
パノティア,2018105515,C,202405030208
バグラダス,2020106015,B,202405030210
ダノンミカエル,2020101632,B,202405030210
セイカフォルゴーレ,2019101923,C,202405030210
ハッピースワニー,2019101222,C,202405030210
ムーヴ,2019101759,B,202405030210
マルカアトラス,2019102583,B,202405030210
アルメイダミノル,2018105833,B,202405030210
レッドラパルマ,2019101168,C,202405030210
タマモダイジョッキ,2018104332,B,202405030210
プラウドヘリテージ,2019101875,B,202405030210
プラチナジュビリー,2020106386,B,202405030210
ハヤブサジェット,2020105049,B,202405030210
ハードワイヤード,2020110034,B,202405030210
ハイアムズビーチ,2019105478,B,202405030210
タイセイジャスパー,2019100135,B,202405030210
ニシノカシミヤ,2020100418,B,202405030210
ホウオウドラッカー,2020103605,C,202405030212
スティルディマーレ,2020103366,B,202405030212
ドライブアローカス,2020103034,B,202405030212
ロジヴィクトリア,2019100567,B,202405030212
ダブルジョーク,2020110026,B,202405030212
キョウエイカンフ,2020100363,B,202405030212
カンパニョーラ,2019104385,B,202405030212
フライヤートゥルー,2020100297,B,202405030212
コンクエスト,2019100657,B,202405030212
ニジュウダンサー,2020102439,B,202405030212
バルミュゼット,2019106701,C,202405030212
ヴァンドーム,2021100170,B,202405030212
エヴィダンシア,2019106932,C,202405030212
ジャスリー,2020102814,B,202405030212
ロイヤルダンス,2018102394,B,202405030212
ミエノナイスガイ,2019103767,C,202405030212
ヒロインコール,2021103817,C,202405030302
ネムレスクイーン,2021107169,B,202405030302
ゴールデンスイープ,2021105062,C,202405030302
エコロカレン,2021103484,C,202405030302
エグマリーヌ,2021106633,B,202405030302
メイザーキック,2021105060,C,202405030302
カムイパパイヤ,2021102749,D,202405030302
コスモビオラ,2021101050,C,202405030302
イングリッドローズ,2021104746,B,202405030302
キタノアマポーラ,2021100974,C,202405030302
ヒトリゴツ,2021106760,C,202405030302
レッツダンス,2021101315,D,202405030302
ノーマンズランド,2021101693,B,202405030302
エリーステラ,2021101177,B,202405030302
ベルブリエ,2021106639,B,202405030302
ニースライト,2021102898,C,202405030302
ミーハ,2021104410,C,202405030303
ベルイストワール,2021100606,C,202405030303
アーススピリット,2021105339,C,202405030303
プラチナバンド,2021100045,B,202405030303
イデアイゴッソウ,2021103096,B,202405030303
ライトピラー,2021101204,B,202405030303
ココケイ,2021104263,C,202405030303
ラブリーポップ,2021107372,D,202405030303
アルファウィンザー,2021100432,C,202405030303
レッドスフェーン,2021105308,B,202405030303
フィッツロイ,2021101055,D,202405030303
ベレッタ,2021105005,B,202405030303
クインズリゲル,2021106695,C,202405030303
イデアパシオン,2021104016,B,202405030303
クリンキー,2021101610,C,202405030303
ウインドラート,2021106199,B,202405030303
アレスエルピーダ,2021104541,C,202405030306
ロジゴールデン,2021105029,B,202405030306
ドレッシーナイト,2021105100,C,202405030306
アルヴァレス,2021103041,C,202405030306
ショウナンアムロ,2021105184,C,202405030306
ミュークインディ,2021102922,C,202405030306
サクラトップリアル,2021104159,B,202405030306
カシノカンピオーネ,2021100516,D,202405030306
アンリトゥンルール,2021101668,C,202405030306
アカキチノイレブン,2021104644,C,202405030306
ブルズアイ,2021100466,C,202405030306
ピースポート,2021103611,C,202405030306
アイスブレイカー,2021103332,C,202405030306
アオイミモザ,2021100873,B,202405030306
スクイッドラン,2021104343,D,202405030306
プルメリアクヒオ,2021103208,B,202405030306
コスモジンバック,2021106797,B,202405030308
プレジール,2021106209,B,202405030308
タマモエイトビート,2019106954,B,202405030308
サハラ,2019101646,C,202405030308
イデアユウシン,2020106549,C,202405030308
エメリヨン,2020103120,B,202405030308
メイプルタピット,2021103140,B,202405030308
マウンテンエース,2020104452,B,202405030308
サフランブライト,2019102728,B,202405030308
コトブキヘスペラス,2020100209,B,202405030308
ターコイズデュー,2020101377,C,202405030308
バンドネオン,2020103520,C,202405030308
ディズレーリ,2020103119,B,202405030308
リネンマンボ,2020101457,C,202405030308
ヘヴンリーハンド,2021106910,C,202405030308
クロックフォード,2020102805,B,202405030308
スタンリーテソーロ,2021102275,B,202405030310
ヤマニンバンタジオ,2014100566,D,202405030310
グラウンドビート,2021105120,B,202405030310
アッチャゴーラ,2020102843,B,202405030310
フィフティシェビー,2019110074,B,202405030310
パンテレリア,2019105822,B,202405030310
マンノステータス,2020105471,B,202405030310
ジューンポンポン,2019102552,B,202405030310
ショウナンカブト,2020104107,C,202405030310
ショウナンガロ,2020105372,C,202405030310
カフェカルマ,2019103309,C,202405030310
ララエフォール,2019101121,B,202405030310
ナンヨーヴィヨレ,2018105748,C,202405030310
ロンズデーライト,2018105129,B,202405030310
リンクスルーファス,2019105510,C,202405030310
キョウエイジョイ,2020104648,C,202405030312
レッドリターン,2020105855,C,202405030312
シャーンゴッセ,2020106930,B,202405030312
モルフェブーケ,2020100351,C,202405030312
ダイヤモンドビーチ,2020103956,C,202405030312
フラムブランシュ,2021100929,B,202405030312
マーゴットレーヴ,2020105813,B,202405030312
ゲラウィン,2020103211,D,202405030312
ジュンフシナ,2020100343,C,202405030312
ユニヴェール,2021103044,B,202405030312
ピコニ,2021101727,C,202405030312
オーロラアーク,2019102186,C,202405030312
トルーマンテソーロ,2019102082,B,202405030312
キタノソワレ,2021106421,C,202405030312
アルジェンタージョ,2021103706,B,202405030312
カルネヴァーレ,2021103720,B,202405030312
グッドイナフ,2021106575,B,202405030401
フミソニック,2021103654,C,202405030401
セージグリーン,2021104850,C,202405030401
ノルディア,2021101678,B,202405030401
オンザジュピター,2021105087,B,202405030401
トニーアワード,2021102428,B,202405030401
ワカメチャン,2021101915,B,202405030401
ピースヒロフェイス,2021105769,C,202405030401
パナマテソーロ,2021104442,B,202405030401
アズベリー,2021101732,B,202405030401
カーリングホリデー,2021106982,C,202405030401
ルルフィーユ,2021102894,B,202405030401
カリプソ,2021100504,D,202405030401
トーセンシエンタ,2021104709,B,202405030401
ココボロ,2021106419,C,202405030401
サクブット,2021100729,B,202405030401
セイウンダキシメテ,2021107073,B,202405030402
ウインウェイウェイ,2021103391,C,202405030402
ナツリュウオー,2021100125,B,202405030402
ハクサンソヌス,2021100780,C,202405030402
ユイノコミチ,2021101459,B,202405030402
サンマルファンキー,2021102695,C,202405030402
ラッキーヤース,2021101081,C,202405030402
キーシンガー,2021102566,C,202405030402
ノーブルニードル,2021104382,C,202405030402
エラトステネス,2021103547,C,202405030402
ビックリマーク,2021106984,C,202405030402
チャーチルテソーロ,2021102286,D,202405030402
プエルトガレラ,2021100955,C,202405030402
ハツワカ,2021106693,B,202405030402
エッカート,2021106756,C,202405030402
ホウオウフロイト,2021103549,C,202405030402
キョウエイブラーボ,2021103362,B,202405030403
ラヴシュプリーム,2021103686,C,202405030403
レッドラウル,2021103233,C,202405030403
コスモフレディ,2021100730,C,202405030403
フィージビリティー,2021106626,B,202405030403
バティックオーレ,2021104664,C,202405030403
シトパレード,2021104458,C,202405030403
ライヴロッキー,2021104000,B,202405030403
エルキーオ,2021101881,C,202405030403
ホウオウフェイント,2021103481,B,202405030403
サトノリアン,2021104155,B,202405030403
エクラメテオール,2021103492,C,202405030403
グラスフェロー,2021103906,B,202405030403
タキザクラ,2021100180,C,202405030403
バルサミコ,2021103798,D,202405030403
カドサンガンバル,2021104264,C,202405030403
ゼンリョクダンス,2020102393,C,202405030407
トゥピ,2020106776,C,202405030407
オランジー,2020103375,C,202405030407
エイシンホイップ,2021100088,C,202405030407
クイーンオブソウル,2020102995,B,202405030407
アルヴィエンヌ,2020103225,B,202405030407
ルージュスタニング,2021105775,B,202405030407
エリカサファイア,2021103732,B,202405030407
フイノマジワリ,2021101415,B,202405030407
プチブール,2021104205,C,202405030407
トーセンクライネ,2021104724,B,202405030407
レオエンプレス,2021100060,C,202405030407
ラズライト,2019103122,B,202405030407
シウン,2019105420,B,202405030407
ベルウッドグラス,2020104945,B,202405030409
トクシースタローン,2019103728,B,202405030409
ショウサンキズナ,2019102265,C,202405030409
コウユーパパニニテ,2019100119,C,202405030409
サハラヴァンクール,2018101704,C,202405030409
アメリカンエール,2018110132,B,202405030409
ロードディフィート,2020102119,C,202405030409
キングサーガ,2017105439,B,202405030409
ムジェロ,2020103414,B,202405030409
フミヤングフェイス,2020101960,B,202405030409
アンクラウデッド,2018104503,C,202405030409
ダノンヒューマ,2020102936,B,202405030409
フランスゴデイナ,2018110117,B,202405030410
アースライザー,2017103285,B,202405030410
サルヴァトーレ,2020100301,B,202405030410
サンテックス,2020100635,B,202405030410
カシノブレンド,2016100297,C,202405030410
ウェイワードアクト,2020110024,A,202405030410
デルマオニキス,2017100811,D,202405030410
イグザルト,2019101741,B,202405030410
ストライク,2020105869,B,202405030410
オールフラッグ,2019105170,C,202405030410
メイショウモズ,2020106196,C,202405030410
マリアナトレンチ,2020102737,B,202405030410
パーティーベル,2019104853,B,202405030410
ベンテイガ,2019105996,B,202405030410
オンザライン,2018104646,C,202405030410
コンティノアール,2020103785,B,202405030410
ハクサンマロン,2021100256,B,202405030501
ムーンライトデイ,2021102559,B,202405030501
シューンカイゼリン,2021103737,B,202405030501
エクサビット,2021105710,B,202405030501
オーブルクール,2021103095,B,202405030501
ペイシャスウィフト,2021102639,B,202405030501
レモンシフォン,2021103685,C,202405030501
タリスカーベイ,2021101646,B,202405030501
クロユリジョウ,2021106475,B,202405030501
アルーリングタイム,2021104829,B,202405030501
プリンセスサクラ,2021100714,C,202405030501
ジェイエルジェティ,2021101833,B,202405030501
ペータース,2021101536,C,202405030501
ポウナム,2021103027,C,202405030501
サントリーニブルー,2021105879,C,202405030501
ナナイロノユメ,2021101358,C,202405030501
モーニングヤマト,2021102692,B,202405030502
タケルゴールド,2021100884,C,202405030502
ジョイレンジャー,2021106709,C,202405030502
アフタヌーンティー,2021103692,B,202405030502
トクシージェネラル,2021107279,B,202405030502
ダンシングボビー,2021102229,C,202405030502
シグムンド,2021106353,B,202405030502
ゲームアップロード,2021104898,D,202405030502
サノノゴールド,2021102067,B,202405030502
セイウンパイオニア,2021106996,B,202405030502
ゴールドモーション,2021106881,B,202405030502
ビートリニティ,2021103600,B,202405030502
リフレイン,2021102766,C,202405030502
アショカ,2021103295,B,202405030502
グリマルディ,2021101421,C,202405030502
ウェックスフォード,2021105268,B,202405030502
セイウンマカロン,2021107080,B,202405030503
グランジュール,2021102105,B,202405030503
タマモポロネーズ,2021104523,B,202405030503
ルージュベルベット,2021105749,B,202405030503
クランプダンス,2021105733,C,202405030503
ソーブルーム,2021105685,C,202405030503
セイウンチドリ,2021102685,B,202405030503
サクラサルーテ,2021104068,B,202405030503
サラフォーコン,2021100397,B,202405030503
タマモルピナス,2021104524,C,202405030503
デフィニトリー,2021106360,B,202405030503
ツインクルステージ,2021103512,B,202405030503
クイーンズアームス,2021105935,B,202405030503
ミスサラワク,2021105923,C,202405030503
スーパーソニック,2021104659,C,202405030503
ヤマメクィーン,2021106034,D,202405030503
ブルドッグガール,2022100241,C,202405030506
クレーキング,2022104743,B,202405030506
ソリスクラヴィス,2022104749,B,202405030506
ニューファウンド,2022104643,B,202405030506
アルデツヨシ,2022101481,B,202405030506
シュタールペスカ,2022104438,B,202405030506
カービスベイ,2022107246,C,202405030506
アイビーヒメチャン,2022103959,B,202405030506
チュラット,2022103892,C,202405030506
シホノペルフェット,2022104627,B,202405030506
サンダーロード,2022102966,B,202405030506
パースウェイド,2022105803,B,202405030506
タイセイアビリティ,2022102799,B,202405030506
タヤスソーレ,2022103993,B,202405030506
エルオレンス,2022101060,C,202405030506
ブラックトルネード,2022106418,D,202405030506
ニシノヴィヴィ,2021100948,B,202405030507
リンクスクードボル,2021104004,B,202405030507
オーネットレオ,2021100551,B,202405030507
ポップスター,2021100179,C,202405030507
ボエーム,2021100475,B,202405030507
フェレザ,2021101744,B,202405030507
トウエンノチカイ,2021101441,B,202405030507
ツクバアプローズ,2021100211,C,202405030507
ヒラボクヒーロー,2021103004,B,202405030507
ペイシャイン,2021107303,C,202405030507
ワンダフルタテヤマ,2021101366,D,202405030507
イントゥザフロー,2021104545,B,202405030507
ゴールデンレイ,2021103448,D,202405030507
ラッキーアメリカン,2021101698,B,202405030507
ヴィル,2021104129,B,202405030507
アイランドピーク,2021101363,B,202405030507
マホロバ,2020105732,B,202405030510
ショウナンアビアス,2020104597,B,202405030510
スペンサーバローズ,2020106941,B,202405030510
ミエノナイスガイ,2019103767,D,202405030510
ブリエヴェール,2018104849,C,202405030510
トーセンニック,2018105647,B,202405030510
ニットウライジン,2020106779,C,202405030510
ナスティウェザー,2021101703,B,202405030510
クラウンブラヴォー,2020101422,C,202405030510
ジョージテソーロ,2021102078,B,202405030510
クリノアルバトロス,2020101983,C,202405030510
ウインザナドゥ,2018101625,B,202405030510
ヨーデル,2019110086,B,202405030510
キャプテンローレル,2019100051,D,202405030510
ルルローズ,2018105874,B,202405030510
ニシノスピカ,2019103570,B,202405030510
サトノオラシオン,2021101453,B,202405030512
ブライテストドーン,2020102956,C,202405030512
ブッシュテソーロ,2020102380,B,202405030512
アンクエンチャブル,2021101660,B,202405030512
ヨドノドリーム,2017103084,D,202405030512
ワイドブリザード,2021104416,C,202405030512
レオスパーク,2021102658,B,202405030512
セイウンガレオン,2019103158,C,202405030512
フリッパー,2020100078,B,202405030512
ヘラクレスノット,2020103023,D,202405030512
イモータルバード,2021100674,B,202405030512
ゲキザル,2019102102,C,202405030512
テリフィックプラン,2021110127,B,202405030512
グランパープル,2021106099,B,202405030602
ダノンストラーダ,2021104763,B,202405030602
ヤマニンファロ,2021106596,C,202405030602
ミダース,2021105951,B,202405030602
サンディビーチ,2021106443,B,202405030602
ヘインズポイント,2021105734,B,202405030602
グランナヴィール,2021101779,C,202405030602
ビロウィダダ,2021103243,C,202405030602
クリスタルニクス,2021102974,C,202405030602
ビップチェイス,2021105763,B,202405030602
アオイシン,2021104181,B,202405030602
クーデピンヌ,2021101317,C,202405030602
グラスフラッグ,2021106444,D,202405030602
ポーラスター,2021107232,C,202405030602
レボルシオン,2021103500,C,202405030602
ブラボーキングダム,2021101403,B,202405030602
ニシノヤングマン,2021101052,B,202405030603
ビルカバンバ,2021100803,C,202405030603
クインタレッリ,2021102792,B,202405030603
ミハタタテナシ,2021105331,C,202405030603
マクミランテソーロ,2021102276,C,202405030603
ルーフオブヘヴン,2021104874,C,202405030603
アメリカンランナー,2021110121,B,202405030603
トモジャシャトー,2021101041,B,202405030603
ライトニングゼウス,2021104058,B,202405030603
ドンクロノス,2021101863,C,202405030603
ブライティアダイヤ,2021102468,B,202405030603
オオタニサーン,2021110004,B,202405030603
キングプロフィット,2021107012,C,202405030603
スキーサンダー,2021101653,B,202405030603
シーニックビュー,2021105229,C,202405030603
レゴーラドーロ,2021106703,C,202405030603
フォルクスリート,2021105571,B,202405030607
ライブインステラ,2019104776,C,202405030607
カフェニクス,2021103288,C,202405030607
マイショウチャン,2020102207,C,202405030607
ラジエル,2019105457,C,202405030607
ジャーニーメモリー,2020104437,C,202405030607
モネ,2019101749,B,202405030607
サンリコリス,2021101299,C,202405030607
マンダリンボレロ,2020101655,B,202405030607
オブシディアン,2020100307,C,202405030607
マイフォーエバー,2021105193,B,202405030607
ボールドトップ,2020106472,C,202405030607
ゼウスビスティー,2020100950,B,202405030607
ベリーベリーベリー,2020104291,C,202405030607
タイキバルドル,2020106817,C,202405030607
ショウナンハクウン,2020103670,B,202405030607
ハーデンベルギア,2021103330,C,202405030608
ローズパンラズナ,2021101407,B,202405030608
プチボヌール,2020102962,B,202405030608
シルバーニース,2020103221,B,202405030608
アピーリングルック,2021104914,B,202405030608
ショーヴァロンス,2021103908,B,202405030608
アルドール,2021105707,B,202405030608
ゴールドアローン,2021106874,B,202405030608
クインズカムイ,2020105325,B,202405030608
クリノユキツバキ,2019102013,C,202405030608
ベルフィーヌ,2021104754,B,202405030608
ラピダリア,2021100652,C,202405030608
ナンヨーノサラ,2020103050,C,202405030608
カフジオクタゴン,2019105656,B,202405030611
シークレットラン,2016104451,C,202405030611
クールミラボー,2020103387,B,202405030611
バハルダール,2019110015,C,202405030611
キタノヴィジョン,2017102011,B,202405030611
ダノンラスター,2016105206,B,202405030611
ヴァンドゥラン,2020105991,C,202405030611
メイプルリッジ,2019105523,C,202405030611
ベルウッドグラス,2020104945,C,202405030611
アスクワイルドモア,2019104937,C,202405030611
エクセスリターン,2019101274,B,202405030611
ミスティックロア,2020110075,B,202405030611
リチュアル,2019106748,B,202405030611
ホウオウルーレット,2019105746,B,202405030611
サイモンザナドゥ,2020104497,B,202405030611
オーロイプラータ,2020103308,B,202405030611
サンカルミア,2021101305,B,202405030701
アキノヨナガニ,2021101993,D,202405030701
ジーティーセイント,2021102950,C,202405030701
ラブラブラブチャン,2021101286,C,202405030701
トーアナタリー,2021105336,C,202405030701
ゴールデンオスカー,2021101235,C,202405030701
アージェント,2021105716,C,202405030701
ファロウ,2021105754,C,202405030701
ウエスタンダンテ,2021103445,C,202405030701
スプランドゥール,2021100623,C,202405030701
ペプチドアサヒ,2021101980,C,202405030701
リンガスロシェ,2021104400,B,202405030701
クラウングスタフ,2021101256,B,202405030701
アオイミモザ,2021100873,B,202405030701
オブツーサ,2021102761,C,202405030701
コルヴィル,2021104511,C,202405030701
ウインラムセス,2021101530,C,202405030702
ベルウッドリアン,2021109072,B,202405030702
レイズルノワール,2021104262,B,202405030702
モンテレオン,2021105624,B,202405030702
ピースフルブラボー,2021106433,D,202405030702
サノノゴールド,2021102067,C,202405030702
グレイトマジック,2021104157,C,202405030702
インゼエボニータ,2021102634,C,202405030702
エルキーオ,2021101881,C,202405030702
サクラキングリー,2021104067,C,202405030702
ミーハ,2021104410,C,202405030702
ラファールドール,2021104889,C,202405030702
ベレッタ,2021105005,B,202405030702
ライトピラー,2021101204,B,202405030702
メインストリーム,2021106609,C,202405030702
ロードインフェルノ,2021101201,B,202405030702
スリーボビー,2021103742,B,202405030703
ハツワカ,2021106693,C,202405030703
ミルフルール,2021100614,C,202405030703
パールホワイトイブ,2021101869,B,202405030703
マンウォル,2021103744,B,202405030703
エコロカレン,2021103484,C,202405030703
シャンゼリゼハート,2021107221,C,202405030703
ヒナボンボン,2021109080,C,202405030703
ミスファントム,2021100053,B,202405030703
トクシーオーディン,2021104119,B,202405030703
キョウエイノヴェル,2021103363,B,202405030703
ホウオウサーキット,2021100445,C,202405030703
サバイバルリベラル,2021101365,C,202405030703
リスマルチェリ,2021102772,C,202405030703
ペイシプリンプリン,2021102023,D,202405030703
レイズショコラ,2021100609,B,202405030703
ブルーゴールド,2020104951,D,202405030707
スイッチオン,2020106221,B,202405030707
ザロック,2021106845,B,202405030707
ロクシアス,2021105890,B,202405030707
ダイヤモンドビーチ,2020103956,D,202405030707
ドレミファニー,2020104855,B,202405030707
タイセイミッション,2021101045,B,202405030707
ミラーオブマインド,2020102796,C,202405030707
コーカサスゴールド,2021102676,B,202405030707
エッグスラット,2020102792,B,202405030707
レオスパーク,2021102658,C,202405030707
アオカミ,2019101753,C,202405030707
サクセスバラード,2020104898,C,202405030707
インテルメディオ,2021104922,B,202405030707
クレイヴィンオナー,2021104576,B,202405030707
シルヴァティカ,2020103046,B,202405030707
アイアムユウシュン,2021103204,B,202405030709
タマモヴェナトル,2020104864,C,202405030709
ランタナヒルズ,2021101241,B,202405030709
コスモコラッジョ,2018106035,B,202405030709
リラックス,2020103044,B,202405030709
リンドラゴ,2019101200,B,202405030709
リュクスウォリアー,2017100447,B,202405030709
グラスシフォン,2020103985,B,202405030709
ニットウバジル,2020106782,B,202405030709
エストレヤデベレン,2021106587,B,202405030709
バルミュゼット,2019106701,B,202405030709
ルクスメテオール,2020102186,B,202405030709
ヒヤ,2018101232,B,202405030709
ミルトハンター,2020105157,C,202405030709
クリノアルバトロス,2020101983,B,202405030709
ミラキュラスライト,2019104602,B,202405030709
メイトースイ,2020100931,C,202405030710
ナックダンス,2020106024,C,202405030710
ラタフォレスト,2021102009,B,202405030710
ショウナンカブト,2020104107,C,202405030710
メロウヴォイス,2019102493,B,202405030710
コブラ,2019102654,B,202405030710
アッチャゴーラ,2020102843,B,202405030710
ルーパステソーロ,2018100995,B,202405030710
ケルンコンサート,2019110085,B,202405030710
バンブーグローブ,2020102120,B,202405030710
アッシュルバニパル,2021110128,B,202405030710
ライラスター,2019105336,C,202405030710
ベネロングポイント,2019104606,B,202405030710
セントラルヴァレー,2021110161,B,202405030710
ネイビースター,2020103795,B,202405030710
ヴォーグマチネ,2018101662,C,202405030710
ダズリングティアラ,2021104939,B,202405030802
スペシャライト,2021104436,B,202405030802
ワンダーソロ,2021107384,C,202405030802
オーヴェルトゥーレ,2021100592,B,202405030802
フォクシー,2021102774,C,202405030802
ジェリクルソング,2021104772,B,202405030802
メイオリビア,2021109101,D,202405030802
ヴェヌーセ,2021103477,C,202405030802
ペイシャバロ,2021102035,C,202405030802
ピースヒロフェイス,2021105769,B,202405030802
キョウエイフロイデ,2021101053,C,202405030802
シンボリノエル,2021101533,C,202405030802
カレンタクト,2021104128,B,202405030802
アズベリー,2021101732,B,202405030802
メイジイシン,2021107124,C,202405030802
ノアスペシャル,2021102784,B,202405030802
スオードカット,2021100716,B,202405030804
リゼルージュセリエ,2021100846,C,202405030804
ダノンザボルケーノ,2021101478,B,202405030804
エスシーアルベル,2021100842,C,202405030804
ダイタジャスティス,2021102954,B,202405030804
コスモフレディ,2021100730,B,202405030804
アスロス,2021103683,C,202405030804
ブレッザマリーナ,2021100068,C,202405030804
サイモンプレジール,2021102798,B,202405030804
ファイアーサイン,2021100880,C,202405030804
ヴァンショー,2021104805,B,202405030804
ストロングタイズ,2021105650,B,202405030804
トントンプー,2021109052,C,202405030804
サウンドロックス,2021110155,B,202405030804
リュウノハイル,2021102204,C,202405030804
ニシノデスティーノ,2021106995,C,202405030804
ユイノコミチ,2021101459,B,202405030806
プエルトガレラ,2021100955,C,202405030806
タマエスポワール,2021102087,C,202405030806
ダイユウグラフ,2021101907,B,202405030806
エッカート,2021106756,B,202405030806
ディクスミュード,2021107045,D,202405030806
アイスブレイカー,2021103332,B,202405030806
ビアンヴェニュー,2021104423,B,202405030806
マインドブロン,2021104632,C,202405030806
テイエムビッグサー,2021103466,C,202405030806
クールソル,2021104325,C,202405030806
エグマリーヌ,2021106633,B,202405030806
スモウブハナヒラク,2021104133,C,202405030806
ミスヨシゼン,2021104663,B,202405030806
エンランブ,2021107314,D,202405030806
デルマルドラ,2021101983,C,202405030806
イモータルソウル,2018103802,C,202405030808
グロバーテソーロ,2021101147,B,202405030808
ベルイストワール,2021100606,C,202405030808
ウインクリエ,2020100178,C,202405030808
キープブライトン,2020101008,B,202405030808
チェリーロシアン,2020100859,C,202405030808
アムールドパリ,2021105264,B,202405030808
ゴンドワナ,2020103921,C,202405030808
リアルビギニング,2021105038,B,202405030808
タイセイアディクト,2021106126,B,202405030808
トーセンレスター,2021105515,B,202405030808
プレジール,2021106209,B,202405030808
マウンテンエース,2020104452,B,202405030808
バンドネオン,2020103520,C,202405030808
ディズレーリ,2020103119,B,202405030808
エスシーヤマト,2021100845,C,202405030808
ウナギノボリ,2019107016,C,202405030810
ニシノカシミヤ,2020100418,B,202405030810
ラックスアットゼア,2020110083,B,202405030810
フォレストキャット,2018103391,B,202405030810
プラーヴィ,2020101905,B,202405030810
ワイドアラジン,2020104550,B,202405030810
ラフストリーム,2018104959,C,202405030810
サトノアポロン,2018105214,C,202405030810
ヴアーサ,2018104481,C,202405030810
パルデンス,2018104775,B,202405030810
スマートアンバー,2020106396,B,202405030810
モナルヒ,2019100723,C,202405030810
カセノミオ,2020105306,B,202405030810
アイファーテイオー,2020101275,B,202405030810
ジョディーズマロン,2018101989,B,202405030810
リバートゥルー,2020102703,B,202405030810
レヴィテーション,2021107259,B,202405030812
ダイチジェム,2021100625,B,202405030812
ゲキザル,2019102102,C,202405030812
キミハスコール,2021104313,B,202405030812
ブリングライト,2020100617,C,202405030812
プリンセスララア,2017100655,C,202405030812
バロン,2021105974,B,202405030812
ムコウジマランプ,2020104623,B,202405030812
ランプロファイア,2019105409,B,202405030812
トーセンサウダージ,2020102468,B,202405030812
マーゴットレーヴ,2020105813,B,202405030812
ヨーカイディスコ,2021101535,B,202405030812
ヴィクトリーロード,2020103931,D,202405030812
キタノソワレ,2021106421,B,202405030812
アルプスオジョー,2021100540,B,202405030812
ユニヴェール,2021103044,B,202405030812
スンシム,2022107120,D,202405040102
ウタカタ,2022101973,D,202405040102
セカンドトゥノン,2022103992,C,202405040102
アルパインハット,2022101661,B,202405040102
キタノフローラ,2022100821,C,202405040102
ナックトライアンフ,2022102362,D,202405040102
キタノショウリュウ,2022102042,C,202405040102
ナインオブレター,2022106926,B,202405040102
リネンドライブ,2022101185,B,202405040102
チートメジャー,2022100734,C,202405040102
ルークススペイ,2022101543,B,202405040102
キスメット,2022103335,C,202405040102
ジェントルショット,2022105867,B,202405040102
クニノハッピー,2022105990,B,202405040102
モンサンオブライト,2022100199,C,202405040102
リュウノワールド,2022106702,C,202405040102
ブロンディール,2020104670,C,202405040106
ヴァズレーヌ,2021106707,B,202405040106
ラファールドール,2021104889,B,202405040106
タイセイアディクト,2021106126,B,202405040106
コトブキヘスペラス,2020100209,C,202405040106
マウンテンエース,2020104452,B,202405040106
アスクハッピーモア,2021105212,C,202405040106
グロバーテソーロ,2021101147,B,202405040106
ベルイストワール,2021100606,C,202405040106
アウゲンブリック,2019101531,C,202405040107
フクチャントウメイ,2021105086,B,202405040107
ゴンザーゴ,2021105388,B,202405040107
モナコブル,2021109096,C,202405040107
エコロネオ,2021110131,B,202405040107
ポッドコンティ,2021100573,B,202405040107
ゴールデンシーカー,2019100899,C,202405040107
ナンヨーノサラ,2020103050,C,202405040107
オリエンタルキング,2019100069,C,202405040107
ウォーハンマー,2020103574,C,202405040107
ダノンマカルー,2021105965,C,202405040107
ダイオジェナイト,2021105432,D,202405040107
リプレゼント,2020103559,B,202405040107
ビートエモーション,2019110120,B,202405040107
オブシディアン,2020100307,C,202405040107
タイセイレスポンス,2021105646,B,202405040107
エリカサファイア,2021103732,C,202405040110
グラウンドビート,2021105120,B,202405040110
マーブルマカロン,2020100818,C,202405040110
エピックジョイ,2019103149,B,202405040110
プラーヴィ,2020101905,A,202405040110
インヴァリアンス,2018105423,C,202405040110
シゲルショウグン,2020101694,B,202405040110
アイファーテイオー,2020101275,C,202405040110
エメラルドビーチ,2020110055,B,202405040110
サルヴァトーレ,2020100301,B,202405040110
ジョージテソーロ,2021102078,B,202405040110
タガノエスコート,2019100539,B,202405040110
アッシュルバニパル,2021110128,B,202405040110
ジョディーズマロン,2018101989,B,202405040110
アルジェンタージョ,2021103706,B,202405040112
スペンサーバローズ,2020106941,B,202405040112
ウィンダミア,2019106808,B,202405040112
ヒロノゴウカイ,2019106700,C,202405040112
ヨーデル,2019110086,B,202405040112
マイネルサハラ,2019103543,C,202405040112
ニシキギミッチー,2020105144,C,202405040112
ジューンポンポン,2019102552,B,202405040112
ハッピーロンドン,2020101639,B,202405040112
ベルウェザー,2021105425,B,202405040112
ロイヤルソウル,2019101680,B,202405040112
モーニングヘイズ,2019110016,C,202405040112
サニーサフラン,2020100892,D,202405040112
ヴァンドーム,2021100170,B,202405040112
フライヤートゥルー,2020100297,B,202405040112
トーセンサウダージ,2020102468,B,202405040112
ニシノケンタマン,2022106427,C,202405040201
コスモコンフェルマ,2022100526,C,202405040201
デザートスノー,2022106679,C,202405040201
ラルフテソーロ,2022102269,C,202405040201
ペイシャアル,2022102288,D,202405040201
ドゥカート,2022105777,B,202405040201
アルデツヨシ,2022101481,D,202405040201
リネンフラッシュ,2022101174,C,202405040201
エンプレスフレーム,2022107254,C,202405040201
キタノラブミー,2022104465,C,202405040201
ノアプレスリー,2022107087,C,202405040201
ティアップドライブ,2022100182,C,202405040203
テリオスラキ,2022101018,C,202405040203
ジューンエオス,2022110069,B,202405040203
ライフゲート,2022103778,B,202405040203
マリブオレンジ,2022110134,B,202405040203
アナベルケイツー,2022101744,B,202405040203
グラスダイヤモンド,2022105604,C,202405040203
ショウナンタハティ,2022103911,C,202405040203
アドマイヤデイトナ,2022104584,B,202405040203
ペイシャケイプ,2022104219,C,202405040203
ネオディヤマンテ,2022101023,C,202405040203
スクレイピング,2022105076,B,202405040203
アンテニトルス,2022103000,B,202405040203
グリーンエリクサー,2022103399,C,202405040203
キョウエイスレーヴ,2022103472,C,202405040203
フォアファン,2022104064,D,202405040203
チェイスザウェイ,2020104111,B,202405040206
エチャケナ,2021106673,B,202405040206
ウエヲムイテゴラン,2021103226,B,202405040206
コウセイマリア,2020102232,C,202405040206
パイリヴレ,2020105326,B,202405040206
バイロイト,2019101920,B,202405040206
ベルブリエ,2021106639,B,202405040206
アルーリングタイム,2021104829,B,202405040206
グラスブランシュ,2021103588,C,202405040206
ジャンヌローサ,2021103488,C,202405040206
クレッシェンド,2020109106,C,202405040206
マフィン,2021101219,B,202405040206
ラジエル,2019105457,B,202405040206
モスオーキッド,2021105250,B,202405040206
ノットファウンド,2020103462,C,202405040206
ニシノヴィヴィ,2021100948,C,202405040206
フォーディアライフ,2021104770,C,202405040207
ソニックライン,2021105871,C,202405040207
プチブール,2021104205,C,202405040207
ロサンゼルス,2021103711,B,202405040207
ホウオウフェイント,2021103481,B,202405040207
ステラデルシエロ,2020102859,C,202405040207
マッスルバック,2021103809,B,202405040207
ロフティーイデアル,2020102607,B,202405040207
サクセスパルス,2020101126,B,202405040207
サクラトップリアル,2021104159,B,202405040207
エーリアル,2021104856,B,202405040207
ベルフィーヌ,2021104754,B,202405040207
サトノアインス,2021105582,C,202405040207
シャドウルパン,2021104797,C,202405040207
デリシュレーヌ,2018101497,B,202405040207
アオイコウキ,2020101866,B,202405040207
ゼットリアン,2020104760,C,202405040210
ドルチェモア,2020101533,B,202405040210
アクションプラン,2020100116,B,202405040210
ショウナンライシン,2020103148,B,202405040210
タマモロック,2020104861,B,202405040210
サンテックス,2020100635,B,202405040210
レオノーレ,2019100629,B,202405040210
キタノリューオー,2018104462,C,202405040210
ダンツキャッスル,2016101093,D,202405040210
ルコルセール,2018105452,B,202405040210
ゴーゴーユタカ,2019100167,C,202405040210
デシエルト,2019105039,B,202405040210
サトノルフィアン,2019106575,A,202405040210
テーオーリカード,2020106884,D,202405040210
バグラダス,2020106015,C,202405040210
ペリエール,2020101874,B,202405040210
ファミリークレスト,2019105064,B,202405040212
トリグラフ,2019103410,C,202405040212
テンクウジョー,2021104464,B,202405040212
コースタルテラス,2019105344,B,202405040212
ミヤビクライ,2019106118,C,202405040212
レオスパーク,2021102658,C,202405040212
アピーリングルック,2021104914,C,202405040212
ロミオボス,2020102896,D,202405040212
パンテレリア,2019105822,C,202405040212
ボールドゾーン,2020110130,B,202405040212
ララエフォール,2019101121,C,202405040212
フィフティシェビー,2019110074,B,202405040212
スタンリーテソーロ,2021102275,B,202405040212
ベネロングポイント,2019104606,B,202405040212
フィールザワールド,2018105762,B,202405040212
ビターゼノビア,2020104207,C,202405040212
グランシャット,2022105968,C,202405040302
セラード,2022106024,D,202405040302
シュレン,2022102380,C,202405040302
ダイユウボンバー,2022101943,B,202405040302
アナベルケイツー,2022101744,C,202405040302
チョウノミツツボ,2022103325,C,202405040302
フクノジョヴァンニ,2022106914,C,202405040302
ガールネクストドア,2022103326,C,202405040302
イッシンフラン,2022101416,C,202405040302
ザローズハーツ,2022105993,B,202405040302
オーシンブーケ,2022100993,C,202405040302
マジカルレインボー,2022107290,B,202405040302
リッスンクロース,2022105810,B,202405040302
オーガスタフラッグ,2022100244,C,202405040302
リバームーンリーナ,2022102155,C,202405040302
パープルナイト,2020101412,B,202405040306
インテルメディオ,2021104922,B,202405040306
ネオシルバー,2021106063,B,202405040306
キタノマキシム,2021100514,B,202405040306
キタノチェロキー,2020105498,B,202405040306
ウェットシーズン,2021110112,C,202405040306
スーパーマン,2020100956,B,202405040306
ビップチェイス,2021105763,C,202405040306
ユキカゼ,2021105645,C,202405040306
コレクテイニア,2020110020,B,202405040306
ホワイトクロウ,2018105544,B,202405040306
ムーランブルー,2020101341,B,202405040306
インペリアルライン,2019104953,B,202405040308
シグナルファイアー,2020101228,C,202405040308
アラレタバシル,2021107192,B,202405040308
トーアシオン,2016104152,C,202405040308
アコークロー,2019104478,B,202405040308
シグムンド,2021106353,B,202405040308
リアルビギニング,2021105038,C,202405040308
クリニクラウン,2020100934,B,202405040308
メイプルタピット,2021103140,B,202405040308
ジョウショーパワー,2020105228,B,202405040308
トーセンクライスト,2019104467,B,202405040308
アメリカンエール,2018110132,B,202405040308
ロードトラスト,2020106936,B,202405040308
ルーラーリッチ,2020102793,B,202405040308
ネイチャーシップ,2018102917,B,202405040308
リアレスト,2021105496,B,202405040308
プラウドヘリテージ,2019101875,B,202405040310
ユキマル,2020101174,B,202405040310
バトゥーキ,2020101373,B,202405040310
ウナギノボリ,2019107016,C,202405040310
アルメイダミノル,2018105833,B,202405040310
エストレヤデベレン,2021106587,B,202405040310
ロードフォンス,2020100145,C,202405040310
ジャスリー,2020102814,B,202405040310
ムーヴ,2019101759,B,202405040310
モナルヒ,2019100723,C,202405040310
エコロアレス,2020110136,B,202405040310
ラックスアットゼア,2020110083,B,202405040310
キャンディドライヴ,2019110112,B,202405040310
タイセイジャスパー,2019100135,C,202405040310
ナスティウェザー,2021101703,B,202405040310
コンクイスタ,2020106557,B,202405040310
ロンズデーライト,2018105129,B,202405040312
ショウナンアビアス,2020104597,B,202405040312
エリーズダイヤ,2020102734,C,202405040312
ニシノスピカ,2019103570,B,202405040312
オリビアジュテーム,2020100714,B,202405040312
ヨーカイディスコ,2021101535,B,202405040312
アラカザーム,2018102338,B,202405040312
ガンウルフ,2020110120,B,202405040312
キュムロンニンバス,2018106597,B,202405040312
クルールデュヴァン,2019105379,B,202405040312
キョウエイカンフ,2020100363,B,202405040312
エイシンキャロッツ,2022100104,C,202405040401
ライストン,2022104744,B,202405040401
コットンフラワー,2022101365,C,202405040401
ナックトライアンフ,2022102362,C,202405040401
センノアバドン,2022102044,D,202405040401
コガクボウ,2022105877,C,202405040401
トリリオンボーイ,2022102493,B,202405040401
ヒカリスペクトル,2022106429,C,202405040401
アブラカタブラ,2022103331,C,202405040401
インパルアスール,2022101262,B,202405040401
トラヴェリンバンド,2022104009,B,202405040401
ボンジュールゼン,2022102651,C,202405040401
バム,2022103327,C,202405040401
サラサエンペラー,2022102967,B,202405040401
ガストフロント,2022103029,D,202405040401
ドントゥザムーン,2022101863,C,202405040401
ブラックホーネット,2022100480,B,202405040403
アレスグート,2022101095,B,202405040403
ゴーゴーステーツ,2022104154,B,202405040403
ヴィーデ,2022100548,B,202405040403
エルオレンス,2022101060,B,202405040403
サンルーナ,2022105933,C,202405040403
ニシノゲルマニウム,2022107103,D,202405040403
テンペストーソ,2022101784,B,202405040403
トレインザマインド,2022104766,B,202405040403
プロフェータ,2022101061,B,202405040403
カンタベリーバイク,2022105947,C,202405040403
アグネスヒーロー,2022100180,C,202405040403
スリーソング,2022103777,B,202405040404
インディーフィルム,2022101689,B,202405040404
アオイウィンダム,2022105742,D,202405040404
ホウヨウムーン,2022102024,C,202405040404
ブルジョア,2022101231,B,202405040404
ベンヌ,2022101703,B,202405040404
クラウンハート,2022106071,C,202405040404
キアヌ,2022106585,B,202405040404
ライヴドライバー,2022105609,C,202405040404
キャストロププ,2022100749,D,202405040404
コスモベルツリー,2022104545,C,202405040404
グリューネベルグ,2022106581,D,202405040404
マリエ,2022106728,C,202405040404
ブレトワルダ,2022102965,C,202405040404
ドウジギリ,2022106891,B,202405040404
ハナナラツボミ,2022106454,C,202405040404
アルニラム,2021109088,B,202405040406
キャロライナリーパ,2018105102,C,202405040406
エコロヴァルム,2021103529,B,202405040406
ヨゾラノムコウニ,2021104191,B,202405040406
シャウラ,2020105124,B,202405040406
サムワンライクユー,2020106974,C,202405040406
カリフォルニア,2021103728,B,202405040406
マーゴットレーヴ,2020105813,B,202405040406
テーオードラッカー,2021102244,B,202405040406
アグラード,2021105429,B,202405040406
ハマサン,2021101715,C,202405040406
グランプリショット,2021104631,B,202405040406
メレカリキマカ,2018104598,C,202405040406
スート,2021101652,C,202405040406
トルーマンテソーロ,2019102082,C,202405040406
ラッキーヤース,2021101081,B,202405040406
シャイニーシップ,2022101937,B,202405040409
メイショウハチロー,2022103264,B,202405040409
メルキオル,2022104796,B,202405040409
アイビーヒメチャン,2022103959,C,202405040409
コパノヴィンセント,2022107047,B,202405040409
ウインハルモニア,2022105610,B,202405040409
タイヨウフレア,2022105844,B,202405040409
サノノワンダー,2022102039,B,202405040409
ビレッジルミエール,2022101760,B,202405040501
ビーラブドウィッチ,2022104017,B,202405040501
レイオーバー,2022103311,C,202405040501
パーティーガール,2022106420,C,202405040501
キタノショウリュウ,2022102042,C,202405040501
リュウノワールド,2022106702,C,202405040501
ツクバスマイリー,2022101788,D,202405040501
フォースミラクル,2022105242,B,202405040501
ラルフテソーロ,2022102269,D,202405040501
ランヴェルセ,2022103984,C,202405040501
エコロヴァイス,2022110128,B,202405040501
テルユアワールド,2022104998,B,202405040501
ショウナンカチドキ,2022101258,C,202405040501
マルセルテソーロ,2022102262,C,202405040501
アメリカンビーチ,2022103728,B,202405040501
ユイノクニマレ,2022100802,C,202405040504
ルシード,2022103592,B,202405040504
ベアイミュニティ,2022106955,D,202405040504
レッドルイナール,2022101438,B,202405040504
シリウスライト,2022101042,B,202405040504
ファミーユウルーズ,2022107021,C,202405040504
エクメノポリス,2022107298,B,202405040504
タガノキャロル,2022106552,C,202405040504
ノーブルシーズン,2022102858,B,202405040504
ロミヒ,2022103741,B,202405040504
オビドス,2022100073,C,202405040504
アンエクスプロード,2022104571,C,202405040504
マッハレイジング,2022106597,B,202405040504
ドラゴンラック,2022103848,D,202405040504
スパーブケン,2022101072,C,202405040504
サルタール,2022106617,B,202405040504
コウセイマリア,2020102232,B,202405040507
デイジー,2021104173,C,202405040507
ミエノブラボー,2021104137,C,202405040507
セイウンマカロン,2021107080,B,202405040507
プチボヌール,2020102962,B,202405040507
テンホワイトラブ,2020104052,C,202405040507
ビップレーヌ,2021100886,C,202405040507
ラズライト,2019103122,C,202405040507
マフィン,2021101219,C,202405040507
テンペスト,2020103416,B,202405040507
ワタシデイイデスカ,2020105282,C,202405040507
ティファニードンナ,2020106860,B,202405040507
リプレイ,2021104371,D,202405040507
メイショウミシガン,2021105328,B,202405040508
トウカイファクター,2019103692,B,202405040508
シャープソーン,2020101853,B,202405040508
クラウンブラヴォー,2020101422,C,202405040508
ルクスドヌーヴ,2020101284,C,202405040508
サフランヒーロー,2021100895,B,202405040508
ロイヤルダンス,2018102394,C,202405040508
メラーキ,2017105634,C,202405040508
ミラキュラスライト,2019104602,C,202405040508
パンデアスカル,2020103369,B,202405040508
ホウオウパレード,2019104465,C,202405040508
ライブリームーラン,2020106407,B,202405040508
レディアス,2020102562,C,202405040508
マイネルサハラ,2019103543,C,202405040508
ピエフォール,2020103253,B,202405040508
ストレングス,2021106658,C,202405040508
ダスク,2020106953,C,202405040510
ベルウッドグラス,2020104945,C,202405040510
フジマサインパクト,2018104778,B,202405040510
ビップスコーピオン,2020103199,C,202405040510
ローズボウル,2018104574,D,202405040510
オメガタキシード,2020102988,B,202405040510
ダノンブレット,2018104665,B,202405040510
キタサンドーシン,2019100997,C,202405040510
アースライザー,2017103285,C,202405040510
ホウオウフウジン,2019105032,B,202405040510
ペイシャモノノフ,2020101020,C,202405040510
マテンロウガイ,2020101036,B,202405040510
デルマオニキス,2017100811,C,202405040510
セブンスレター,2019100876,B,202405040510
ネッケツシャチョウ,2020105954,B,202405040510
ヴィジブルライト,2022104860,B,202405040601
キョウキランブ,2022103115,C,202405040601
ケイアイカラキア,2022103855,B,202405040601
ファイアトリック,2022101067,C,202405040601
トップオブグローリ,2022104128,C,202405040601
ルジュウェール,2022103578,C,202405040601
ミトノオルフェ,2022104053,B,202405040601
オオタチ,2022101234,C,202405040601
チューリップ,2022103323,B,202405040601
キャバリエクエスト,2022107159,C,202405040601
イグニススピリタス,2022101653,C,202405040604
ジュリスタ,2022101145,C,202405040604
アメリカンビヨンド,2022110104,B,202405040604
マーゴットオービス,2022106908,D,202405040604
ハーレムシャフル,2022100278,C,202405040604
ニッシンゲッポ,2022102356,B,202405040604
ヘイケ,2022102455,C,202405040604
ブレードダンシング,2022100580,C,202405040604
ライズトゥザトップ,2022107284,B,202405040604
コトリノサエズリ,2022106858,B,202405040604
スナッピードレッサ,2022110007,B,202405040604
キャプティバ,2022103312,C,202405040604
ヒソカ,2022104334,D,202405040604
ウフドゥウフ,2022105257,C,202405040604
ブルーカミング,2022104205,C,202405040604
フェスティヴレッツ,2022100243,D,202405040604
マイフォーエバー,2021105193,C,202405040607
ゴールデンオスカー,2021101235,B,202405040607
トルーマンテソーロ,2019102082,C,202405040607
パワポケビー,2019107007,B,202405040607
ムコウジマランプ,2020104623,B,202405040607
グレイスカリヨン,2020100558,C,202405040607
ロッククリーク,2020103578,B,202405040607
ブエナディオサ,2019106938,C,202405040607
タイセイレスポンス,2021105646,C,202405040607
アベベ,2021109113,C,202405040607
ペッパーミル,2021102745,D,202405040607
レイニングキャット,2021106666,C,202405040607
アフトクラーティラ,2020102592,B,202405040607
スーパーリベロ,2020104132,C,202405040607
カーリングホリデー,2021106982,C,202405040608
セブンマイスター,2021105688,C,202405040608
ミラーオブマインド,2020102796,C,202405040608
フラッシング,2021105971,B,202405040608
ブレットフライ,2019104005,B,202405040608
キタノライジン,2021104561,C,202405040608
ロサンゼルス,2021103711,B,202405040608
ピコニ,2021101727,B,202405040608
ニシノアウェイク,2021107089,C,202405040608
メッエフアパラ,2021106066,B,202405040608
ブッシュテソーロ,2020102380,B,202405040608
ウインバリオス,2019100195,B,202405040608
フタイテンロック,2019102665,C,202405040611
カフジオクタゴン,2019105656,B,202405040611
メイプルリッジ,2019105523,C,202405040611
オーロイプラータ,2020103308,B,202405040611
タイセイドレフォン,2019105308,C,202405040611
リチュアル,2019106748,B,202405040611
ヴァンヤール,2018101087,B,202405040611
テンカハル,2018105088,C,202405040611
ルクスフロンティア,2020104474,B,202405040611
レッドファーロ,2019104983,C,202405040611
アンデスビエント,2021105387,B,202405040611
グロリアムンディ,2018105251,B,202405040611
ペプチドソレイユ,2020102095,B,202405040611
ルーパステソーロ,2018100995,B,202405040612
ファミリークレスト,2019105064,C,202405040612
エンセリオ,2021100300,B,202405040612
サイモンメガライズ,2018101175,C,202405040612
ロジアデレード,2021105360,B,202405040612
ララエフォール,2019101121,C,202405040612
ドライブアローカス,2020103034,B,202405040612
フィフティシェビー,2019110074,C,202405040612
ピックアップライン,2020103088,B,202405040612
アッチャゴーラ,2020102843,B,202405040612
ダノンスウィッチ,2021105598,B,202405040612
エリンアキレウス,2020105361,B,202405040612
ナックダンス,2020106024,C,202405040612
ミスヨコハマ,2020103634,B,202405040612
フミエ,2022106578,C,202405040701
ベラヴィットーリア,2022105721,B,202405040701
クラリネットソナタ,2022105585,B,202405040701
ペンテリコン,2022104644,B,202405040701
アエル,2022104931,D,202405040701
ダカラフェスティヴ,2022104378,B,202405040701
ミストラルフェザー,2022104707,C,202405040701
キタノラブミー,2022104465,C,202405040701
ヒルビリーエレジー,2022102423,B,202405040701
ラウレア,2022100294,B,202405040701
エンプレスフレーム,2022107254,B,202405040701
ライズトゥザトップ,2022107284,C,202405040701
キーベスト,2022106512,C,202405040703
ヘルヴェティオス,2022104619,B,202405040703
エクメノポリス,2022107298,C,202405040703
ヒカリスペクトル,2022106429,B,202405040703
クラウンハート,2022106071,B,202405040703
ハクサンリンド,2022104548,C,202405040703
サムシャイン,2022105823,B,202405040703
センノアバドン,2022102044,D,202405040703
プルシャプラ,2022100582,C,202405040703
アドマイヤデイトナ,2022104584,B,202405040703
トーセンビギン,2022110095,C,202405040703
ハードロックスター,2022103590,B,202405040703
ティアップドライブ,2022100182,C,202405040703
ニシノケンタマン,2022106427,C,202405040703
アレスグート,2022101095,C,202405040703
ビリーヴアンドラン,2022104251,C,202405040703
ディズレーリ,2020103119,A,202405040706
クロックフォード,2020102805,B,202405040706
ベルイストワール,2021100606,B,202405040706
キャネル,2021105885,B,202405040706
タイセイアディクト,2021106126,B,202405040706
シャドウルパン,2021104797,B,202405040706
マウンテンエース,2020104452,B,202405040706
エッグスラット,2020102792,B,202405040706
ヴァズレーヌ,2021106707,B,202405040706
バナマンテソーロ,2021102281,B,202405040706
ラジエル,2019105457,B,202405040707
ビーストアタック,2019105631,B,202405040707
グッドロマンス,2020104664,B,202405040707
ジナ,2020103438,B,202405040707
チェイスザウェイ,2020104111,C,202405040707
エチャケナ,2021106673,B,202405040707
マイショウチャン,2020102207,C,202405040707
ブリスフル,2021106070,C,202405040707
リプレゼント,2020103559,C,202405040707
フクノブルジュ,2020101465,C,202405040707
サトノアルペジオ,2020103477,C,202405040707
フクチャントウメイ,2021105086,B,202405040707
アルーリングタイム,2021104829,B,202405040707
レグザゴン,2021103513,B,202405040707
ウエヲムイテゴラン,2021103226,B,202405040707
スマートビクター,2019102202,C,202405040709
メテオールライト,2020103247,B,202405040709
ショウナンガロ,2020105372,B,202405040709
コースタルテラス,2019105344,C,202405040709
フリーフロー,2017103788,C,202405040709
レッドダンルース,2020103189,B,202405040709
ベネロングポイント,2019104606,B,202405040709
サンライズゴラッソ,2018100390,B,202405040709
グロッシェン,2021104844,B,202405040709
ラフエイジアン,2020104738,B,202405040709
アポロプラネット,2019101264,C,202405040712
ケンキョ,2020105949,B,202405040712
ジルバーン,2019104761,B,202405040712
キャプテンローレル,2019100051,C,202405040712
ビートエモーション,2019110120,B,202405040712
ロイヤルダンス,2018102394,C,202405040712
クラウンブラヴォー,2020101422,,202405040712
ヒロノゴウカイ,2019106700,C,202405040712
ヴァンドーム,2021100170,B,202405040712
アラカザーム,2018102338,C,202405040712
ノヴァエクスプレス,2021105509,B,202405040712
デュードメール,2019105399,B,202405040712
スタンリーテソーロ,2021102275,B,202405040712
ニシキギミッチー,2020105144,B,202405040712
ナックオリオン,2022101542,C,202405040801
クニノハッピー,2022105990,B,202405040801
リネンドライブ,2022101185,C,202405040801
ジェイルブレイク,2022100831,B,202405040801
ソレイケドンチャン,2022103009,B,202405040801
ブルーオブウインド,2022106405,C,202405040801
ジョイナーテソーロ,2022102267,C,202405040801
マカセナハレ,2022103454,C,202405040801
ユウオウマイシン,2022106921,C,202405040801
レイアポポ,2022102103,C,202405040801
ショウナンタハティ,2022103911,C,202405040801
スリーソング,2022103777,B,202405040801
カイトリヒト,2022103076,B,202405040804
アドラマリク,2022101996,C,202405040804
ローズマイスター,2022104419,C,202405040804
アールオブケント,2022105788,B,202405040804
タガノバビロン,2022106553,B,202405040804
フジルバーブ,2022102499,C,202405040804
ピンパンポン,2022104652,B,202405040804
フォルテム,2022103042,B,202405040804
ウインギャラン,2022105640,C,202405040804
メリーサウンド,2022105516,C,202405040804
レーティッシュ,2022110152,B,202405040804
モラド,2022101444,C,202405040804
マイネルメドリング,2022106539,C,202405040804
エンジェルラダー,2022110064,A,202405040804
カプア,2022101986,B,202405040804
ベリタバグス,2022110153,D,202405040804
オーディブルコール,2020110013,B,202405040807
イエヴァンポルッカ,2019103427,B,202405040807
ソニックライン,2021105871,B,202405040807
レイワホマレ,2019105429,B,202405040807
ダノンザボルケーノ,2021101478,B,202405040807
アオイミモザ,2021100873,B,202405040807
ソレルビュレット,2021110061,C,202405040807
サムワンライクユー,2020106974,C,202405040807
マイフォーエバー,2021105193,,202405040807
ゲキザル,2019102102,B,202405040807
ホウオウフェイント,2021103481,C,202405040807
セイウンガレオン,2019103158,C,202405040807
ジャグラー,2021102881,B,202405040807
アウグスト,2019100284,C,202405040810
ミレヴィーナス,2019105847,B,202405040810
ミユキアイラブユー,2019105058,B,202405040810
ガンウルフ,2020110120,B,202405040810
キタノブレイド,2019100510,C,202405040810
サザンエルフ,2019102011,B,202405040810
グットディール,2019105446,B,202405040810
パルデンス,2018104775,B,202405040810
プラチナジュビリー,2020106386,B,202405040810
ブシン,2021110055,A,202405040810
エピックジョイ,2019103149,B,202405040810
ウナギノボリ,2019107016,C,202405040810
リンドラゴ,2019101200,B,202405040810
ユキマル,2020101174,B,202405040810
グランフォーブル,2020101303,B,202405040810
ベルダーイメル,2017101380,C,202405040812
アナゴサン,2018102227,B,202405040812
アームズレイン,2020100484,B,202405040812
ニシノカシミヤ,2020100418,B,202405040812
エーティーマクフィ,2019105859,B,202405040812
ハチメンロッピ,2020106756,B,202405040812
レッドヴェイロン,2015104714,B,202405040812
アルファマム,2019103529,B,202405040812
ジャスパーゴールド,2018110126,C,202405040812
ソニックスター,2021110060,B,202405040812
アドバンスファラオ,2020110106,B,202405040812
エルバリオ,2019105075,B,202405040812
ライラボンド,2019105913,B,202405040812
タガノクリステル,2019100541,C,202405040812
フルム,2019106214,B,202405040812
エミサキホコル,2020102751,B,202405040812
ハピハピハッピー,2022103333,C,202405050101
ショウナンラリー,2022103924,B,202405050101
パーティーガール,2022106420,C,202405050101
ヤスエ,2022101410,C,202405050101
シュガープリンセス,2022107296,C,202405050101
ハコダテサンバ,2022102105,B,202405050101
セイウングレイ,2022100399,B,202405050101
ミスターヨッシャー,2022106971,C,202405050101
コンスピラシー,2022103860,B,202405050101
フリッカージャブ,2022102020,B,202405050101
グランノーヴ,2022100103,B,202405050101
ロッカバイベイビー,2022103725,C,202405050101
ビスケットマリー,2022102984,C,202405050101
トリリオンボーイ,2022102493,C,202405050101
サバイバルナイン,2022109127,C,202405050103
レッドソニード,2022105403,B,202405050103
バム,2022103327,C,202405050103
アナベルケイツー,2022101744,B,202405050103
ズットマツモト,2022106587,B,202405050103
ホープリュミエール,2022101904,C,202405050103
ペイシャアル,2022102288,C,202405050103
キアヌ,2022106585,B,202405050103
コスモシンテイ,2022106782,B,202405050103
ヒソカ,2022104334,C,202405050103
パラモランド,2022100916,C,202405050103
セイウンピカイチ,2022102706,C,202405050103
ホーススピリット,2022105606,B,202405050106
サトミノエンジェル,2022101389,B,202405050106
エイシンシャガラ,2022100814,C,202405050106
セイウンヤタガラス,2022102890,D,202405050106
ジーティーエンジン,2022103755,C,202405050106
ハロルドテソーロ,2022104375,C,202405050106
オーレオリン,2022106207,C,202405050106
ゴールドシャーク,2022101917,C,202405050106
ネクストダンサー,2022103753,C,202405050106
ボルトテソーロ,2022106718,B,202405050106
ファンタイムギフト,2022102378,B,202405050106
ヨシノイクスプレス,2022102704,C,202405050106
ケルピー,2022101801,D,202405050106
カーフキック,2022104840,B,202405050106
アイアムイチバン,2022103183,B,202405050106
アタリダイキチ,2022107138,D,202405050106
アンクエンチャブル,2021101660,B,202405050107
サクラトップリアル,2021104159,B,202405050107
ネオシルバー,2021106063,B,202405050107
ビップチェイス,2021105763,B,202405050107
オウケンヴィーナス,2021105451,C,202405050107
インテルメディオ,2021104922,B,202405050107
アンバーホーク,2020104754,A,202405050107
ホワイトクロウ,2018105544,B,202405050107
サンダーユニバンス,2021105839,C,202405050107
ルフレーヴ,2020104490,B,202405050107
ユウトザキンパツ,2021104597,C,202405050107
ジーベック,2021103242,C,202405050107
ロストボール,2019106972,C,202405050107
タイキバルドル,2020106817,C,202405050107
グロバーテソーロ,2021101147,C,202405050109
フォーワンセルフ,2019102163,C,202405050109
ピュアキアン,2021107001,C,202405050109
シグムンド,2021106353,B,202405050109
アヴィオンドール,2020103684,C,202405050109
トクシースタローン,2019103728,B,202405050109
シゲルカミカゼ,2020102077,C,202405050109
トーセンクライスト,2019104467,C,202405050109
ピュアグルーヴ,2020103444,B,202405050109
アムールドパリ,2021105264,C,202405050109
コウユーパパニニテ,2019100119,B,202405050109
サンライズソレイユ,2021105104,B,202405050109
ジョウショーパワー,2020105228,B,202405050109
ムジェロ,2020103414,B,202405050109
インペリアルライン,2019104953,B,202405050109
エンツォウーノ,2020104790,B,202405050109
ポッドロワール,2022101573,B,202405050202
ソラノキャンバス,2022100083,B,202405050202
ダングラール,2022105288,B,202405050202
オオタチ,2022101234,B,202405050202
ドラゴンラック,2022103848,C,202405050202
メモリードライブ,2022105728,C,202405050202
マルセルテソーロ,2022102262,C,202405050202
ヤスケ,2022103295,C,202405050202
モンサンプレシャス,2022106176,B,202405050202
カンレイスキー,2022106545,B,202405050202
ナックグランデ,2022101507,C,202405050202
ベアイミュニティ,2022106955,C,202405050202
プロフェータ,2022101061,B,202405050202
テルケンレンスター,2022105932,B,202405050202
グレイスザクラウン,2022105776,C,202405050202
シュガーハイ,2022104177,B,202405050202
アイスブレイカー,2021103332,B,202405050206
テンフェリーチェ,2020105564,C,202405050206
キタノライジン,2021104561,C,202405050206
ウォーハンマー,2020103574,C,202405050206
クィーンズハット,2021101223,C,202405050206
ポッドコンティ,2021100573,C,202405050206
ニシノピウモッソ,2020105492,C,202405050206
キャロライナリーパ,2018105102,C,202405050206
イルディヴィーノ,2020103349,C,202405050206
シベリアンポラリス,2021101056,B,202405050206
フレイムジョーカー,2019105745,C,202405050206
エコロヴァルム,2021103529,C,202405050206
マーゴットレーヴ,2020105813,B,202405050206
ヨゾラノムコウニ,2021104191,B,202405050206
アルニラム,2021109088,B,202405050206
ランスオブプライム,2021104426,C,202405050207
マフィン,2021101219,C,202405050207
リヤンドゥミラクル,2021105125,B,202405050207
ノリピー,2021101742,C,202405050207
スウィーヴェモワ,2020106637,B,202405050207
シルヴァティカ,2020103046,C,202405050207
キョウエイフロイデ,2021101053,B,202405050207
レリッシュ,2021101385,B,202405050207
ビップレーヌ,2021100886,C,202405050207
ベルブリエ,2021106639,B,202405050207
フォンメイリー,2019105287,C,202405050207
ハッピーアズラリー,2020101121,B,202405050207
スマイルヴィヴァン,2018100895,C,202405050207
サンキャメロン,2021107262,B,202405050207
プチボヌール,2020102962,B,202405050207
ラズライト,2019103122,C,202405050207
ヴィクトリーロード,2020103931,D,202405050208
タイセイアーメット,2018101198,C,202405050208
メモリーグラス,2020107095,C,202405050208
エイシンケプラー,2020106249,B,202405050208
ハッピーロンドン,2020101639,B,202405050208
ピコアーガイル,2021110165,B,202405050208
ワイワイレジェンド,2021103812,B,202405050208
ミラキュラスライト,2019104602,B,202405050208
ショウナンアビアス,2020104597,B,202405050208
ヴェラリーシャ,2021103172,B,202405050208
マホロバ,2020105732,C,202405050208
セントラルヴァレー,2021110161,B,202405050208
テイエムランウェイ,2019106632,C,202405050210
フェブランシェ,2020103616,B,202405050210
ウェイワードアクト,2020110024,A,202405050210
モナルヒ,2019100723,C,202405050210
サルヴァトーレ,2020100301,B,202405050210
ダイバリオン,2019105383,B,202405050210
ジョディーズマロン,2018101989,B,202405050210
リバートゥルー,2020102703,B,202405050210
プラーヴィ,2020101905,B,202405050210
タガノエスコート,2019100539,B,202405050210
ジョージテソーロ,2021102078,B,202405050210
ラーナローザ,2022102785,C,202405050301
ラブリーウィザード,2022106654,C,202405050301
サスペンスクィーン,2022101343,C,202405050301
コスモサンブライト,2022106777,C,202405050301
ポリアンセモス,2022105856,B,202405050301
スプリット,2022103929,C,202405050301
アリスノヒトミ,2022100258,C,202405050301
カプア,2022101986,C,202405050301
クインズマドレーヌ,2022103867,B,202405050301
コンテディカヴール,2022105167,C,202405050301
イグニススピリタス,2022101653,C,202405050301
シウダーエヴィータ,2022105797,B,202405050301
ロベルタカリーナ,2022104139,C,202405050301
エイブリー,2022105654,C,202405050301
ファイヤーボート,2022100543,B,202405050301
ザローズハーツ,2022105993,C,202405050301
ルシード,2022103592,C,202405050304
ゴールデンカイト,2022110129,B,202405050304
オビドス,2022100073,C,202405050304
テンペストーソ,2022101784,B,202405050304
ファミーユウルーズ,2022107021,B,202405050304
サノノダンサー,2022100503,C,202405050304
エヌマエリシュ,2022104976,C,202405050304
ジュンビクトワール,2022105043,B,202405050304
ルヴァレドクール,2022100994,B,202405050304
マイネルメドリング,2022106539,C,202405050304
ラントレイル,2022106359,D,202405050304
アンエクスプロード,2022104571,B,202405050304
チェリースカヤ,2022100316,C,202405050304
マカセナハレ,2022103454,B,202405050304
メイユウ,2022106861,C,202405050304
ショウナンカチドキ,2022101258,C,202405050304
エイシンホイップ,2021100088,B,202405050307
エコロセブン,2021103370,C,202405050307
カルネヴァーレ,2021103720,B,202405050307
ビッグフラワー,2021100958,B,202405050307
サミアド,2021109086,B,202405050307
モナコブル,2021109096,B,202405050307
ビーマイセルフ,2018106606,C,202405050307
ミスヨシゼン,2021104663,C,202405050307
メイプルリーフラグ,2020103527,C,202405050307
ミスティックパワー,2020104727,B,202405050307
テンホワイトラブ,2020104052,B,202405050307
ムコウジマランプ,2020104623,B,202405050307
パープルナイト,2020101412,B,202405050307
スコラーリ,2019100718,B,202405050307
サトノアルペジオ,2020103477,C,202405050307
イーデンテソーロ,2020102384,B,202405050307
バニシングポイント,2018110086,B,202405050308
プリーミー,2019107061,A,202405050308
レオカクテル,2018106144,C,202405050308
アトラクティーボ,2019100641,C,202405050308
サトミノマロン,2019101661,C,202405050308
アッチャゴーラ,2020102843,B,202405050308
ミッキーラッキー,2021105561,B,202405050308
ララエフォール,2019101121,C,202405050308
ライラスター,2019105336,B,202405050308
ピックアップライン,2020103088,B,202405050308
ウィンドフォール,2021105156,B,202405050308
メロウヴォイス,2019102493,B,202405050308
エリンアキレウス,2020105361,C,202405050308
ルイステソーロ,2022100574,B,202405050309
ベンヌ,2022101703,B,202405050309
ニシノリンダ,2022107203,B,202405050309
ケイツーギルダー,2022100918,B,202405050309
スリーピース,2022104972,B,202405050309
ルークススペイ,2022101543,B,202405050309
オカメノコイ,2022106698,C,202405050309
フィドルファドル,2022104674,B,202405050309
ポールセン,2022110140,B,202405050309
ユウトザユウト,2022110118,B,202405050309
コウユーモジョカー,2022109164,C,202405050309
シャドウキャッスル,2022105474,B,202405050309
ドントゥザムーン,2022101863,B,202405050309
プロミストジーン,2022105028,B,202405050309
サノノワンダー,2022102039,B,202405050309
ハリーケーン,2022106453,B,202405050309
ビヨンドザファザー,2019101613,B,202405050311
ゼットリアン,2020104760,C,202405050311
キタノヴィジョン,2017102011,B,202405050311
ペリエール,2020101874,B,202405050311
メイショウテンスイ,2017106084,B,202405050311
ドルチェモア,2020101533,B,202405050311
エルゲルージ,2019102044,B,202405050311
サヴァ,2018103223,B,202405050311
ペイシャエス,2019104245,A,202405050311
エンペラーワケア,2020101547,B,202405050311
ショウナンライシン,2020103148,B,202405050311
タマモロック,2020104861,A,202405050311
カズペトシーン,2020105585,B,202405050311
サンライズホーク,2019101681,B,202405050311
イーグルノワール,2021107170,B,202405050311
ハーレムシャフル,2022100278,C,202405050401
フォースミラクル,2022105242,B,202405050401
フォルテム,2022103042,C,202405050401
ラブミーハーパー,2022106260,D,202405050401
キタノライブリー,2022106471,C,202405050401
ツルギトイシヅチ,2022101860,B,202405050401
イサチルカムカム,2022102698,C,202405050401
セイウンスペリオル,2022107097,B,202405050401
リュウジンマル,2022105883,B,202405050401
ジュリスタ,2022101145,B,202405050401
ソレイケドンチャン,2022103009,B,202405050401
キャストロププ,2022100749,D,202405050401
オルティジア,2022103024,C,202405050401
セイウングレイ,2022100399,C,202405050401
フォレストオール,2022101985,B,202405050401
リトルシップス,2022102365,C,202405050404
ピーターライズ,2022103752,B,202405050404
ポミチョッタ,2022103332,D,202405050404
トウカイクレオス,2022102825,C,202405050404
ロッキンミー,2022107050,C,202405050404
コーシューパンジャ,2022102769,C,202405050404
ハクサンリバーブ,2022100239,B,202405050404
サンラグナベルデ,2022101324,C,202405050404
アカデミズム,2022106759,D,202405050404
ピコレッド,2022107272,C,202405050404
プレミアムハニー,2022103358,C,202405050404
ロドラント,2022103339,D,202405050404
ルックアトミー,2022103727,C,202405050404
トルティーナ,2022106102,C,202405050404
グレイスフルマーチ,2022101044,C,202405050404
スカイスクレイパー,2022103074,C,202405050404
カズラポニアン,2019105148,C,202405050406
コレクテイニア,2020110020,B,202405050406
ブレスワード,2021105642,B,202405050406
マスグラバイト,2020103505,D,202405050406
アイスブレイカー,2021103332,C,202405050406
メジャーレーベル,2021100304,B,202405050406
トクシーカイザー,2020100406,B,202405050406
フェルメール,2021105897,B,202405050406
ブッシュテソーロ,2020102380,B,202405050406
メイショウカシワデ,2021103154,C,202405050406
ホウキボシ,2020110058,C,202405050406
ブレットフライ,2019104005,B,202405050406
オブシディアン,2020100307,C,202405050406
サムワンライクユー,2020106974,C,202405050406
キモンゲーム,2021104235,C,202405050406
セキテイオー,2019101351,B,202405050406
コラリン,2019105476,C,202405050407
グラスシフォン,2020103985,C,202405050407
ブロードリーチ,2019105525,C,202405050407
ビターゼノビア,2020104207,C,202405050407
ラーンザロープス,2021105011,C,202405050407
コパノエビータ,2021102219,C,202405050407
フィールザオーラ,2020103565,B,202405050407
ニジュウダンサー,2020102439,B,202405050407
アラカザーム,2018102338,C,202405050407
ノットファウンド,2020103462,B,202405050407
ミスヨコハマ,2020103634,B,202405050407
ベルシャンソン,2020103888,B,202405050407
ミルトハンター,2020105157,B,202405050409
リッキーマジック,2019106513,C,202405050409
スプラウティング,2019101907,B,202405050409
ラックスアットゼア,2020110083,B,202405050409
ムーヴ,2019101759,B,202405050409
バトゥーキ,2020101373,B,202405050409
キャンディドライヴ,2019110112,C,202405050409
エストレヤデベレン,2021106587,B,202405050409
ナイトアクアリウム,2020103005,C,202405050409
タイセイジャスパー,2019100135,C,202405050409
コンクイスタ,2020106557,B,202405050409
ダノンミカエル,2020101632,B,202405050409
グッドウッドガイ,2019105709,B,202405050409
ウナギノボリ,2019107016,B,202405050409
メリーサウンド,2022105516,C,202405050501
フォアファン,2022104064,C,202405050501
ウフドゥウフ,2022105257,B,202405050501
スマートクオーレ,2022102058,C,202405050501
ブラーブデシジョン,2022103763,B,202405050501
ロアヴィヴィエンヌ,2022100486,C,202405050501
テルケンレンスター,2022105932,C,202405050501
ダングラール,2022105288,C,202405050501
セブンスウェイ,2022101791,C,202405050501
スクレイピング,2022105076,B,202405050501
タキノボリ,2022100320,B,202405050501
タルバン,2022103319,D,202405050501
ニシノケンタマン,2022106427,C,202405050501
ヴェナートル,2022101469,C,202405050501
オタマジャクシ,2022106494,C,202405050501
プルシャプラ,2022100582,C,202405050501
デスティニーホープ,2022103625,B,202405050503
ラルフテソーロ,2022102269,B,202405050503
エンプレスフレーム,2022107254,B,202405050503
ミスターヨッシャー,2022106971,C,202405050503
サマーブライド,2022104090,C,202405050503
フジレイメイ,2022100306,C,202405050503
ヒソカ,2022104334,D,202405050503
アリアルブラック,2022105278,B,202405050503
モンサンフリージア,2022103801,B,202405050503
セイウンヤタガラス,2022102890,B,202405050503
ニシノドロシー,2022100679,B,202405050503
アイアンオバーカム,2022100587,D,202405050503
ベンメリア,2022103321,C,202405050503
グリーンエリクサー,2022103399,C,202405050503
ノースタンダード,2022103579,B,202405050503
フィーチャリング,2022105824,C,202405050503
デイジー,2021104173,B,202405050507
レシプロシティ,2020102862,C,202405050507
ニシノアウェイク,2021107089,C,202405050507
エコロブレード,2021103713,C,202405050507
エースアビリティ,2021102098,C,202405050507
キョウエイフロイデ,2021101053,B,202405050507
マイショウチャン,2020102207,C,202405050507
スカパラダイス,2020105730,C,202405050507
メッエフアパラ,2021106066,B,202405050507
ノルドヴェスト,2020102711,B,202405050507
ホウオウフェイント,2021103481,B,202405050507
ドリームクルーズ,2021104899,B,202405050507
セブンマイスター,2021105688,B,202405050507
デスティノ,2020106690,B,202405050507
ビーマイセルフ,2018106606,,202405050507
ミラーオブマインド,2020102796,B,202405050507
ノーブルラン,2020100741,B,202405050508
ルージュシュエット,2021105640,C,202405050508
モンドプリューム,2020103876,C,202405050508
サイヤダンサー,2017101571,B,202405050508
クロンヌドラレーヌ,2019104720,C,202405050508
セントラルヴァレー,2021110161,B,202405050508
スマートビクター,2019102202,C,202405050508
モーニングヘイズ,2019110016,C,202405050508
トウカイファクター,2019103692,C,202405050508
ロミオボス,2020102896,C,202405050508
メモリーグラス,2020107095,B,202405050508
デュードメール,2019105399,B,202405050508
コスモイグローク,2020100248,B,202405050508
ビートエモーション,2019110120,B,202405050508
ウォルラス,2020106687,B,202405050508
ヒロノゴウカイ,2019106700,C,202405050508
カレンアルカンタラ,2020103086,C,202405050510
ゲットアップ,2018100720,B,202405050510
ハッスルダンク,2020104632,C,202405050510
フジマサインパクト,2018104778,B,202405050510
マオノアラシ,2020100850,C,202405050510
マテンロウガイ,2020101036,B,202405050510
フタイテンロック,2019102665,C,202405050510
コンティノアール,2020103785,B,202405050510
ヨリノサファイヤ,2020102315,C,202405050510
プラウドヘリテージ,2019101875,C,202405050510
リアレスト,2021105496,B,202405050510
ネッケツシャチョウ,2020105954,B,202405050510
キタサンドーシン,2019100997,B,202405050510
セブンスレター,2019100876,B,202405050510
ビップスコーピオン,2020103199,B,202405050510
トリリオンボーイ,2022102493,B,202405050601
レイアポポ,2022102103,C,202405050601
カルデライト,2022104778,B,202405050601
バム,2022103327,C,202405050601
カパラミプ,2022103322,C,202405050601
セイカエイレーネー,2022106296,C,202405050601
イエスユイキャン,2022106595,C,202405050601
エコロヴァイス,2022110128,B,202405050601
ハコダテサンバ,2022102105,C,202405050601
ミキノオーボエ,2022102592,D,202405050601
セイウンピカイチ,2022102706,B,202405050601
スパルタンキング,2022103831,C,202405050601
イエヤス,2022100864,C,202405050601
ブルーオブウインド,2022106405,C,202405050601
ショウナンラリー,2022103924,B,202405050601
フクノスパイン,2022106455,B,202405050601
モーニングマジック,2022106639,B,202405050604
ロイヤルカスタマー,2022103162,D,202405050604
ルグランシャリオ,2022102611,C,202405050604
ベイビーベリッシモ,2022102728,B,202405050604
ノーブルアイガー,2022106549,C,202405050604
タナハシ,2022100195,C,202405050604
アルヴェッター,2022106139,C,202405050604
ルグランヴァン,2022105775,C,202405050604
トーアジョウトウ,2022105905,C,202405050604
プルプレア,2022102284,C,202405050604
ショーモッシュ,2022103846,B,202405050604
ノーブルオーク,2022101552,B,202405050604
レイクストライプス,2022105957,C,202405050604
ジーティーラピッド,2022105508,C,202405050604
カフェヘニーハイ,2022100096,B,202405050604
ユナクイーン,2022103467,D,202405050604
ブルーワール,2021110097,B,202405050606
ヴァンナチュール,2020105137,C,202405050606
セザンワールド,2020106051,C,202405050606
トゥザヒロイン,2019105314,C,202405050606
ラファールドール,2021104889,D,202405050606
クロックフォード,2020102805,B,202405050606
サクセスパルス,2020101126,C,202405050606
ディズレーリ,2020103119,B,202405050606
プレジール,2021106209,B,202405050606
セイウンガレオン,2019103158,B,202405050606
リーゼントジャンボ,2018104268,C,202405050606
マウンテンエース,2020104452,C,202405050606
バナマンテソーロ,2021102281,B,202405050606
サンセットビュー,2021104103,C,202405050606
ジーククローネ,2020103537,C,202405050606
イデアユウシン,2020106549,C,202405050606
ジャーニーメモリー,2020104437,C,202405050607
オーサムデアラー,2020102952,B,202405050607
エコロヴァルム,2021103529,C,202405050607
クィーンズハット,2021101223,C,202405050607
トロピカルヒーロー,2020104960,C,202405050607
ペイシャニット,2021106326,C,202405050607
チャコール,2021103257,C,202405050607
ソニックロプロス,2021104038,B,202405050607
オーロラアーク,2019102186,C,202405050607
トルーマンテソーロ,2019102082,C,202405050607
ケイトポムドゥパン,2020105128,C,202405050607
スナイチゴールド,2020106457,B,202405050607
フラーハ,2021106734,B,202405050607
バスケットカウント,2020101400,C,202405050607
アンタノバラード,2020106963,B,202405050607
ロマンスライト,2021102449,C,202405050607
ルーパステソーロ,2018100995,B,202405050609
ウェットシーズン,2021110112,B,202405050609
フィフティシェビー,2019110074,C,202405050609
セイウンマカロン,2021107080,C,202405050609
フライヤートゥルー,2020100297,B,202405050609
ネイビースター,2020103795,B,202405050609
ラフエイジアン,2020104738,B,202405050609
レオカクテル,2018106144,C,202405050609
ブーバー,2020102840,C,202405050609
アピーリングルック,2021104914,B,202405050609
キュピドン,2020110065,B,202405050609
コスモコラッジョ,2018106035,B,202405050609
レオスパーク,2021102658,A,202405050609
ルージュスタニング,2021105775,B,202405050609
コブラ,2019102654,C,202405050609
オセアバトルプラン,2020100060,C,202405050609
ベジャール,2019103826,B,202405050611
フルム,2019106214,B,202405050611
サトノロイヤル,2018103116,C,202405050611
メイショウミツヤス,2018106147,B,202405050611
エピックジョイ,2019103149,B,202405050611
オセアダイナスティ,2018102362,C,202405050611
スマートフォルス,2020101707,B,202405050611
アルムブラーヴ,2019100551,B,202405050611
オマツリオトコ,2020104144,C,202405050611
ロードエクレール,2018105998,B,202405050611
レッドゲイル,2019103976,D,202405050611
タイセイサムソン,2018106428,B,202405050611
ロードフォンス,2020100145,B,202405050611
サンライズジーク,2020103039,B,202405050611
エンペザー,2019102888,B,202405050611
バトルクライ,2019103879,C,202405050611
ライズトゥザトップ,2022107284,B,202405050701
ピコピンク,2022101754,C,202405050701
トーセンビギン,2022110095,D,202405050701
キスメット,2022103335,C,202405050701
キョウキランブ,2022103115,B,202405050701
ヤマメキング,2022100245,B,202405050701
アイスリーディング,2022106995,B,202405050701
ポミチョッタ,2022103332,C,202405050701
ベアイミュニティ,2022106955,C,202405050701
キョウエイスレーヴ,2022103472,C,202405050701
ドラゴンムスメ,2022103568,D,202405050701
コンスピラシー,2022103860,B,202405050701
トーセンディーン,2022110017,C,202405050701
オーレオリン,2022106207,C,202405050701
ルクソールカフェ,2022110083,B,202405050701
アドマイヤデイトナ,2022104584,B,202405050701
オイガツオ,2022106967,B,202405050704
シップウジョー,2022102108,C,202405050704
ソルレーヴ,2022101057,C,202405050704
セイリオス,2022106350,C,202405050704
ソクヅモドラドラ,2022104704,B,202405050704
ゴージャスドラゴン,2022104991,B,202405050704
ファイアーワルツ,2022106108,D,202405050704
フィザルモニカ,2022104996,B,202405050704
ミニョンマルーン,2022103151,B,202405050704
ケイマノキコウシ,2022104002,C,202405050704
サマーツアー,2022103719,B,202405050704
ランブータン,2022102505,D,202405050704
パラサイコロジー,2022104862,C,202405050704
タッカージーティー,2022106261,B,202405050704
サスケエトワール,2022100455,D,202405050704
ヘニーガイスト,2022104865,B,202405050704
カーマンライン,2021105329,B,202405050706
バスターコール,2021105668,C,202405050706
マスグラバイト,2020103505,B,202405050706
ドントレットゴー,2021103614,B,202405050706
コッレヴェッキオ,2021105730,B,202405050706
ムーランブルー,2020101341,B,202405050706
アンクエンチャブル,2021101660,B,202405050706
フォンメイリー,2019105287,C,202405050706
ホワイトクロウ,2018105544,C,202405050706
ハンデンカイザー,2021102456,B,202405050706
ダノンザボルケーノ,2021101478,B,202405050706
エピメテウス,2020103689,C,202405050706
チザルピーノ,2021101928,C,202405050706
レッドライトニング,2021102200,B,202405050706
プチボヌール,2020102962,C,202405050706
ラズライト,2019103122,C,202405050706
キャネル,2021105885,B,202405050708
オソルノ,2020102578,B,202405050708
フリーフロー,2017103788,C,202405050708
ルーラーリッチ,2020102793,B,202405050708
トーホウボルツ,2018103018,C,202405050708
トーアシオン,2016104152,B,202405050708
トーセンクライスト,2019104467,C,202405050708
ピュアキアン,2021107001,B,202405050708
ゴールドアローン,2021106874,C,202405050708
グランオース,2021100620,B,202405050708
ミッキーラッキー,2021105561,B,202405050708
ダノンターキッシュ,2018100410,C,202405050708
ムジェロ,2020103414,B,202405050708
エンツォウーノ,2020104790,B,202405050708
ヒルズカーン,2020106166,B,202405050708
サトノトルネード,2020103463,B,202405050708
ピコレッド,2022107272,B,202405050709
マリブオレンジ,2022110134,B,202405050709
レイナデアルシーラ,2022104628,B,202405050709
ドラゴンウェルズ,2022110137,B,202405050709
ルイステソーロ,2022100574,B,202405050709
テーオーエルビス,2022110081,B,202405050709
スナッピードレッサ,2022110007,B,202405050709
バギーウィップ,2022102987,B,202405050709
カンレイスキー,2022106545,B,202405050709
クレーキング,2022104743,B,202405050709
キアヌ,2022106585,B,202405050709
ナチュラルライズ,2022103795,B,202405050709
ボルトテソーロ,2022106718,B,202405050709
フィドルファドル,2022104674,B,202405050709
タガノバビロン,2022106553,B,202405050709
パナランギン,2022102337,C,202405050709
フォラブリューテ,2019105398,C,202405050710
キャプテンネキ,2021101523,A,202405050710
ベルウェザー,2021105425,B,202405050710
ラックスアットゼア,2020110083,B,202405050710
ゴッドブルービー,2020106063,B,202405050710
ジャスリー,2020102814,C,202405050710
モナルヒ,2019100723,C,202405050710
プラチナジュビリー,2020106386,B,202405050710
スタンリーテソーロ,2021102275,B,202405050710
ユキマル,2020101174,B,202405050710
ウラカワノキセキ,2019103428,C,202405050710
ジョディーズマロン,2018101989,B,202405050710
ドラゴンゴクウ,2019105587,C,202405050710
ハッピーロンドン,2020101639,B,202405050710
ロレンツォ,2018103341,C,202405050710
サルヴァトーレ,2020100301,B,202405050710
ズットマツモト,2022106587,B,202405050801
シアワセデスカ,2022102403,C,202405050801
クリプトス,2022101637,C,202405050801
ルージュアマリア,2022105762,B,202405050801
ロンデシャッセ,2022101662,C,202405050801
アカデミズム,2022106759,D,202405050801
コスモシンテイ,2022106782,B,202405050801
エコロルキナ,2022101341,C,202405050801
ジークマインド,2022107319,D,202405050801
ショウナンカチドキ,2022101258,B,202405050801
ヘルヴェティオス,2022104619,B,202405050801
ジルクン,2022101022,B,202405050801
アイアムイチバン,2022103183,B,202405050801
キャストロププ,2022100749,D,202405050801
エスパノーラ,2022105675,C,202405050801
スリーソング,2022103777,B,202405050801
ソラノキャンバス,2022100083,B,202405050803
ショウナンヤッホー,2022104605,B,202405050803
カシノベティ,2022109130,C,202405050803
ロンパイア,2022103708,C,202405050803
ミュークチェルシー,2022104452,B,202405050803
シキ,2022104046,C,202405050803
ニコ,2022103336,B,202405050803
ラブスノー,2022107257,C,202405050803
ファンタイムギフト,2022102378,B,202405050803
ダイタヴァルキリー,2022107358,C,202405050803
マルセルテソーロ,2022102262,B,202405050803
ハクシンブライアン,2022106975,C,202405050803
ピカピカサンダー,2022105979,C,202405050803
ジーティーパリス,2022106730,B,202405050803
エルオレンス,2022101060,C,202405050803
ダンツファイター,2022102982,B,202405050803
タイキアベンチュラ,2022103140,C,202405050805
デルマアポロニア,2022105457,C,202405050805
ブレイクバウンズ,2022105592,C,202405050805
キャンディブーケ,2022103932,C,202405050805
ドラゴンテイラー,2022110138,B,202405050805
アクロスザリバー,2022100481,B,202405050805
ブラックウェル,2022101239,C,202405050805
カツノトゥウェルヴ,2022101055,D,202405050805
ブランディストック,2022105219,C,202405050805
ミルキーハニー,2022104008,C,202405050805
リアライズカミオン,2022105702,B,202405050805
キタノブレイク,2022102486,C,202405050805
オーケーマヒナ,2022100432,B,202405050805
ミュージックマン,2022100397,C,202405050805
モンドエトワール,2022109007,D,202405050805
レイワエポック,2022110072,D,202405050805
グローブフェイム,2020104105,C,202405050807
アルプスオジョー,2021100540,B,202405050807
グリモワール,2019102371,C,202405050807
ケイツードラム,2020107061,C,202405050807
ウエヲムイテゴラン,2021103226,C,202405050807
エテルネル,2020101830,B,202405050807
レッドレナート,2021103145,B,202405050807
マーゴットレーヴ,2020105813,B,202405050807
ロサンゼルス,2021103711,C,202405050807
フクチャントウメイ,2021105086,B,202405050807
ラッキーヤース,2021101081,C,202405050807
ダイオジェナイト,2021105432,C,202405050807
イエルバブエナ,2020106899,C,202405050807
リプレゼント,2020103559,B,202405050807
グランプリショット,2021104631,C,202405050807
サルモン,2020105983,B,202405050807
タマモヴェナトル,2020104864,C,202405050810
キタノソワレ,2021106421,B,202405050810
ケンキョ,2020105949,C,202405050810
フクノブルジュ,2020101465,B,202405050810
シゲルソロソロ,2020110100,B,202405050810
ミラキュラスライト,2019104602,B,202405050810
クインズデネブ,2021106328,B,202405050810
ミエノナイスガイ,2019103767,C,202405050810
アッチャゴーラ,2020102843,B,202405050810
カフェニクス,2021103288,B,202405050810
キングクー,2019102321,B,202405050810
アラカザーム,2018102338,C,202405050810
オルゴーリオ,2021110147,B,202405050810
ベラジオボッキーニ,2019100415,C,202405050810
ヴァンドーム,2021100170,B,202405050810
サミアド,2021109086,B,202405050810
コーストガード,2021103189,D,202406010101
ミッキードラマー,2021104782,B,202406010101
エテルノアキーロ,2021106007,D,202406010101
グリントリッター,2021100328,B,202406010101
ラスジャン,2021101587,C,202406010101
ツクバアプローズ,2021100211,B,202406010101
マイネルディレクト,2021106805,B,202406010101
スターリーアイド,2021103974,C,202406010101
サナダ,2021101169,B,202406010101
ダイシンペルル,2021106538,C,202406010101
イデアガウディ,2021103105,B,202406010101
マニーブルース,2021102752,B,202406010101
クインタレッリ,2021102792,D,202406010101
サンディブロンド,2021105821,B,202406010101
ニシノリピート,2021100402,B,202406010101
セイウンチドリ,2021102685,B,202406010101
マーゴットエクラ,2021102925,C,202406010102
ニシノフルール,2021104837,C,202406010102
ミルフルール,2021100614,C,202406010102
クインズスピカ,2021106559,C,202406010102
ビーナスライズ,2021102342,C,202406010102
セージグリーン,2021104850,B,202406010102
ゴールドアローン,2021106874,C,202406010102
ファーマシャイン,2021101591,C,202406010102
ラブショック,2021100627,D,202406010102
アートハラン,2021103174,B,202406010102
カフェアローロ,2021100469,B,202406010102
ファイントパーズ,2021107212,C,202406010102
オーシンダイヤ,2021102394,B,202406010102
カピリナ,2021104073,B,202406010102
マツリボタン,2021103758,C,202406010102
ウインアリス,2021106224,C,202406010102
ガラスノイチゴ,2021102025,C,202406010103
エルキーオ,2021101881,D,202406010103
ケイティブルーム,2021107164,C,202406010103
ジェットブレイク,2021100637,B,202406010103
ミューシグ,2021103326,C,202406010103
キャラメルコード,2021103100,C,202406010103
ソウテンノヒカリ,2021106365,B,202406010103
ヒカルエリザベス,2021104487,C,202406010103
ビアメントブラスト,2021100608,B,202406010103
マンマミーア,2021103317,B,202406010103
ニシノデスティーノ,2021106995,C,202406010103
マンウォル,2021103744,B,202406010103
ユズノキ,2021104570,C,202406010103
アイリータイム,2021104546,D,202406010103
フェデラルスタイル,2021105032,C,202406010103
ホウオウバラード,2021103511,B,202406010103
ノアファラオ,2021104358,C,202406010104
タイキオナード,2021103169,C,202406010104
ネオクラウン,2021106120,B,202406010104
マコタイガ,2021101356,C,202406010104
ラブラドライト,2021103109,D,202406010104
エコロブレード,2021103713,B,202406010104
リムショット,2021105656,D,202406010104
ビッグロゴスルーフ,2021106522,C,202406010104
レッドスフェーン,2021105308,B,202406010104
キツネノヨメイリ,2021110094,C,202406010104
サザンクーガー,2021100843,C,202406010104
ダンシングボビー,2021102229,D,202406010104
タルマイサン,2021102857,B,202406010104
プラチナバンド,2021100045,C,202406010104
ヴェサリウス,2021104401,B,202406010104
カミノケンシン,2021109071,C,202406010104
クロスザルビコン,2017105117,B,202406010106
トゥザヒロイン,2019105314,C,202406010106
コトブキヘスペラス,2020100209,C,202406010106
リネンマンボ,2020101457,C,202406010106
ポンサン,2020100838,B,202406010106
ダスク,2020106953,C,202406010106
パワーエンブレム,2019106702,C,202406010106
ゴンドワナ,2020103921,B,202406010106
デリシュレーヌ,2018101497,D,202406010106
サトノバトラー,2018105256,C,202406010106
ルーラーリッチ,2020102793,B,202406010106
キガサ,2019100275,B,202406010106
クラウンローゼン,2020101425,C,202406010106
アオイゴールドワン,2019106321,B,202406010106
クリスプブリーズ,2020103923,B,202406010106
サプライズビュー,2018102681,C,202406010106
ミツカネヴィーナス,2019100844,C,202406010108
シンボリックレルム,2019104958,B,202406010108
ウェンダヴズクライ,2020104086,C,202406010108
イージーオンミー,2020101143,C,202406010108
アステロイドメア,2020101709,B,202406010108
テンホワイトラブ,2020104052,C,202406010108
ランスノーブル,2020101250,B,202406010108
セイカティターニア,2020101856,C,202406010108
バイロイト,2019101920,C,202406010108
サイモンポーリア,2018101166,B,202406010108
ミニョンルミエール,2019104303,B,202406010108
リキサンハート,2018102813,D,202406010108
ルージュクレセント,2020104570,C,202406010108
スピリチュアル,2020104634,B,202406010108
ラズライト,2019103122,B,202406010108
ジェイエルフラッグ,2016103409,C,202406010108
セラフィナイト,2018105237,B,202406010112
アレクサ,2020100189,B,202406010112
アイアムイチリュウ,2017101159,B,202406010112
リバーサルバレット,2019106146,B,202406010112
リチャ,2020105650,C,202406010112
フリーフロー,2017103788,B,202406010112
ウインジョイフル,2017104168,C,202406010112
クインズミモザ,2018101742,B,202406010112
マイネルイリャルギ,2017101877,C,202406010112
シグナルファイアー,2020101228,B,202406010112
クロースコンバット,2019105188,B,202406010112
タマモロック,2020104861,B,202406010112
タケルペガサス,2018103278,B,202406010112
アイファーエポック,2019101325,B,202406010112
ファイヴレター,2017102043,C,202406010112
フォーワンセルフ,2019102163,C,202406010112
ブルパーチェ,2021100263,B,202406010201
オモカゲジョー,2021109094,C,202406010201
エコロセブン,2021103370,C,202406010201
ユイノグランコード,2021103605,C,202406010201
ホウオウフロイト,2021103549,C,202406010201
ペイシャツネ,2021106009,C,202406010201
ケイツーレオン,2021100202,C,202406010201
ライングッドマン,2021101930,C,202406010201
タマエスポワール,2021102087,C,202406010201
サルバシオン,2021101820,C,202406010201
シュトウルム,2021107392,D,202406010201
サンウイキョウ,2021101306,C,202406010201
フジゴウキャク,2021101906,B,202406010201
デルミオクオーレ,2021106841,C,202406010201
ヨリナエスポワール,2021102671,B,202406010201
イーサンハンター,2021104362,C,202406010201
ビップレーヌ,2021100886,B,202406010202
ウインブリエ,2021106221,B,202406010202
ライトピラー,2021101204,C,202406010202
ギースバッハ,2021102247,B,202406010202
アパイシュナール,2021100005,C,202406010202
コパノエビータ,2021102219,C,202406010202
ミユキアテスウェイ,2021107286,C,202406010202
ベアエンジェル,2021100213,C,202406010202
ツインクルステージ,2021103512,B,202406010202
クォーツァイト,2021104777,B,202406010202
ルージュアベリア,2021105058,B,202406010202
プレシュラージュ,2021104969,B,202406010202
バエル,2021102126,C,202406010202
アムールドパリ,2021105264,B,202406010202
サンセットブライト,2021102753,B,202406010202
タマモポロネーズ,2021104523,B,202406010202
ダイクロアイト,2021105524,C,202406010203
ミーハ,2021104410,B,202406010203
ミレニアムヒロイン,2021103480,C,202406010203
ニシノエール,2021100946,C,202406010203
マシュー,2021104738,C,202406010203
クルシナ,2021104425,C,202406010203
マツシマ,2021101168,C,202406010203
エイブラムス,2021100260,D,202406010203
ダノンマカルー,2021105965,B,202406010203
サウナストーン,2021104569,C,202406010203
ニシノコルベット,2021100374,B,202406010203
カシノカンピオーネ,2021100516,C,202406010203
ウインイメル,2021106213,C,202406010203
ジョリーメモリー,2021104072,B,202406010203
マメタクン,2021101767,D,202406010203
グレック,2021104727,C,202406010203
ピュアキアン,2021107001,B,202406010207
バナマンテソーロ,2021102281,B,202406010207
ダイヤモンドナイツ,2021107238,C,202406010207
サンダーアラート,2021101671,B,202406010207
メッエフアパラ,2021106066,B,202406010207
ネオシルバー,2021106063,B,202406010207
モンサンアクシア,2021101446,B,202406010207
ブレードサクセス,2021103376,B,202406010207
アラレタバシル,2021107192,B,202406010207
ロードブレイズ,2021100162,C,202406010207
コスモジンバック,2021106797,B,202406010207
ボーイハンター,2021104987,B,202406010207
タイセイアディクト,2021106126,B,202406010207
トーセンクライスト,2019104467,B,202406010208
ジャックパール,2020101508,C,202406010208
カムランベイ,2020101803,B,202406010208
リゼレインボー,2019102676,C,202406010208
フリッパー,2020100078,B,202406010208
ベルウッドグラス,2020104945,B,202406010208
ルージュアマルフィ,2020110121,B,202406010208
マンノステータス,2020105471,B,202406010208
トゥルース,2020104479,B,202406010208
ラフシー,2019101896,B,202406010208
ジャクソン,2020104354,B,202406010208
チャコワールド,2019102953,C,202406010208
ブレードキング,2020106385,B,202406010208
ジョーカーブラウン,2019103488,B,202406010208
マウンテンエース,2020104452,C,202406010208
キープブライトン,2020101008,B,202406010208
ブラックアーメット,2018104059,C,202406010210
フォルコメン,2016104926,B,202406010210
キタノリューオー,2018104462,B,202406010210
ノースザワールド,2018100420,B,202406010210
アナンシエーション,2018110064,C,202406010210
エナハツホ,2019100094,B,202406010210
アルーブルト,2018100763,B,202406010210
キングストンボーイ,2018102657,B,202406010210
ナチュラルハイ,2020105939,B,202406010210
ペイシャエス,2019104245,B,202406010210
ウェルカムニュース,2019105537,B,202406010210
パワーブローキング,2019101908,C,202406010210
テーオードレフォン,2019101324,B,202406010210
ヴァルツァーシャル,2019102437,B,202406010210
ベストリーガード,2019103393,B,202406010210
アルドーレ,2015103217,C,202406010210
ミキノバスドラム,2018105873,C,202406010212
ブルーダイヤカフェ,2017104560,B,202406010212
ヴァンヌ,2018102899,D,202406010212
トモジャミ,2020105246,B,202406010212
バルミュゼット,2019106701,B,202406010212
ドンレパルス,2019100553,C,202406010212
アポロプラネット,2019101264,B,202406010212
エイシンケプラー,2020106249,B,202406010212
ビップアクア,2019101448,C,202406010212
ユキノグローリー,2017104000,C,202406010212
ダークンストーミー,2020100656,B,202406010212
ナイトアクアリウム,2020103005,C,202406010212
フラップシグナス,2019104660,C,202406010212
キングクー,2019102321,B,202406010212
スカイナイル,2018110017,B,202406010212
パルデンス,2018104775,B,202406010212
トーアナタリー,2021105336,C,202406010301
カンパニヤン,2021102384,B,202406010301
スミレファースト,2021105619,C,202406010301
シャトルトウショウ,2021100306,B,202406010301
ベニシア,2021100662,C,202406010301
エコロカレン,2021103484,C,202406010301
アヌーク,2021103577,B,202406010301
アケノミョウジョウ,2021106671,C,202406010301
オキャン,2021100196,B,202406010301
ペータース,2021101536,C,202406010301
プラビータ,2021106008,B,202406010301
サノノリッチ,2021102057,C,202406010301
シンボリノエル,2021101533,C,202406010301
フルブースト,2021103035,B,202406010301
ヴェラリーシャ,2021103172,B,202406010301
ルージュルージュ,2021103016,C,202406010301
サトノレイズ,2021104961,C,202406010302
リアルカイザー,2021100461,B,202406010302
ウインライズ,2021101087,C,202406010302
ラキアレクサンダー,2021106128,B,202406010302
サイレントヴォイス,2021105017,D,202406010302
タニセンドリーム,2021106057,B,202406010302
ビッグブロック,2021101034,C,202406010302
リュウノハイル,2021102204,C,202406010302
セイウンウィズミー,2021102941,C,202406010302
トゥラムプラッツ,2021101927,C,202406010302
カラーオブジアース,2021100360,B,202406010302
ゴールドジューク,2021106875,B,202406010302
リリエンフェルト,2021104927,C,202406010302
サットサンガ,2021105071,D,202406010302
グローリーワン,2021103657,B,202406010302
アムレートゥム,2021103566,B,202406010302
タマディープ,2021102302,B,202406010303
アデランテ,2021103525,B,202406010303
ティアップファイト,2021100725,C,202406010303
ジェネレイティブ,2021104571,B,202406010303
キタノコンドル,2021101969,C,202406010303
ウェットシーズン,2021110112,B,202406010303
プレジール,2021106209,B,202406010303
グアラニア,2021103051,C,202406010303
ノリサムソン,2021106291,B,202406010303
ベストディシジョン,2021105718,C,202406010303
アイスブレイカー,2021103332,C,202406010303
ラインポーチュラカ,2021101308,B,202406010303
ベニカケソラ,2021106144,B,202406010303
サトノダンディ,2021104409,B,202406010303
ブラボーキングダム,2021101403,B,202406010303
ファビュラスロード,2021107176,C,202406010303
ステラカフェ,2021102839,D,202406010304
ルーナビアンカ,2021100372,C,202406010304
ジーティーアグリム,2021104574,C,202406010304
ノーブルブランカ,2021100052,B,202406010304
トシエスマイル,2021100271,C,202406010304
エピックストーリー,2021104863,B,202406010304
ローグテソーロ,2021102274,C,202406010304
サンロレンツォ,2021106759,C,202406010304
エスシーヤマト,2021100845,C,202406010304
パステルローズ,2021104592,C,202406010304
クッキークリーム,2021104621,C,202406010304
クーデピンヌ,2021101317,C,202406010304
ベルイストワール,2021100606,C,202406010304
リフレイン,2021102766,C,202406010304
ゴールデンモモコ,2021102220,B,202406010304
ムーヴオン,2021102879,B,202406010304
マリノリリアン,2020101424,C,202406010307
イルザ,2019102736,C,202406010307
スマートオリーブ,2019104059,B,202406010307
リングストゥワイス,2019101914,B,202406010307
スナイチゴールド,2020106457,D,202406010307
サンランシング,2018100298,B,202406010307
コウユーママニニテ,2019101435,B,202406010307
ロザシアニン,2019100097,C,202406010307
カフェブルーム,2020103552,B,202406010307
クオンタム,2018103206,D,202406010307
ゴレイジョウ,2020106336,C,202406010307
シエラメンテ,2019101462,B,202406010307
プラティクレール,2020103900,B,202406010307
オルコス,2019105258,B,202406010307
シェーンプリマー,2020101403,B,202406010307
カフェベラノッテ,2019103308,C,202406010307
マコトヴィクラント,2020104940,C,202406010309
ボンベール,2016102904,B,202406010309
ヨリノサファイヤ,2020102315,B,202406010309
タシロ,2017104262,C,202406010309
カフェカルマ,2019103309,B,202406010309
スリーエクスプレス,2019105979,B,202406010309
サトミノマロン,2019101661,B,202406010309
コルデアニル,2020103154,C,202406010309
マオノアラシ,2020100850,B,202406010309
ラフルオリータ,2018105342,B,202406010309
エクセスリターン,2019101274,B,202406010309
カレンアルカンタラ,2020103086,B,202406010309
ワカミヤプレスト,2019104546,D,202406010309
クリーンドリーム,2018100440,C,202406010309
トクシースタローン,2019103728,B,202406010309
トーアシオン,2016104152,B,202406010309
ダノンブレット,2018104665,B,202406010310
ギャラクシーナイト,2019103586,B,202406010310
ロードアヴニール,2020100142,B,202406010310
タイセイエピソード,2019106390,B,202406010310
ローズボウル,2018104574,C,202406010310
グリューヴルム,2019105519,B,202406010310
フォレストキャット,2018103391,C,202406010310
ヒミノフラッシュ,2018101337,C,202406010310
ロードバルドル,2019100410,C,202406010310
マイネルクロンヌ,2017102952,C,202406010310
タイセイスラッガー,2018100821,C,202406010310
フランスゴデイナ,2018110117,B,202406010310
アイブランコ,2017106303,B,202406010310
ミヤビマドンナ,2017103607,C,202406010310
トラモント,2017105506,B,202406010310
ヴェノム,2018104346,C,202406010310
ヴィオルナ,2021103221,C,202406010401
ラパンリュネール,2021104849,B,202406010401
チャコール,2021103257,B,202406010401
ナックアテナ,2021105148,C,202406010401
ホークレア,2021100198,B,202406010401
キュリエール,2021105407,C,202406010401
カチヌキマリコ,2021101245,C,202406010401
ドリームチェイサー,2021104002,D,202406010401
イントゥザフロー,2021104545,C,202406010401
ペイシャスウィフト,2021102639,C,202406010401
キタノマティーニ,2021101035,B,202406010401
グランジュール,2021102105,B,202406010401
グエンフィヴァル,2021106632,C,202406010401
マリリン,2021103811,C,202406010401
カウネウス,2021105487,B,202406010401
インファンタ,2021101225,B,202406010401
トリプレッタ,2021100003,D,202406010402
サブリナワルツ,2021104907,C,202406010402
タンゴノアール,2021104256,C,202406010402
リトルラフター,2021106482,C,202406010402
ソーユーアクト,2021110124,C,202406010402
アドゥールグロー,2021101728,B,202406010402
マリノマジカル,2021101265,C,202406010402
リュウノサライ,2021101502,C,202406010402
アスプリージャ,2021100761,C,202406010402
ロックシティボーイ,2021107276,C,202406010402
サノノゴールド,2021102067,C,202406010402
アオイフォール,2021107002,B,202406010402
ノーブルシェイド,2021103822,C,202406010402
スプレーフォール,2021107266,B,202406010402
アラブル,2021100950,C,202406010402
ダイヤモンドアツシ,2021103904,C,202406010402
エクセプション,2021107289,C,202406010403
クインズデネブ,2021106328,C,202406010403
プレイフルネス,2021107141,B,202406010403
サンマルク,2021103081,C,202406010403
シークレットヴァウ,2021102413,C,202406010403
ゴールドスター,2021103561,B,202406010403
キーナイス,2021106499,C,202406010403
ノブノリッキー,2021104117,B,202406010403
ピュアキショウ,2021106948,C,202406010403
ラヴリーディスク,2021106082,B,202406010403
グレートスピリット,2021103981,C,202406010403
キープザナゲット,2021100349,C,202406010403
アフリカンビート,2021107235,B,202406010403
エメラルドフィジー,2021106321,D,202406010403
チーチャン,2021102825,C,202406010403
ネイルンノ,2021103338,C,202406010403
アプローチ,2021100507,D,202406010404
エンカンターダ,2021106629,C,202406010404
ブリスフル,2021106070,B,202406010404
ダンツティアラ,2021104314,C,202406010404
メンドロントット,2021105023,D,202406010404
アイビーサムライオ,2021100740,B,202406010404
サンダーアリュール,2021109069,C,202406010404
エリカヴェネチア,2021110106,B,202406010404
ガルーダフラップ,2021104204,B,202406010404
カシマエスパーダ,2021106014,C,202406010404
ユニヴェールアン,2021102617,C,202406010404
ニシノヤングマン,2021101052,B,202406010404
ズイウンゴサイ,2021100597,C,202406010404
カリブフレイバー,2021100586,B,202406010404
マンダレー,2021101071,B,202406010404
アスクハッピーモア,2021105212,C,202406010404
オセアバトルプラン,2020100060,C,202406010407
ブルーリヴァーサル,2020104617,D,202406010407
ワタシデイイデスカ,2020105282,C,202406010407
ピックアップライン,2020103088,B,202406010407
アオカミ,2019101753,C,202406010407
フジフォンテ,2019105759,B,202406010407
ヴァンナチュール,2020105137,C,202406010407
アッティラ,2020102185,C,202406010407
サパテアール,2019102514,B,202406010407
ゲットアップ,2018100720,B,202406010407
フェスティヴラジャ,2020101112,C,202406010407
トーセンサウダージ,2020102468,B,202406010407
ブレットフライ,2019104005,C,202406010407
フクノブルジュ,2020101465,C,202406010407
カズラポニアン,2019105148,B,202406010407
バスケットカウント,2020101400,C,202406010407
トウカイファクター,2019103692,B,202406010408
ドラゴンズバック,2017101489,D,202406010408
ダテボレアス,2019103562,C,202406010408
プリティインピンク,2018104208,B,202406010408
ヤングワールド,2020101230,C,202406010408
デュードメール,2019105399,C,202406010408
リラックス,2020103044,B,202406010408
キュートヘスティア,2019103600,B,202406010408
ユキゲシズク,2019103578,C,202406010408
クラウンブラヴォー,2020101422,B,202406010408
トップヴィヴィット,2018102215,C,202406010408
ロレンツォ,2018103341,C,202406010408
グランアリエル,2019101763,D,202406010410
ニューフロンティア,2018100478,C,202406010410
ミレヴィーナス,2019105847,B,202406010410
マルカラピッド,2020102776,B,202406010410
メイショウイジゲン,2018106391,B,202406010410
グットディール,2019105446,B,202406010410
コスモノアゼット,2018102181,B,202406010410
ハチメンロッピ,2020106756,B,202406010410
ウナギノボリ,2019107016,B,202406010410
レヴール,2019100614,B,202406010410
タマモダイジョッキ,2018104332,B,202406010410
ビルカール,2020105250,B,202406010410
タイキスウォード,2017103437,C,202406010410
イチザウイナー,2019109133,D,202406010410
ワールズコライド,2020110062,A,202406010410
フィーカ,2019103946,C,202406010410
ダンジュカリユシ,2021104916,C,202406010501
シェリングフォード,2021103111,C,202406010501
グブリーサビタン,2021102417,B,202406010501
ポッドグラス,2021103712,C,202406010501
アカリリッキー,2021104308,C,202406010501
ユイノコドウ,2021106569,B,202406010501
ピンクシティー,2021104042,C,202406010501
キングスクラウン,2021106378,B,202406010501
マリノルージュ,2021101261,B,202406010501
ニシノウインド,2021102683,B,202406010501
ヘルメース,2021103710,B,202406010501
タイセイピューマ,2021106119,C,202406010501
キョウエイノヴェル,2021103363,C,202406010501
アイズ,2021107154,C,202406010501
アクアファースト,2021102095,C,202406010501
モノノフノミチ,2021101867,B,202406010501
オセアトップガン,2021105722,B,202406010502
ウェーブロック,2021105815,B,202406010502
プロメッサ,2021107275,B,202406010502
テルケンレンジョイ,2021103128,C,202406010502
マツシマ,2021101168,C,202406010502
セイウンマカロン,2021107080,C,202406010502
ナンヨーレギュラー,2021105185,B,202406010502
ハマサン,2021101715,C,202406010502
アイアンパシュート,2021100108,C,202406010502
ダイタジャスティス,2021102954,C,202406010502
グシチャンノホシ,2021105069,B,202406010502
ヌンコッチ,2021103327,C,202406010502
アレスエルピーダ,2021104541,D,202406010502
ドンタカーミ,2021103133,C,202406010502
ラブリーポップ,2021107372,C,202406010502
フラムブランシュ,2021100929,B,202406010502
ナムラブリジット,2021102896,B,202406010503
テンチャスカーラ,2021109012,C,202406010503
ゴーゴーケイコ,2021106562,B,202406010503
ガビーズシスター,2021104461,C,202406010503
セッテイロク,2021102709,C,202406010503
アブデラザール,2021102815,B,202406010503
ペイシャニット,2021106326,A,202406010503
アップルハウス,2021106911,C,202406010503
ミルミナーヴァ,2021106332,B,202406010503
サベージラヴ,2021103748,C,202406010503
ショウナンマンテン,2021104240,C,202406010503
ハクサンフラッシュ,2021100874,B,202406010503
リスターロッチ,2021106012,C,202406010503
ハクサンアップル,2021100758,D,202406010503
ジョーローリット,2021100768,B,202406010503
スマートビトラス,2021101545,D,202406010503
クレイヴィンオナー,2021104576,C,202406010504
カゼノイタズラ,2021101139,D,202406010504
ミツカネジェミニ,2021106896,C,202406010504
ライヴロッキー,2021104000,D,202406010504
サクラキングリー,2021104067,C,202406010504
ヴィル,2021104129,C,202406010504
ニシノネライウチ,2021100185,C,202406010504
エラトステネス,2021103547,D,202406010504
シグムンド,2021106353,B,202406010504
グランナヴィール,2021101779,C,202406010504
ロジサビアーレ,2021104588,B,202406010504
セイウンパイオニア,2021106996,B,202406010504
ラフォンターナ,2021103474,C,202406010504
ヴァイザーブリック,2021105417,B,202406010504
ビックリマーク,2021106984,C,202406010504
アクセルホーリー,2021103705,D,202406010504
ワタシダケドナニカ,2020103918,C,202406010506
キングダラス,2020101387,C,202406010506
キボウノホシ,2019101165,B,202406010506
アポロハクジャ,2018100170,C,202406010506
アンスリウム,2020102636,B,202406010506
ハローマイラブリー,2020106345,C,202406010506
フォースターデイズ,2020103573,B,202406010506
サトノガレオン,2020101567,B,202406010506
サンマルセレッソ,2018101379,C,202406010506
グランフォーブル,2020101303,C,202406010506
オーロラアーク,2019102186,C,202406010506
シュヴァルツリーベ,2020106101,B,202406010506
ピカリエ,2019104288,B,202406010506
ゲキザル,2019102102,C,202406010506
ランプロファイア,2019105409,B,202406010506
ローズブルーム,2019101428,C,202406010506
カズロレアート,2018105117,B,202406010508
デルマタモン,2018100976,C,202406010508
ピオノノ,2017105558,C,202406010508
ホウオウカブキ,2020103543,B,202406010508
サイモンルモンド,2017106722,C,202406010508
イエローウィン,2019104321,B,202406010508
クリノナイスガイ,2017106689,D,202406010508
ペンティメント,2020102641,B,202406010508
ジャスパーバローズ,2020100665,C,202406010508
エスティメート,2019102648,B,202406010508
オセアフラッグ,2020102044,B,202406010508
デルマオシダシ,2020102809,B,202406010508
プラウドヘリテージ,2019101875,B,202406010508
ヤウガウ,2017105433,C,202406010508
シェットランド,2020103566,B,202406010508
カサデガ,2018105908,C,202406010508
サイクロトロン,2017105282,B,202406010510
クロジシジョー,2019102238,B,202406010510
ミスズグランドオー,2018103724,B,202406010510
アティード,2018103173,B,202406010510
タイセイブレイズ,2018102969,B,202406010510
ジャスパーゴールド,2018110126,B,202406010510
オルダージュ,2016101956,C,202406010510
レッドゲイル,2019103976,C,202406010510
ハコダテブショウ,2018101878,B,202406010510
アーバンイェーガー,2014102562,B,202406010510
スズカコテキタイ,2019105967,B,202406010510
アイアムハヤスギル,2016102142,D,202406010510
ピアシック,2016110131,B,202406010510
コパノマーキュリー,2017106018,C,202406010510
ヒカルエリザベス,2021104487,C,202406010601
タマモラプトル,2021104526,B,202406010601
ココロオドル,2021106488,C,202406010601
オンテンバール,2021107378,C,202406010601
ゴッドスペル,2021107350,C,202406010601
ヨリナエスポワール,2021102671,B,202406010601
レースノワエ,2021100988,C,202406010601
グランジュール,2021102105,C,202406010601
フィローシャ,2021106050,B,202406010601
ミューシグ,2021103326,B,202406010601
ナツリュウオー,2021100125,D,202406010601
マインドブロン,2021104632,B,202406010601
モナコブル,2021109096,C,202406010601
ベニシア,2021100662,B,202406010601
ジェットブレイク,2021100637,B,202406010601
コパマエチャン,2021104459,C,202406010601
マルチライセンス,2021105673,D,202406010602
リフレイン,2021102766,C,202406010602
アルディオール,2021101721,B,202406010602
イルプリンチペ,2021105914,C,202406010602
マインドマイワーズ,2021103515,B,202406010602
ファイアーサイン,2021100880,B,202406010602
カルマンフィルター,2021104842,B,202406010602
ザッツ,2021100105,C,202406010602
キープインマインド,2021105053,B,202406010602
グリマルディ,2021101421,C,202406010602
オセアトップガン,2021105722,C,202406010602
ミユキマーベリック,2021103636,B,202406010602
マシュー,2021104738,C,202406010602
ゲームアップロード,2021104898,C,202406010602
ケーリーバンド,2021106322,C,202406010602
ロクシアス,2021105890,B,202406010602
ユユシキジタイ,2021106964,D,202406010603
グレイトボヤージュ,2021106384,D,202406010603
ナナイロノユメ,2021101358,C,202406010603
ハコダテノハナ,2021102132,B,202406010603
モリノリオン,2021102322,C,202406010603
モスオーキッド,2021105250,B,202406010603
ダンシングウィズ,2021101875,C,202406010603
スーパーナニー,2021103382,C,202406010603
ローリーグローリー,2021110005,B,202406010603
ラッピングボックス,2021103383,C,202406010603
アリスバリー,2021110143,C,202406010603
ワークソング,2021102462,B,202406010603
フッカツノチギリ,2021102027,D,202406010603
テンクウジョー,2021104464,B,202406010603
ラグランデテソーロ,2021102473,C,202406010603
ガラスノイチゴ,2021102025,D,202406010603
ラヴォンドリコ,2021107317,C,202406010604
ライーナシェリー,2021100033,D,202406010604
グレイワークス,2021101710,C,202406010604
モノノフゴールド,2021102307,C,202406010604
マイバンドーム,2021103304,D,202406010604
シャドウルパン,2021104797,C,202406010604
オメガレジェンド,2021103530,C,202406010604
コーカサスゴールド,2021102676,B,202406010604
コヴィーニャ,2021107172,C,202406010604
リュクスレオン,2021103285,B,202406010604
メイショウベル,2021103302,C,202406010604
ベアデザイア,2021104271,C,202406010604
プルナチャンドラ,2021100329,C,202406010604
タイセイシップ,2021106580,B,202406010604
ガケップチー,2021104660,C,202406010604
エクリプスルバン,2021106623,B,202406010604
オセアエクスプレス,2021104145,B,202406010607
カルフ,2021103342,B,202406010607
オウバイトウリ,2021105606,B,202406010607
セリエル,2021104547,B,202406010607
ハヌル,2021103343,C,202406010607
ベルウッドワン,2021100641,C,202406010607
アイアムユウシュン,2021103204,B,202406010607
シントーハナノボス,2021103953,B,202406010607
イツツボシ,2021106372,C,202406010607
スミレファースト,2021105619,C,202406010607
スパークインザアイ,2017105392,B,202406010608
マウンテンエース,2020104452,B,202406010608
ブレイクザアイス,2019103219,C,202406010608
ヒサメ,2020101819,C,202406010608
アッティラ,2020102185,C,202406010608
ブレイゼスト,2020100631,B,202406010608
マーベラスムーン,2018105352,C,202406010608
ジャスパーワールド,2020110107,C,202406010608
クールシェルタ,2019103204,B,202406010608
コリエンテス,2019105069,B,202406010608
ラフシー,2019101896,B,202406010608
コレクテイニア,2020110020,B,202406010608
カムランベイ,2020101803,B,202406010608
ジャックパール,2020101508,B,202406010608
ヴァンナチュール,2020105137,C,202406010608
ラレイナ,2018105316,B,202406010609
メテオールライト,2020103247,B,202406010609
メイショウコバト,2020106908,B,202406010609
クリニクラウン,2020100934,B,202406010609
スマイルオンミー,2019105264,B,202406010609
メイショウホオズキ,2018100595,C,202406010609
スズノテレサ,2019104861,C,202406010609
バーリンギャップ,2019105101,C,202406010609
セイカティターニア,2020101856,B,202406010609
サノノエスポ,2020102161,B,202406010609
ラブベティー,2019106491,B,202406010609
フェブランシェ,2020103616,B,202406010609
フィンガークリック,2020102755,B,202406010609
レディーシス,2019106868,C,202406010609
ヘニータイフーン,2020104675,B,202406010609
グレノークス,2020103033,B,202406010609
エグゾールテッド,2021102542,B,202406010701
マイネルディレクト,2021106805,B,202406010701
オンネア,2021102022,C,202406010701
モノノフノミチ,2021101867,C,202406010701
プレイフォーエフ,2021103571,D,202406010701
ネイルンノ,2021103338,C,202406010701
アイアムイブシギン,2021102897,C,202406010701
ネオグラン,2021100029,C,202406010701
ゴールデンレイ,2021103448,B,202406010701
フォクシー,2021102774,C,202406010701
ガビーズシスター,2021104461,C,202406010701
ケイティキセキ,2021101529,B,202406010701
オッチョラゴ,2021104551,C,202406010701
ミルキーメモリー,2021103917,B,202406010701
ユキノフルマチ,2021100043,C,202406010701
アカキチノイレブン,2021104644,C,202406010701
コパノエビータ,2021102219,B,202406010702
ショコラエクレール,2021106010,C,202406010702
エンピリカルルール,2021100833,B,202406010702
ツインクルステージ,2021103512,C,202406010702
クーデピンヌ,2021101317,D,202406010702
ムビュリミュゴボカ,2021107341,C,202406010702
ホウオウシンデレラ,2021103533,B,202406010702
ゴールデンモモコ,2021102220,B,202406010702
セージグリーン,2021104850,C,202406010702
リアルセンター,2021103518,D,202406010702
エーリアル,2021104856,C,202406010702
ゴールドアローン,2021106874,C,202406010702
ウインプロティア,2021106219,C,202406010702
ゴールドチョウサン,2021102426,C,202406010702
カフェアローロ,2021100469,B,202406010702
ノアファラオ,2021104358,C,202406010703
トゥラムプラッツ,2021101927,C,202406010703
ラムゼイテソーロ,2021100579,B,202406010703
ダンシングボビー,2021102229,D,202406010703
ランドマックス,2021100251,B,202406010703
ベニカケソラ,2021106144,B,202406010703
ミーハ,2021104410,C,202406010703
プラチナバンド,2021100045,C,202406010703
グアラニア,2021103051,C,202406010703
ウインラムセス,2021101530,B,202406010703
レオボヌール,2021102945,C,202406010703
トキメキタロー,2021100282,C,202406010703
エスシーヤマト,2021100845,B,202406010703
タイキオナード,2021103169,C,202406010703
ワンダフルスパート,2021103309,C,202406010703
ハーヴェ,2021104633,C,202406010703
エリーズダイヤ,2020102734,B,202406010704
クラシカルタイプ,2020106830,C,202406010704
ケイトポムドゥパン,2020105128,C,202406010704
ミュージアムピース,2019104143,C,202406010704
イルザ,2019102736,B,202406010704
コウユーママニニテ,2019101435,B,202406010704
ゴットリープ,2020101319,C,202406010704
クランシリーニー,2019102009,C,202406010704
ニシノコニャック,2019100937,C,202406010704
ラクサパーナ,2020103614,C,202406010704
セッカチケーン,2019102613,B,202406010704
ムコウジマランプ,2020104623,C,202406010704
ダニエラハニー,2019105674,B,202406010704
デイドリームビーチ,2020106973,D,202406010704
セイゲン,2019100234,C,202406010704
クイーンアポーン,2019104128,B,202406010704
アヴィオンドール,2020103684,C,202406010707
ヒラリーステップ,2020100652,C,202406010707
マテンロウカノン,2020103254,B,202406010707
シンボリックレルム,2019104958,B,202406010707
サイモンポーリア,2018101166,B,202406010707
ジェイエルフラッグ,2016103409,B,202406010707
ピッチパーフェクト,2020104134,C,202406010707
ミニョンルミエール,2019104303,C,202406010707
ムーランブルー,2020101341,B,202406010707
テンホワイトラブ,2020104052,C,202406010707
ナンヨーウイング,2020102778,C,202406010707
アルジェントステラ,2018104908,B,202406010707
ランスノーブル,2020101250,B,202406010707
カヤドーブラック,2020105702,D,202406010707
スティルディマーレ,2020103366,B,202406010708
キングクー,2019102321,C,202406010708
ニーナブランド,2020100272,B,202406010708
スクーバー,2020102565,B,202406010708
バルミュゼット,2019106701,B,202406010708
ニルカンタテソーロ,2017102872,C,202406010708
エコロドゥネス,2020102731,C,202406010708
ロードミッドナイト,2018102120,B,202406010708
ユキゲシズク,2019103578,,202406010708
ドンレパルス,2019100553,B,202406010708
アポロプラネット,2019101264,B,202406010708
ワイアウ,2020102568,B,202406010708
バンドールロゼ,2019105819,B,202406010708
アラゴナイト,2018101214,B,202406010708
パルデンス,2018104775,B,202406010708
レイクリエイター,2018106451,C,202406010710
グーデンドラーク,2019105416,B,202406010710
フラッパールック,2020103127,B,202406010710
プリンスミノル,2019106027,B,202406010710
ローズボウル,2018104574,B,202406010710
カランセ,2019105634,B,202406010710
レッドラパルマ,2019101168,B,202406010710
モズマゾク,2018101075,C,202406010710
アスクビックスター,2019106414,B,202406010710
ダイシンピスケス,2018100830,B,202406010710
トップスティール,2019106387,C,202406010710
ブレイクフォース,2019105604,C,202406010710
ヴァーンフリート,2019105560,B,202406010710
アクションプラン,2020100116,B,202406010710
クインズミモザ,2018101742,B,202406010710
サイモンザナドゥ,2020104497,B,202406010710
ハナチルサト,2021106474,C,202406020101
パサデナノアサ,2021101995,C,202406020101
ハーデンベルギア,2021103330,C,202406020101
リズヴェリオ,2021106933,C,202406020101
ベストイズアスク,2021102319,C,202406020101
メイフーミン,2021109099,C,202406020101
ハクサンソヌス,2021100780,C,202406020101
エンランブ,2021107314,C,202406020101
スケルツォ,2021102560,B,202406020101
パレスドフィーヌ,2021105373,B,202406020101
キタノアマポーラ,2021100974,C,202406020101
ソリッドエビデンス,2021100760,C,202406020101
プリドラ,2021103508,C,202406020101
ティアラハオルチア,2021102515,C,202406020101
ラブリエスト,2021106866,C,202406020101
レターフロムパリ,2021104315,B,202406020101
ラブラドライト,2021103109,C,202406020102
キタノコンドル,2021101969,C,202406020102
ロジゴールデン,2021105029,B,202406020102
ナックブリーズ,2021102395,D,202406020102
アムレートゥム,2021103566,B,202406020102
ノルディア,2021101678,C,202406020102
カーリングホリデー,2021106982,C,202406020102
サンダーアリュール,2021109069,B,202406020102
ジョイレンジャー,2021106709,B,202406020102
ルージュエリシア,2021102402,B,202406020102
セイウンパイオニア,2021106996,B,202406020102
リュウノアラー,2021104525,C,202406020102
ロゴサウンド,2021103774,C,202406020102
コパノエビータ,2021102219,B,202406020102
スペイドアン,2021103770,C,202406020102
ダイユウグラフ,2021101907,B,202406020102
タイセイディオス,2021100962,D,202406020103
ミシェット,2021107021,B,202406020103
ブルーストレイル,2021106078,C,202406020103
ブラックパーシモン,2021101375,C,202406020103
クインズポラリス,2021102371,B,202406020103
イェルマーク,2021110117,B,202406020103
ケイティブルーム,2021107164,C,202406020103
インヘリタンスエス,2021101061,B,202406020103
エイシンポップ,2021103962,C,202406020103
エクセルブラック,2021104491,C,202406020103
オオタニサーン,2021110004,B,202406020103
ソニックロプロス,2021104038,C,202406020103
フジゴウキャク,2021101906,C,202406020103
レヴィテーション,2021107259,C,202406020103
オルパダン,2021106450,C,202406020103
ノーブルレジェンド,2021102853,C,202406020103
ゴールデンステップ,2021103555,C,202406020104
クイーンズタウン,2021103899,C,202406020104
アイヲコメテ,2021102780,C,202406020104
ブランシール,2021105797,C,202406020104
ベーディーナ,2021102662,C,202406020104
ダノンレーニア,2021100012,B,202406020104
マーシャリアーナ,2021104975,B,202406020104
ハナアヤメ,2021104394,C,202406020104
ルルフィーユ,2021102894,C,202406020104
ティファニーアイス,2021100373,C,202406020104
ルージュグレイシア,2021105314,B,202406020104
サダージ,2021100011,C,202406020104
セイウンチドリ,2021102685,B,202406020104
ジュレブランシュ,2021104781,C,202406020104
マツリボタン,2021103758,B,202406020104
カリプソ,2021100504,C,202406020104
キープインマインド,2021105053,B,202406020106
カリブフレイバー,2021100586,B,202406020106
アスクハッピーモア,2021105212,B,202406020106
リトルラフター,2021106482,C,202406020106
トーセンレスター,2021105515,C,202406020106
セイウンマカロン,2021107080,C,202406020106
シャドウルパン,2021104797,C,202406020106
ウェックスフォード,2021105268,B,202406020106
ベルイストワール,2021100606,C,202406020106
メインストリーム,2021106609,C,202406020106
カルマンフィルター,2021104842,B,202406020106
オリフラム,2021100952,C,202406020106
カミノケンシン,2021109071,C,202406020106
サンディビーチ,2021106443,B,202406020106
ゼンカイワールド,2021100336,C,202406020106
チーチャン,2021102825,C,202406020106
ブレットフライ,2019104005,C,202406020108
アッティラ,2020102185,B,202406020108
イデアユウシン,2020106549,C,202406020108
ブレイクザアイス,2019103219,C,202406020108
ブライテストドーン,2020102956,C,202406020108
ヒルズカーン,2020106166,C,202406020108
マウンテンエース,2020104452,B,202406020108
サノラキ,2019102178,C,202406020108
マンダリンボレロ,2020101655,C,202406020108
サルトルーヴィル,2020101896,B,202406020108
シゲルカミカゼ,2020102077,C,202406020108
コレクテイニア,2020110020,B,202406020108
ゴキゲンサン,2020106623,C,202406020112
プリティインピンク,2018104208,B,202406020112
クリーデンス,2020106547,B,202406020112
カンパニョーラ,2019104385,C,202406020112
ロープスピニング,2019104952,B,202406020112
トモジャミ,2020105246,B,202406020112
ダラムキャッスル,2020101560,C,202406020112
ビターゼノビア,2020104207,D,202406020112
ギョウネン,2020101574,B,202406020112
カンザシ,2019106704,B,202406020112
ミロワール,2019100566,B,202406020112
エレガントムーン,2020103643,B,202406020112
チュウワスプリング,2020102391,B,202406020112
エクサープト,2019102481,B,202406020112
メイデンタワー,2020103198,C,202406020112
カラパタール,2018105383,C,202406020112
イクリール,2021106563,B,202406020201
ドバイブルース,2021105182,B,202406020201
リンクスクードボル,2021104004,B,202406020201
ヴァリアブルヨシノ,2021102679,D,202406020201
ファイアーサイン,2021100880,B,202406020201
プラチナバンド,2021100045,B,202406020201
アメリカンランナー,2021110121,B,202406020201
アルディオール,2021101721,C,202406020201
ユイノパチョレック,2021100930,B,202406020201
フミバレット,2021104807,C,202406020201
タイセイシップ,2021106580,C,202406020201
ラファールドール,2021104889,C,202406020201
ニシノインヴィクタ,2021100190,C,202406020201
ライクファーザー,2021102359,B,202406020201
トキメキタロー,2021100282,D,202406020201
ロードレヴェランス,2021100155,B,202406020201
マインドユアリズム,2021105118,C,202406020202
プリンセスナイト,2021101244,C,202406020202
ベアナオセン,2021100549,B,202406020202
サクラサルーテ,2021104068,C,202406020202
サトミノエガオ,2021104959,B,202406020202
ロケットホームラン,2021102264,C,202406020202
スクラマサクス,2021101561,C,202406020202
カブキモン,2021105126,C,202406020202
ライズガール,2021102675,B,202406020202
タイセイピューマ,2021106119,B,202406020202
ピクラリーダ,2021106347,C,202406020202
ヴァンセゾニエ,2021105612,C,202406020202
ビューティビースト,2021101109,D,202406020202
ミッシーフォール,2021103271,B,202406020202
ニシノジーク,2021107062,C,202406020202
ヨッコサン,2021103441,D,202406020202
メイショウソムリエ,2021102980,B,202406020203
グランアルザン,2021100841,C,202406020203
アレスエルピーダ,2021104541,C,202406020203
ナイトクラウン,2021105854,C,202406020203
リアルカイザー,2021100461,B,202406020203
フェルメール,2021105897,B,202406020203
レッドラウル,2021103233,B,202406020203
キッドストン,2021105146,C,202406020203
アルファウィンザー,2021100432,C,202406020203
メイオリビア,2021109101,C,202406020203
クリスタルニクス,2021102974,C,202406020203
グロバーテソーロ,2021101147,B,202406020203
ニシノタカラジマ,2021107064,C,202406020203
レックストレメンデ,2021107374,C,202406020203
エコロブレード,2021103713,C,202406020203
グレイトマジック,2021104157,C,202406020203
ヘヴンリーハンド,2021106910,B,202406020204
クラウンシエンタ,2021101253,C,202406020204
ブレードサクセス,2021103376,B,202406020204
エクリプスルバン,2021106623,B,202406020204
チザルピーノ,2021101928,B,202406020204
ピュアキアン,2021107001,B,202406020204
コーカサスゴールド,2021102676,B,202406020204
ウインイメル,2021106213,B,202406020204
ラオラシオン,2021105262,B,202406020204
ディアスポラ,2021102498,B,202406020204
ブリスフル,2021106070,C,202406020204
マコタイガ,2021101356,B,202406020204
シンボリックレルム,2019104958,B,202406020207
クリノフラッグ,2019101187,C,202406020207
ファミリークレスト,2019105064,B,202406020207
ブラックデコ,2020106883,C,202406020207
メダルラッシュ,2020102668,D,202406020207
イージーオンミー,2020101143,B,202406020207
ロフティーイデアル,2020102607,C,202406020207
サイモンポーリア,2018101166,B,202406020207
キセキノエンジェル,2019106416,C,202406020207
ピッチパーフェクト,2020104134,C,202406020207
ジェイエルトランス,2020101956,C,202406020208
ダイヤモンドビーチ,2020103956,C,202406020208
モネ,2019101749,C,202406020208
インフィニタス,2018105401,B,202406020208
サルモン,2020105983,C,202406020208
リカステ,2019104119,C,202406020208
オンマガトオル,2019106105,B,202406020208
ビーマイベイビー,2018106602,B,202406020208
ダイチラファール,2019102469,C,202406020208
スマイルアップ,2019103815,B,202406020208
ハヤブサジェット,2020105049,B,202406020208
リリージェーン,2020106353,B,202406020208
スミシュー,2019100081,C,202406020208
ノーブルミステリー,2020106429,C,202406020208
サンフィニティ,2018104533,B,202406020208
ウィンウッドテール,2020106837,C,202406020208
ミラクル,2018100623,B,202406020210
ヴァリアント,2016100952,C,202406020210
タイセイジャスパー,2019100135,B,202406020210
グリュースゴット,2018104392,B,202406020210
ロードオブザチェコ,2018103641,B,202406020210
アイファーシアトル,2020107113,B,202406020210
エティエンヌ,2019105761,C,202406020210
ミレヴィーナス,2019105847,B,202406020210
ルクルト,2017100452,C,202406020210
ヴァンデリオン,2017110173,B,202406020210
キミワテル,2018105317,C,202406020210
ウラカワノキセキ,2019103428,B,202406020210
サザンエルフ,2019102011,B,202406020210
コスモノアゼット,2018102181,B,202406020210
レヴール,2019100614,B,202406020210
マニバドラ,2020110105,B,202406020210
ヨンク,2016102412,C,202406020212
メラーキ,2017105634,B,202406020212
ターニングアップ,2018101894,C,202406020212
グラシアス,2020101873,C,202406020212
ホウオウカブキ,2020103543,B,202406020212
マイネルサハラ,2019103543,C,202406020212
ララエフォール,2019101121,B,202406020212
スマートアイ,2020106877,B,202406020212
ソムリエ,2020107084,B,202406020212
パトリオットラン,2019107004,B,202406020212
サイモンソーラン,2019102341,B,202406020212
スマイルオンミー,2019105264,B,202406020212
エリカポラリス,2021103739,B,202406020301
ゴールデンスイープ,2021105062,B,202406020301
オオゾラヒバリ,2021101793,B,202406020301
ペイシプリンプリン,2021102023,D,202406020301
ミトロージア,2021100832,C,202406020301
チャルドーニ,2021104946,B,202406020301
ペレストリーナ,2021100129,B,202406020301
シアワセノランプ,2021102924,C,202406020301
プリンセスココア,2021106076,D,202406020301
チェルシー,2021106724,B,202406020301
チャコールアニー,2021103126,C,202406020301
プリンセスアメリカ,2021101816,C,202406020301
サノノリッチ,2021102057,B,202406020301
ペイシャニット,2021106326,B,202406020301
クーペリー,2021101188,C,202406020301
サンマルブーケ,2021101120,C,202406020301
アイアンロマン,2021100107,B,202406020302
サンマルファンキー,2021102695,C,202406020302
スプランドゥール,2021100623,D,202406020302
ザロック,2021106845,B,202406020302
リュクスレオン,2021103285,B,202406020302
トーセンジェンマ,2021104717,C,202406020302
アイカムインピース,2021110034,B,202406020302
コヴィーニャ,2021107172,C,202406020302
ヴェントデグロリア,2021104650,D,202406020302
フォーゲルヴァイデ,2021104488,B,202406020302
トーセンルーカス,2021104719,C,202406020302
ナムラドーギー,2021104267,C,202406020302
ビクトリーフォース,2021105043,C,202406020302
レゲエビーチ,2021110151,B,202406020302
ダイオジェナイト,2021105432,B,202406020302
ジョナ,2021103750,C,202406020302
クラウンチャンス,2021101258,C,202406020303
ポッピン,2021100386,C,202406020303
マリノルージュ,2021101261,C,202406020303
ココケイ,2021104263,C,202406020303
ガーデンプランナー,2021101427,B,202406020303
バッファローライズ,2021103754,C,202406020303
セイカアビイロード,2021106286,D,202406020303
ボエーム,2021100475,C,202406020303
マンマミーア,2021103317,C,202406020303
ハルテロス,2021104430,C,202406020303
ネオステラス,2021101105,C,202406020303
エコロヴァルム,2021103529,C,202406020303
ドンタカーミ,2021103133,C,202406020303
ギガストーム,2021106256,C,202406020303
イロイロ,2021106131,C,202406020303
クリノジーニアス,2021101855,C,202406020303
エーリアル,2021104856,B,202406020304
ムゲーテスペランサ,2021106869,C,202406020304
バウンドトゥウィン,2021104628,B,202406020304
カールマジ,2021100221,C,202406020304
クインズリゲル,2021106695,C,202406020304
ファーマシャイン,2021101591,B,202406020304
イッツナッシング,2021103040,C,202406020304
クーデピンヌ,2021101317,B,202406020304
リヴィングカラー,2021101065,D,202406020304
プレシュラージュ,2021104969,C,202406020304
グッドイナフ,2021106575,D,202406020304
ミヤビアストレア,2021107277,B,202406020304
レシェルドランジュ,2021105386,B,202406020304
エグマリーヌ,2021106633,B,202406020304
キタノアイヴォリー,2021106452,C,202406020304
ネクストヒロイン,2021100070,C,202406020304
セキテイオー,2019101351,C,202406020307
ノーブルヴィクター,2020103769,C,202406020307
カリュウ,2019106714,B,202406020307
キャビネットバトル,2020101889,C,202406020307
ゼンリョクダンス,2020102393,B,202406020307
ヤマニンエルモサ,2017101771,C,202406020307
ヴォンヌヴォー,2020106585,C,202406020307
デフィデリ,2019101562,C,202406020307
ナスノカンゲツ,2020109094,B,202406020307
エスペラント,2019105172,B,202406020307
トロピカルヒーロー,2020104960,B,202406020307
オンザブロッサム,2020102903,C,202406020307
サクラファシナンテ,2018104014,C,202406020307
サトノガレオン,2020101567,B,202406020307
トーアスカーレット,2019105008,C,202406020307
チャイムリープ,2019103633,B,202406020307
ゴールドバランサー,2020105835,B,202406020310
ヴァンドゥラン,2020105991,B,202406020310
タイセイスラッガー,2018100821,C,202406020310
アースライザー,2017103285,B,202406020310
サトノフウジン,2017104743,B,202406020310
ヴェノム,2018104346,C,202406020310
フランスゴデイナ,2018110117,B,202406020310
イーサンバーニング,2019104192,C,202406020310
カランセ,2019105634,B,202406020310
ダッチマン,2017106012,C,202406020310
タマモロック,2020104861,B,202406020310
オンザライン,2018104646,B,202406020310
ミラクルティアラ,2020103070,B,202406020310
ローズボウル,2018104574,C,202406020310
ナンヨーヴィヨレ,2018105748,B,202406020312
レディベル,2019106527,C,202406020312
コスモコラッジョ,2018106035,C,202406020312
プラウドヘリテージ,2019101875,B,202406020312
ウインザナドゥ,2018101625,B,202406020312
ベルシャンソン,2020103888,B,202406020312
デルマタモン,2018100976,C,202406020312
ヨンク,2016102412,C,202406020312
ラレイナ,2018105316,C,202406020312
サイモンルモンド,2017106722,C,202406020312
リチャ,2020105650,B,202406020312
バンブーグローブ,2020102120,B,202406020312
ティアップリオン,2018103133,C,202406020312
ナミダノキス,2021100805,C,202406020401
レイズルノワール,2021104262,B,202406020401
サクラキングリー,2021104067,B,202406020401
ダンガリー,2021103489,B,202406020401
フクチャントウメイ,2021105086,B,202406020401
サンマルミッション,2021107331,C,202406020401
フジサンワイシーシ,2021100669,D,202406020401
リュウノハイル,2021102204,C,202406020401
ミーハ,2021104410,C,202406020401
ホレーショ,2021102409,B,202406020401
カシマエスパーダ,2021106014,B,202406020401
アドアプローズ,2021107224,C,202406020401
アオイサクラ,2021109004,C,202406020401
ショウナンハルク,2021103895,C,202406020401
グラスフェロー,2021103906,D,202406020401
ラブリーポップ,2021107372,C,202406020401
ピュアバブル,2021103829,B,202406020402
サユリバナ,2021102970,C,202406020402
モナコブル,2021109096,B,202406020402
ヒカルエリザベス,2021104487,C,202406020402
テイエムビッグサー,2021103466,B,202406020402
ファイアンス,2021106454,B,202406020402
キリシマジョイナー,2021109137,C,202406020402
サベージラヴ,2021103748,B,202406020402
アカキチノイレブン,2021104644,B,202406020402
カンパニヤン,2021102384,C,202406020402
ケイツートラール,2021106350,C,202406020402
ホウオウバラード,2021103511,B,202406020402
ミユキマーベリック,2021103636,C,202406020402
ノブノリッキー,2021104117,B,202406020402
コードナイン,2021101222,B,202406020402
イーサンハンター,2021104362,B,202406020402
サンドオブエテル,2021104395,B,202406020403
ロサンゼルス,2021103711,B,202406020403
メジャーレーベル,2021100304,C,202406020403
マジックライン,2021106966,C,202406020403
ボムポット,2021100870,B,202406020403
グラッシー,2021100302,C,202406020403
シャドウクロス,2021105063,C,202406020403
プリンセスサクラ,2021100714,B,202406020403
スプレーフォール,2021107266,C,202406020403
ダイクロアイト,2021105524,B,202406020403
グランプリショット,2021104631,C,202406020403
グアラニア,2021103051,B,202406020403
ウインクリード,2021106223,B,202406020403
エクセルグラン,2021100635,B,202406020403
スラーヴァ,2021103916,C,202406020403
デルマスカンダ,2021101988,B,202406020403
ベニシア,2021100662,C,202406020404
プロミシングスター,2021103073,B,202406020404
フェデラルスタイル,2021105032,B,202406020404
マーゴットファブ,2021106722,C,202406020404
ハヌル,2021103343,B,202406020404
タリスマン,2021104618,C,202406020404
セリエル,2021104547,B,202406020404
ブシン,2021110055,B,202406020404
エスカル,2021110069,B,202406020404
ホーリーブライト,2021102458,B,202406020404
スコーピオン,2021100792,B,202406020404
ガビーズシスター,2021104461,C,202406020404
アルジェンタージョ,2021103706,C,202406020404
ヨーカイディスコ,2021101535,B,202406020404
マイネルディレクト,2021106805,B,202406020404
ピンクヴェノム,2021101189,C,202406020404
クールシェルタ,2019103204,B,202406020407
オールマキシマム,2020100387,B,202406020407
ルージュブラゾン,2019104685,C,202406020407
フジフォンテ,2019105759,C,202406020407
ベンテイガ,2019105996,C,202406020407
カヤドーブラック,2020105702,C,202406020407
ベイビールビオ,2019103592,B,202406020407
ポンサン,2020100838,B,202406020407
タイセイマーベル,2018100186,C,202406020407
マウンテンエース,2020104452,C,202406020407
ナムラテディー,2020101950,B,202406020407
キングストンボーイ,2018102657,B,202406020410
デリカダ,2019106929,B,202406020410
ケイアイシェルビー,2018101739,B,202406020410
ロードヴァレンチ,2019103507,B,202406020410
パワーブローキング,2019101908,C,202406020410
ガンダルフ,2018104907,B,202406020410
ゴールドハイアー,2018102195,C,202406020410
キタノヴィジョン,2017102011,B,202406020410
セファーラジエル,2018105131,B,202406020410
サトノロイヤル,2018103116,B,202406020410
アルドーレ,2015103217,B,202406020410
サンライズウルス,2018102260,B,202406020410
テイエムアトム,2018103301,C,202406020410
サーマルソアリング,2020102688,B,202406020410
プライドランド,2016104762,C,202406020410
ヤマニンプレシオサ,2017103123,B,202406020412
リネンマリン,2020106381,C,202406020412
マイアミュレット,2019106730,B,202406020412
アリススプリングス,2019100055,C,202406020412
トップヴィヴィット,2018102215,B,202406020412
サザンステート,2019101185,D,202406020412
キョウエイカンフ,2020100363,B,202406020412
ニーナブランド,2020100272,B,202406020412
フェズカズマ,2019105218,B,202406020412
カイタロー,2019103063,B,202406020412
ニットウバジル,2020106782,B,202406020412
ロレンツォ,2018103341,B,202406020412
サンダビューク,2019102827,C,202406020412
ムーヴ,2019101759,C,202406020412
プルスウルトラ,2018106613,C,202406020412
フクノワカバ,2020106795,B,202406020412
ステラカフェ,2021102839,C,202406020501
ヘルミーネ,2021105437,C,202406020501
レデツカ,2021101271,C,202406020501
マフィン,2021101219,C,202406020501
ティアード,2021105597,C,202406020501
エンカンターダ,2021106629,C,202406020501
リトルラフター,2021106482,C,202406020501
アウストラリス,2021103030,C,202406020501
リアルアメリカン,2021105372,B,202406020501
エンセリオ,2021100300,B,202406020501
クイーンズクラウン,2021105737,C,202406020501
サンキャメロン,2021107262,B,202406020501
ゴールドブラボー,2021106882,B,202406020501
ワールドジェニー,2021102011,B,202406020501
レッドレナート,2021103145,B,202406020502
ガラスノイチゴ,2021102025,D,202406020502
リンクスプリエール,2021106398,D,202406020502
キタノジョンヌ,2021102030,C,202406020502
タカラバディウス,2021106376,D,202406020502
ロマンスヒコー,2021102364,C,202406020502
モリノセピア,2021106307,C,202406020502
グリントリッター,2021100328,C,202406020502
ケイティキセキ,2021101529,B,202406020502
エオナス,2021105200,C,202406020502
ヨゾラノムコウニ,2021104191,B,202406020502
ムーラングリース,2021107222,D,202406020502
モーニントンライン,2021103629,B,202406020502
キーシンガー,2021102566,B,202406020502
エルキュール,2021100288,C,202406020502
ダイチジェム,2021100625,C,202406020502
アラブル,2021100950,C,202406020503
ビップチェイス,2021105763,C,202406020503
ガトーマロン,2021106989,B,202406020503
アルシミスト,2021105805,B,202406020503
サッチャーテソーロ,2021102282,B,202406020503
ロゴサウンド,2021103774,B,202406020503
ニシノリアリティ,2021100184,B,202406020503
リベルテ,2021101110,C,202406020503
トモジャシャトー,2021101041,B,202406020503
ブルズアイ,2021100466,C,202406020503
ローグテソーロ,2021102274,B,202406020503
ロジサビアーレ,2021104588,B,202406020503
ロードレヴェランス,2021100155,B,202406020503
シューンカイゼリン,2021103737,C,202406020504
マホガニー,2021107152,D,202406020504
グランジュール,2021102105,B,202406020504
フォクシー,2021102774,C,202406020504
ワカメチャン,2021101915,C,202406020504
キャンディシロップ,2021102606,D,202406020504
クインズポラリス,2021102371,B,202406020504
イングリッドローズ,2021104746,C,202406020504
ミツカネエリーズ,2021100455,C,202406020504
ハクサンアップル,2021100758,C,202406020504
コウユーユメノヨウ,2021101194,C,202406020504
ノーブルシャン,2021101568,B,202406020504
ツクバアプローズ,2021100211,B,202406020504
コトブキローズ,2021105323,D,202406020504
ブリックスラヴ,2021106037,D,202406020504
イチナイス,2021101022,C,202406020504
ディーファンクス,2021100501,C,202406020506
オーネットレオ,2021100551,B,202406020506
ジョイレンジャー,2021106709,B,202406020506
マイネルバーテクス,2021106827,B,202406020506
シグムンド,2021106353,C,202406020506
ランドマックス,2021100251,B,202406020506
クーアフュルスト,2021104949,B,202406020506
キョウエイブラーボ,2021103362,C,202406020506
カリフォルニアラブ,2021102228,D,202406020506
リンクスクードボル,2021104004,C,202406020506
グラウンドビート,2021105120,B,202406020506
フィージビリティー,2021106626,B,202406020506
チェイスザウェイ,2020104111,B,202406020508
プラニエータ,2019105190,C,202406020508
グレイスカリヨン,2020100558,C,202406020508
ナンデフェスティヴ,2019101158,C,202406020508
アンジュール,2020104884,C,202406020508
プラティクレール,2020103900,B,202406020508
スマートオリーブ,2019104059,B,202406020508
ベリーベリーベリー,2020104291,B,202406020508
ホウオウジュビリー,2020103710,B,202406020508
セロンテソーロ,2020109134,C,202406020508
スマイルアップ,2019103815,D,202406020508
ピカリエ,2019104288,B,202406020508
クイーンアポーン,2019104128,B,202406020508
イルザ,2019102736,B,202406020508
セラドナイト,2020103455,C,202406020508
イノセンス,2020100072,B,202406020508
ファイヴレター,2017102043,B,202406020509
シグナルファイアー,2020101228,B,202406020509
クロースコンバット,2019105188,B,202406020509
グランサバナ,2020103289,B,202406020509
バックトゥザライト,2020102687,B,202406020509
イエローウィン,2019104321,C,202406020509
ジルバーン,2019104761,B,202406020509
ピオノノ,2017105558,C,202406020509
ソムリエ,2020107084,B,202406020509
ヒューゴ,2020102345,C,202406020509
スズカルビコン,2018106368,C,202406020509
エリンアキレウス,2020105361,B,202406020509
ストライク,2020105869,B,202406020509
サイモンソーラン,2019102341,B,202406020509
エクストラノート,2017103267,C,202406020509
ララエフォール,2019101121,C,202406020509
サンロレンツォ,2021106759,C,202406020601
ファーマシャイン,2021101591,,202406020601
アケノミョウジョウ,2021106671,C,202406020601
ムーンライトデイ,2021102559,C,202406020601
サンセットブライト,2021102753,B,202406020601
エピックストーリー,2021104863,B,202406020601
ライトピラー,2021101204,C,202406020601
ネオエトワール,2021100028,C,202406020601
ハクサンフラッシュ,2021100874,B,202406020601
モノノフゴールド,2021102307,C,202406020601
ポントワーズ,2021106704,D,202406020601
スペシャライト,2021104436,C,202406020601
ゴールドアローン,2021106874,C,202406020601
ヴァリアービレ,2021104877,B,202406020601
マツリボタン,2021103758,B,202406020601
ヤマトホマレ,2021101058,C,202406020601
マースフルガール,2021105297,C,202406020602
ザッフェラーノ,2021101207,D,202406020602
インヘリタンスエス,2021101061,B,202406020602
ニシノジーク,2021107062,B,202406020602
フォートボヤール,2021105907,C,202406020602
マケタラアカン,2021103101,C,202406020602
ジクジタルオモイ,2021107391,C,202406020602
ヴィル,2021104129,B,202406020602
フッカツノチギリ,2021102027,D,202406020602
フェスティヴルディ,2021106899,C,202406020602
リスターロッチ,2021106012,C,202406020602
ビジューレイ,2021103443,D,202406020602
グレイトデザイア,2021104677,D,202406020602
サイモンモーニング,2021103106,C,202406020602
アイアムイブシギン,2021102897,C,202406020602
グランルチャドール,2021102192,C,202406020602
ペクトラル,2021107183,B,202406020603
デフィニティーボ,2021105929,C,202406020603
ヒットアンドロール,2021104974,C,202406020603
アルヴィア,2021106965,C,202406020603
マイバンドーム,2021103304,D,202406020603
ナムラバンチー,2021101826,B,202406020603
ロードインフェルノ,2021101201,B,202406020603
エルグレコ,2021105419,B,202406020603
ケーリーバンド,2021106322,C,202406020603
エアロソニック,2021100409,D,202406020603
テイエムエール,2021103395,C,202406020603
ノアフェイス,2021107206,C,202406020603
ワカミヤノミコト,2021101030,C,202406020603
サンティーラ,2021101301,C,202406020603
プルナチャンドラ,2021100329,C,202406020603
カマクラバクフ,2021106435,B,202406020603
メイプルタピット,2021103140,B,202406020606
インテルメディオ,2021104922,A,202406020606
マッスルバック,2021103809,C,202406020606
ラムゼイテソーロ,2021100579,B,202406020606
フラムブランシュ,2021100929,B,202406020606
コスモヴィーコ,2021106773,B,202406020606
アンクエンチャブル,2021101660,B,202406020606
ハンデンカイザー,2021102456,B,202406020606
チザルピーノ,2021101928,B,202406020606
リーチユアドリーム,2021105149,B,202406020606
サトノエピック,2021105271,B,202406020606
ウインイメル,2021106213,C,202406020606
プレジール,2021106209,C,202406020606
モデルハント,2021103912,C,202406020606
ジュンパワフル,2021105368,B,202406020606
ピュアキアン,2021107001,B,202406020606
フロンタルジェダイ,2019104712,C,202406020608
リネンマンボ,2020101457,C,202406020608
クロックフォード,2020102805,B,202406020608
ダスク,2020106953,B,202406020608
キガサ,2019100275,C,202406020608
シウン,2019105420,C,202406020608
クロスザルビコン,2017105117,C,202406020608
カイザーレオン,2019106488,C,202406020608
デリシュレーヌ,2018101497,B,202406020608
スペシャリスト,2020101572,C,202406020608
イデアユウシン,2020106549,C,202406020608
トゥザヒロイン,2019105314,B,202406020608
ゴールデンマイク,2020110101,B,202406020608
フクノエヴリー,2019101533,D,202406020608
サトノバトラー,2018105256,B,202406020608
スピリチュアル,2020104634,B,202406020612
アイノセンシ,2020100632,B,202406020612
グレースレニー,2020100786,C,202406020612
グランプレジール,2019105338,B,202406020612
キーチズカンパニー,2019101100,C,202406020612
カイザーブリッツ,2020106384,C,202406020612
ジャーニーメモリー,2020104437,D,202406020612
バウンティハンター,2017103493,C,202406020612
ブリングライト,2020100617,C,202406020612
ワタシダケドナニカ,2020103918,C,202406020612
シルヴァーゴースト,2020106750,C,202406020612
イルディヴィーノ,2020103349,B,202406020612
クィーンアドバンス,2017100141,C,202406020612
オルガンザ,2017104773,B,202406020612
ダイヤモンドビーチ,2020103956,D,202406020612
タイセイアーメット,2018101198,C,202406020612
ヨッコサン,2021103441,B,202406020701
ファンユー,2021103894,B,202406020701
ハクサンマロン,2021100256,C,202406020701
フェレザ,2021101744,C,202406020701
オオゾラヒバリ,2021101793,B,202406020701
ソリッドエビデンス,2021100760,C,202406020701
ガラクシア,2021107054,B,202406020701
ドルフィンリング,2021106380,D,202406020701
マリノルージュ,2021101261,C,202406020701
ワンダーソロ,2021107384,C,202406020701
イーストオブエデン,2021105498,A,202406020701
ヴェラリーシャ,2021103172,C,202406020701
エンランブ,2021107314,B,202406020701
マリノボリー,2021101264,C,202406020701
ラトレラ,2021106973,C,202406020701
ホークレア,2021100198,B,202406020701
ギュウニュウ,2021103163,D,202406020702
サンディビーチ,2021106443,B,202406020702
ミツカネジェミニ,2021106896,B,202406020702
サクラトップリアル,2021104159,B,202406020702
ヘヴィリピーテッド,2021104990,B,202406020702
アルヴァレス,2021103041,C,202406020702
スラーヴァ,2021103916,C,202406020702
グランコネクシオン,2021105123,D,202406020702
トーセンジェンマ,2021104717,D,202406020702
ユアグローリー,2021104794,C,202406020702
ゴールドブラッサム,2021104567,C,202406020702
サノノゴールド,2021102067,B,202406020702
キタノヒコボシ,2021101893,B,202406020702
パンジャ,2021105155,C,202406020702
マジカルプリンス,2021100957,D,202406020702
プルメリアクヒオ,2021103208,C,202406020702
トコトワ,2021110095,D,202406020703
シベリアンポラリス,2021101056,C,202406020703
ユーライナー,2021107000,C,202406020703
スクラマサクス,2021101561,C,202406020703
マンダリア,2021104682,C,202406020703
インビンシブルパパ,2021110164,B,202406020703
ポップスター,2021100179,C,202406020703
リターンエース,2021101348,C,202406020703
オモカゲジョー,2021109094,B,202406020703
エラトステネス,2021103547,C,202406020703
ゴールデンモモコ,2021102220,B,202406020703
アオイラリュヌ,2021106914,C,202406020703
ヴェサリウス,2021104401,B,202406020703
ヨリナエスポワール,2021102671,B,202406020703
エスペラード,2021101776,C,202406020703
アイスブレイカー,2021103332,C,202406020703
リュクススティール,2020102944,B,202406020707
フクノブルジュ,2020101465,B,202406020707
ブレードキング,2020106385,B,202406020707
ショウナンガロ,2020105372,B,202406020707
フェザーモチーフ,2020103293,B,202406020707
ブライテストドーン,2020102956,C,202406020707
クリノフラッグ,2019101187,C,202406020707
ファルコンミノル,2020104748,B,202406020707
アイベラ,2020102671,B,202406020707
マイスイートハート,2019101634,B,202406020707
トゥルース,2020104479,C,202406020707
ミニョンルミエール,2019104303,B,202406020707
ミユキザストロング,2019101413,B,202406020707
マンダリンボレロ,2020101655,B,202406020707
フランコルシャン,2020105884,C,202406020707
ゴッドブルービー,2020106063,B,202406020710
ロードバルドル,2019100410,B,202406020710
グランツアーテム,2018106693,B,202406020710
ブレイクフォース,2019105604,B,202406020710
カネトシブルーム,2019106475,B,202406020710
レッドエランドール,2017104972,C,202406020710
レッドラパルマ,2019101168,B,202406020710
アースライザー,2017103285,B,202406020710
ホウオウバリスタ,2019106030,B,202406020710
トラモント,2017105506,B,202406020710
マイネルカーライル,2020105761,B,202406020710
ローズボウル,2018104574,B,202406020710
マイネルクロンヌ,2017102952,B,202406020710
ダンテバローズ,2020104661,B,202406020710
クロンヌドラレーヌ,2019104720,B,202406020712
エコロドゥネス,2020102731,B,202406020712
デュードメール,2019105399,B,202406020712
スクーバー,2020102565,B,202406020712
バンドールロゼ,2019105819,B,202406020712
ダイシンウィット,2017101562,C,202406020712
ニルカンタテソーロ,2017102872,C,202406020712
アドバンスファラオ,2020110106,B,202406020712
アイアムスゴスギル,2017106360,B,202406020712
カンザシ,2019106704,B,202406020712
サザンステート,2019101185,C,202406020712
グレタ,2019102761,B,202406020712
ヤングワールド,2020101230,B,202406020712
シュガーフロート,2019110051,B,202406020712
ヒロノゴウカイ,2019106700,C,202406020712
キャプテンローレル,2019100051,C,202406020712
サンダーアリュール,2021109069,C,202406020801
ランガン,2021102821,B,202406020801
アメリカンランナー,2021110121,B,202406020801
プラチナバンド,2021100045,B,202406020801
バティックオーレ,2021104664,C,202406020801
クラリファイ,2021110010,B,202406020801
カプリアズーラ,2021106414,C,202406020801
シーヴェット,2021103988,B,202406020801
エコロブレード,2021103713,B,202406020801
ラヴレボーテ,2021105938,B,202406020801
ジョードプル,2021100065,C,202406020801
ウインラムセス,2021101530,C,202406020801
アレスエルピーダ,2021104541,D,202406020801
ジャミラヌール,2021110105,C,202406020801
ティアラハオルチア,2021102515,C,202406020801
シャッフル,2021103216,C,202406020801
マッドリボンガール,2021102127,C,202406020802
スーパーナニー,2021103382,C,202406020802
ゴールデンレイ,2021103448,C,202406020802
ガラスノブルース,2021104276,B,202406020802
ゴンザーゴ,2021105388,B,202406020802
キングクレオール,2021100506,B,202406020802
フォーメリトゥム,2021107163,C,202406020802
ハツワカ,2021106693,B,202406020802
ネイルンノ,2021103338,B,202406020802
シーニックビュー,2021105229,C,202406020802
メイショウソムリエ,2021102980,B,202406020802
ミハタタテナシ,2021105331,C,202406020802
マサノヒーロー,2021101800,B,202406020802
コアクト,2021103707,C,202406020802
シェリングフォード,2021103111,C,202406020802
フォルスタクラス,2021101739,B,202406020802
グランアルザン,2021100841,B,202406020803
グレイトマジック,2021104157,C,202406020803
アベベ,2021109113,C,202406020803
トキメキタロー,2021100282,D,202406020803
エヴィエニス,2021105061,B,202406020803
ブロットキャスター,2021105945,D,202406020803
ライクファーザー,2021102359,C,202406020803
タキザクラ,2021100180,C,202406020803
ヌンコッチ,2021103327,C,202406020803
タク,2021101726,C,202406020803
ムーランボルドー,2021101486,B,202406020803
オメガジェットマン,2021105266,B,202406020803
ラファールドール,2021104889,C,202406020803
リキサンワールド,2021100408,D,202406020803
セイウンダキシメテ,2021107073,B,202406020803
アスクハッピーモア,2021105212,B,202406020803
アルジェンタージョ,2021103706,B,202406020804
ニシノルミリオン,2021106994,C,202406020804
ソーニャシュニク,2021106923,B,202406020804
ビバップ,2021102700,B,202406020804
カルフ,2021103342,C,202406020804
シークレットヴァウ,2021102413,B,202406020804
レヴィテーション,2021107259,B,202406020804
セイウンサニー,2021103118,B,202406020804
レオエンプレス,2021100060,D,202406020804
インファンタ,2021101225,C,202406020804
ハヌル,2021103343,B,202406020804
スピードパンサー,2021104079,B,202406020804
カラフルメロディー,2021103219,B,202406020804
バロン,2021105974,B,202406020804
セリエル,2021104547,B,202406020804
オウバイトウリ,2021105606,C,202406020804
ナスノカンゲツ,2020109094,B,202406020807
ハウファアイルゴー,2019105765,C,202406020807
ダイチラファール,2019102469,B,202406020807
ノーブルミステリー,2020106429,B,202406020807
ランベントライト,2020110012,B,202406020807
ウィンウッドテール,2020106837,C,202406020807
ハジメテノチュウ,2019104141,B,202406020807
ユナイテッドハーツ,2018100773,C,202406020807
オリビアジュテーム,2020100714,C,202406020807
カフェベラノッテ,2019103308,C,202406020807
オコジュ,2020101265,C,202406020807
リリージェーン,2020106353,B,202406020807
フィーリウスワン,2018101240,C,202406020807
ケンキョ,2020105949,B,202406020807
キングダラス,2020101387,C,202406020807
ハッピーパンニャ,2020104340,B,202406020807
オメガシンフォニー,2020103892,B,202406020810
ハコダテブショウ,2018101878,B,202406020810
イスラアネーロ,2019105741,B,202406020810
タイセイアベニール,2015100822,B,202406020810
アーバンイェーガー,2014102562,C,202406020810
オセアダイナスティ,2018102362,B,202406020810
メズメライザー,2019101894,C,202406020810
ジャスパーゴールド,2018110126,B,202406020810
ケイアイロベージ,2018103819,C,202406020810
クロジシジョー,2019102238,B,202406020810
チェイスザドリーム,2019105968,B,202406020810
ドンアミティエ,2020106006,B,202406020810
パウオレ,2019100242,B,202406020810
デュアリスト,2018105158,B,202406020810
オーロラテソーロ,2017110074,C,202406020810
アビッグチア,2018100040,B,202406020810
トクシースタローン,2019103728,B,202406020812
カサデガ,2018105908,C,202406020812
シャンバラ,2019100615,C,202406020812
アトラクティーボ,2019100641,B,202406020812
スタボーンイメル,2020104853,C,202406020812
ダノンピーカブー,2019104769,B,202406020812
クアトロマジコ,2019105458,C,202406020812
サトミノマロン,2019101661,B,202406020812
ダノンボレロ,2020103338,B,202406020812
クリーンドリーム,2018100440,B,202406020812
パトリオットラン,2019107004,D,202406020812
ルーラーリッチ,2020102793,C,202406020812
ボンベール,2016102904,C,202406020812
ペイシャモノノフ,2020101020,C,202406020812
ヨリノサファイヤ,2020102315,B,202406020812
フロンタルクリス,2018104517,C,202406020812
ラブリエスト,2021106866,B,202406030101
アンドローゼス,2021105911,C,202406030101
スパークリー,2021103335,D,202406030101
バルミーパール,2021103428,B,202406030101
マジカルステップ,2021100743,B,202406030101
ヤサカサラ,2021106182,C,202406030101
チーフルガール,2021100563,C,202406030101
ベイジーニョ,2021105301,C,202406030101
ケープアグラス,2021100382,D,202406030101
シバノテンテン,2021106459,C,202406030101
プチフレーシュ,2021104982,C,202406030101
イントゥザフロー,2021104545,C,202406030101
チェルシー,2021106724,B,202406030101
ピヨルピ,2021100802,D,202406030101
ナムラベロニカ,2021104307,C,202406030101
コウユーユメノヨウ,2021101194,B,202406030101
クラッチプレイヤー,2021105418,C,202406030102
ブラックボックス,2021109031,C,202406030102
エルキーオ,2021101881,B,202406030102
ジェイエルガルフ,2021101821,C,202406030102
クリスタルニクス,2021102974,C,202406030102
エスシーアルベル,2021100842,C,202406030102
ベルイストワール,2021100606,C,202406030102
ニシノイカルガ,2021100425,B,202406030102
ゼフィールエレ,2021105946,B,202406030102
ビッグロゴスルーフ,2021106522,C,202406030102
ダノンザボルケーノ,2021101478,B,202406030102
マンダレー,2021101071,B,202406030102
エンバーク,2021105235,B,202406030102
シャドウルパン,2021104797,C,202406030102
レイズトワイライト,2021100589,B,202406030102
ホレーショ,2021102409,B,202406030102
パープルトレジャー,2021100393,D,202406030103
オーヴァーザトップ,2021107133,B,202406030103
リネンニューイヤー,2021100550,D,202406030103
ヘキルリ,2021106692,C,202406030103
テイエムビッグサー,2021103466,C,202406030103
ユニヴェールアン,2021102617,B,202406030103
マンマミーア,2021103317,B,202406030103
ブルーアルドール,2021102104,C,202406030103
レーザービーム,2021102367,C,202406030103
フェスティヴルディ,2021106899,C,202406030103
ゴールドスター,2021103561,B,202406030103
エッカート,2021106756,B,202406030103
ラブビーチ,2021104232,C,202406030103
タマモアルタイル,2021101558,C,202406030103
サンレイマリー,2021102326,B,202406030103
アカリリッキー,2021104308,C,202406030103
アフトクラーティラ,2020102592,B,202406030107
アイソウザスター,2018103319,D,202406030107
プチボヌール,2020102962,B,202406030107
ルルシュシュ,2020100572,C,202406030107
サイモンポーリア,2018101166,C,202406030107
レジュークレール,2020104818,C,202406030107
アステロイドメア,2020101709,C,202406030107
アルヴィエンヌ,2020103225,C,202406030107
ペイシャアンジェロ,2020102135,C,202406030107
ツインビスケッツ,2020102949,C,202406030107
ランスノーブル,2020101250,B,202406030107
エメリヨン,2020103120,B,202406030107
キセキノエンジェル,2019106416,C,202406030107
エターナルプライド,2019102312,B,202406030107
イージーオンミー,2020101143,B,202406030107
グレースレニー,2020100786,C,202406030107
ジェットエンブレム,2018100886,B,202406030109
ウラカワノキセキ,2019103428,B,202406030109
リッキーマジック,2019106513,C,202406030109
ビルカール,2020105250,B,202406030109
セイカフォルゴーレ,2019101923,C,202406030109
ハイアムズビーチ,2019105478,B,202406030109
サザンエルフ,2019102011,B,202406030109
ヴァリアント,2016100952,B,202406030109
ロードオブザチェコ,2018103641,C,202406030109
ウィリン,2019104962,B,202406030109
レヴール,2019100614,B,202406030109
イチザウイナー,2019109133,C,202406030109
エレガントムーン,2020103643,B,202406030109
ダノンセシボン,2020101633,B,202406030109
シアージスト,2019110009,B,202406030109
フラップシグナス,2019104660,B,202406030109
ラタフォレスト,2021102009,B,202406030110
アンバードール,2021104448,C,202406030110
ノットイナフ,2021106625,C,202406030110
アラレタバシル,2021107192,B,202406030110
ブシン,2021110055,B,202406030110
ラムゼイテソーロ,2021100579,B,202406030110
サンライズソレイユ,2021105104,B,202406030110
センチュリボンド,2021104158,B,202406030110
ハーバーライト,2021105477,B,202406030110
テーオーパスワード,2021102236,B,202406030110
ラオラシオン,2021105262,B,202406030110
メテオールライト,2020103247,B,202406030112
ヤウガウ,2017105433,C,202406030112
デルマタモン,2018100976,C,202406030112
シゲルカミカゼ,2020102077,B,202406030112
バンブーグローブ,2020102120,B,202406030112
コブラ,2019102654,B,202406030112
アイアムイチリュウ,2017101159,B,202406030112
ヒデノレインボー,2019102705,B,202406030112
ラブベティー,2019106491,B,202406030112
ローズピリオド,2019100764,B,202406030112
グレノークス,2020103033,B,202406030112
ウィンターダフネ,2020103246,C,202406030112
プラウドヘリテージ,2019101875,B,202406030112
ピッチパーフェクト,2020104134,B,202406030112
ウインザナドゥ,2018101625,B,202406030112
ラレイナ,2018105316,B,202406030112
メイショウコオロギ,2021102867,C,202406030201
ルミナスビューティ,2021103294,B,202406030201
ギースバッハ,2021102247,C,202406030201
アナベルアンヌリー,2021101757,C,202406030201
マジェンカ,2021107241,C,202406030201
カールマジ,2021100221,C,202406030201
ノルディア,2021101678,B,202406030201
ペペロンチーノ,2021100006,C,202406030201
グランアトミカ,2021105361,B,202406030201
タマモポロネーズ,2021104523,C,202406030201
コパノエビータ,2021102219,C,202406030201
ビップレーヌ,2021100886,C,202406030201
グランソシエ,2021105034,C,202406030201
ブランシール,2021105797,C,202406030201
チーチャン,2021102825,C,202406030201
ウーバークイーン,2021104559,B,202406030201
プティキャドウ,2021102860,C,202406030202
アイムプラウド,2021102362,B,202406030202
ミルキーメモリー,2021103917,C,202406030202
エクセプション,2021107289,D,202406030202
ソニックロプロス,2021104038,B,202406030202
ミッキーイーグル,2021101491,B,202406030202
バッファローライズ,2021103754,C,202406030202
タッカーバレット,2021103994,B,202406030202
モナコブル,2021109096,B,202406030202
ジェットブレイク,2021100637,B,202406030202
ニシノヤングマン,2021101052,B,202406030202
ビックス,2021107086,C,202406030202
ボエーム,2021100475,C,202406030202
エイシンポリシー,2021102841,C,202406030202
サンセットカラー,2021104282,C,202406030202
キョウエイチアフル,2021107308,C,202406030202
インターシア,2021100644,D,202406030203
スターオブステップ,2021100062,C,202406030203
ダンツティアラ,2021104314,C,202406030203
ベストディシジョン,2021105718,B,202406030203
フィージビリティー,2021106626,B,202406030203
パーセルペーパー,2021106840,C,202406030203
ジェンマ,2021101210,C,202406030203
グアラニア,2021103051,B,202406030203
クリノユウセイ,2021107337,D,202406030203
アムレートゥム,2021103566,C,202406030203
グランナヴィール,2021101779,B,202406030203
ユウキヒャクバイ,2021101644,C,202406030203
フライフリーダム,2021105153,B,202406030203
スプレーフォール,2021107266,B,202406030203
タケルゴールド,2021100884,C,202406030203
サットサンガ,2021105071,C,202406030203
マーゴットファブ,2021106722,B,202406030206
タッカー,2021102049,C,202406030206
ニシノルミリオン,2021106994,C,202406030206
モンレーヴ,2021101394,B,202406030206
ライングッドマン,2021101930,B,202406030206
グリントリッター,2021100328,B,202406030206
ステラシティ,2021102669,D,202406030206
トーアアイギス,2021105334,B,202406030206
カルフ,2021103342,C,202406030206
マイネルディレクト,2021106805,B,202406030206
チュウワキャリア,2021102295,B,202406030206
ホーリーブライト,2021102458,B,202406030206
タイガードラゴン,2021100247,C,202406030206
エコロヴァルム,2021103529,B,202406030206
チャコール,2021103257,B,202406030206
ウェイワードアクト,2020110024,B,202406030207
クリスプブリーズ,2020103923,C,202406030207
ホウオウヴォーヌ,2018103477,C,202406030207
サクセスバラード,2020104898,B,202406030207
アッティラ,2020102185,C,202406030207
ベイビールビオ,2019103592,C,202406030207
コスモメイゲツ,2020105770,C,202406030207
ジャスパーワールド,2020110107,C,202406030207
ポイズンアロウ,2019110073,C,202406030207
ジーククローネ,2020103537,C,202406030207
ウッドショック,2019106923,C,202406030207
クリノユキツバキ,2019102013,C,202406030207
ゲットアップ,2018100720,C,202406030207
ゲンパチリベロ,2018106588,C,202406030207
ジャクソン,2020104354,B,202406030207
サリーピルエット,2020100462,B,202406030209
グローブフェイム,2020104105,C,202406030209
パイリヴレ,2020105326,B,202406030209
ナンデフェスティヴ,2019101158,C,202406030209
マグナムハート,2018104723,C,202406030209
グレイスカリヨン,2020100558,C,202406030209
ゴットリープ,2020101319,B,202406030209
クラシカルタイプ,2020106830,C,202406030209
スーパーリベロ,2020104132,B,202406030209
サニーサフラン,2020100892,B,202406030209
トーアスカーレット,2019105008,B,202406030209
ナンヨーノサラ,2020103050,C,202406030209
アポロハクジャ,2018100170,D,202406030209
ラジエル,2019105457,C,202406030209
オーロラアーク,2019102186,C,202406030209
ヴァルツァーシャル,2019102437,B,202406030211
キタノリューオー,2018104462,C,202406030211
キタノヴィジョン,2017102011,B,202406030211
ウェルカムニュース,2019105537,B,202406030211
ニューモニュメント,2016105885,B,202406030211
ラインオブソウル,2019105993,B,202406030211
ゴールドハイアー,2018102195,B,202406030211
ダノンブレット,2018104665,B,202406030211
クリノドラゴン,2018101012,B,202406030211
ホウオウルバン,2018103540,C,202406030211
キリンジ,2020104239,B,202406030211
ブライアンセンス,2020106565,A,202406030211
ミトノオー,2020100273,B,202406030211
ペイシャエス,2019104245,B,202406030211
ミドリタツ,2021105258,B,202406030301
ケープウィッカム,2021105896,B,202406030301
アイヲコメテ,2021102780,B,202406030301
ダイノハイド,2021107267,B,202406030301
ベストベルシック,2021101437,C,202406030301
マリノマジカル,2021101265,C,202406030301
サンセットブライト,2021102753,C,202406030301
フローティンローズ,2021106830,B,202406030301
ビーナスライズ,2021102342,B,202406030301
コンテソレーラ,2021105449,B,202406030301
チャンミコチョロン,2021103337,C,202406030301
リフレイン,2021102766,C,202406030301
シャンゼリゼハート,2021107221,D,202406030301
キガタレイ,2021104386,C,202406030301
マツリボタン,2021103758,B,202406030301
サクブット,2021100729,C,202406030301
ポッドグラス,2021103712,B,202406030302
フジゴウキャク,2021101906,B,202406030302
ワンノブアス,2021105097,C,202406030302
マイフォーエバー,2021105193,B,202406030302
モーニントンライン,2021103629,B,202406030302
スマートスコープ,2021102721,C,202406030302
ダイユウグラフ,2021101907,B,202406030302
ワンダフルタテヤマ,2021101366,D,202406030302
ビロウィダダ,2021103243,B,202406030302
ツクバアプローズ,2021100211,B,202406030302
アグリアス,2021105672,D,202406030302
ミトロージア,2021100832,C,202406030302
ベアエンジェル,2021100213,C,202406030302
クリノジーニアス,2021101855,C,202406030302
メイザーキック,2021105060,B,202406030302
マケズギライ,2021102516,B,202406030302
ハーツケリー,2021100323,B,202406030303
リベルテ,2021101110,C,202406030303
ニシノオーシャン,2021104048,B,202406030303
プレシュラージュ,2021104969,C,202406030303
タンゴノアール,2021104256,C,202406030303
カリプソ,2021100504,C,202406030303
ダイクロアイト,2021105524,B,202406030303
ミルクギモーヴ,2021107260,D,202406030303
トーアマリシテン,2021105335,C,202406030303
アイビーサムライオ,2021100740,B,202406030303
レオボヌール,2021102945,B,202406030303
イモータルバード,2021100674,B,202406030303
オメガジェットマン,2021105266,B,202406030303
ブリックス,2021100024,B,202406030303
ベルブリエ,2021106639,B,202406030304
アヌーク,2021103577,B,202406030304
ケイツーセディ,2021107216,D,202406030304
リヴァーダンス,2021106338,C,202406030304
エリカポラリス,2021103739,B,202406030304
アノヒノアヤマチ,2021102448,C,202406030304
ドリームチェイサー,2021104002,C,202406030304
バロックパール,2021106036,C,202406030304
フォルクスリート,2021105571,B,202406030304
ドングリコロコロ,2021103333,D,202406030304
ニシノヴィヴィ,2021100948,C,202406030304
マンウォル,2021103744,B,202406030304
グランバイオレット,2021102055,C,202406030304
モリノカリーナ,2021104821,C,202406030304
グランジュール,2021102105,B,202406030304
シールビーライト,2021106517,C,202406030304
ワカミヤノミコト,2021101030,C,202406030306
クーアフュルスト,2021104949,B,202406030306
グレイトマジック,2021104157,C,202406030306
グロバーテソーロ,2021101147,B,202406030306
フォレストゲート,2021101950,C,202406030306
ニシノネライウチ,2021100185,C,202406030306
ミーハ,2021104410,D,202406030306
ダイアヴィック,2021107069,C,202406030306
シーヴェット,2021103988,D,202406030306
ナックレインボー,2021104032,C,202406030306
サイレントヴォイス,2021105017,C,202406030306
ギュウニュウ,2021103163,D,202406030306
リスターロッチ,2021106012,C,202406030306
ホウオウプラージュ,2020102708,C,202406030307
ヒルズカーン,2020106166,C,202406030307
マイネルキング,2019100759,B,202406030307
ブレイゼスト,2020100631,B,202406030307
ファルコンミノル,2020104748,B,202406030307
バーミリオンクリフ,2019105566,B,202406030307
タマモエイトビート,2019106954,C,202406030307
トゥルース,2020104479,B,202406030307
ブッシュテソーロ,2020102380,C,202406030307
マンマリアーレ,2020100761,B,202406030307
ブレードキング,2020106385,B,202406030307
スペシャリスト,2020101572,B,202406030307
タケルルーク,2020106279,C,202406030307
クリノフラッグ,2019101187,C,202406030307
ブレイクザアイス,2019103219,C,202406030307
コースタルテラス,2019105344,B,202406030307
アイファーエポック,2019101325,C,202406030310
サパテアール,2019102514,B,202406030310
フォーワンセルフ,2019102163,B,202406030310
トーセンクライスト,2019104467,B,202406030310
ティアップリオン,2018103133,B,202406030310
ストライク,2020105869,B,202406030310
カンピオーネ,2019100286,B,202406030310
サイモンソーラン,2019102341,C,202406030310
イエローウィン,2019104321,C,202406030310
ナンヨーヴィヨレ,2018105748,B,202406030310
ヨンク,2016102412,C,202406030310
ショウナンガロ,2020105372,B,202406030310
スズカルビコン,2018106368,C,202406030310
メイショウカゲカツ,2019104044,C,202406030310
ジャスパーバローズ,2020100665,B,202406030310
キャロライナリーパ,2018105102,B,202406030312
ビートエモーション,2019110120,B,202406030312
パイアイヤー,2020105327,B,202406030312
ゴレイジョウ,2020106336,C,202406030312
ハッピーパンニャ,2020104340,C,202406030312
オルガンザ,2017104773,C,202406030312
カイザーブリッツ,2020106384,C,202406030312
キングダラス,2020101387,B,202406030312
ダイチラファール,2019102469,C,202406030312
ブリラーノ,2019102783,B,202406030312
チャコワールド,2019102953,C,202406030312
ノーブルヴィクター,2020103769,B,202406030312
ゲキザル,2019102102,B,202406030312
ハジメテノチュウ,2019104141,D,202406030312
ロギッシュ,2020106695,C,202406030312
クィーンアドバンス,2017100141,B,202406030312
ラフォンターナ,2021103474,B,202406030401
サノノゴールド,2021102067,B,202406030401
メイオリビア,2021109101,C,202406030401
マイネルコンポート,2021106817,B,202406030401
ウインクリード,2021106223,C,202406030401
アウストラリス,2021103030,B,202406030401
タイセイマイウェイ,2021103694,C,202406030401
サンロレンツォ,2021106759,D,202406030401
ロードインフェルノ,2021101201,C,202406030401
カマクラバクフ,2021106435,B,202406030401
ザロック,2021106845,B,202406030401
フジサンワイシーシ,2021100669,C,202406030401
ノアファラオ,2021104358,C,202406030401
ブルーストレイル,2021106078,B,202406030402
ドンタカーミ,2021103133,C,202406030402
ムーンウォーク,2021106425,C,202406030402
アカキチノイレブン,2021104644,C,202406030402
リンクスプリエール,2021106398,D,202406030402
ダイヤモンドアツシ,2021103904,B,202406030402
レオスパーク,2021102658,B,202406030402
エイシンポップ,2021103962,C,202406030402
マインドブロン,2021104632,B,202406030402
ペイシプリンプリン,2021102023,C,202406030402
ミツカネエリーズ,2021100455,B,202406030402
リンクスクードボル,2021104004,B,202406030402
ノブノリッキー,2021104117,B,202406030402
ノーブルゲイル,2021104283,C,202406030402
ホウオウフロイト,2021103549,C,202406030402
ゴールドジューク,2021106875,C,202406030402
トモジャシャトー,2021101041,B,202406030403
カラーオブワンダー,2021102790,D,202406030403
スオードカット,2021100716,B,202406030403
アラブル,2021100950,C,202406030403
リュウノアラー,2021104525,C,202406030403
ボムポット,2021100870,C,202406030403
グッドエクスプレス,2021106062,C,202406030403
レッドスフェーン,2021105308,C,202406030403
ムーンヘイロー,2021107321,B,202406030403
ブルズアイ,2021100466,C,202406030403
シグムンド,2021106353,C,202406030403
ダイオジェナイト,2021105432,B,202406030403
ヤマトホマレ,2021101058,B,202406030403
ウインラムセス,2021101530,C,202406030403
イリディセント,2021105614,B,202406030407
ディアスポラ,2021102498,B,202406030407
ピュアキアン,2021107001,B,202406030407
フラムブランシュ,2021100929,B,202406030407
ダイヤモンドナイツ,2021107238,C,202406030407
アムールドパリ,2021105264,B,202406030407
キングベルベット,2021104320,B,202406030407
インペリアルモート,2021102352,C,202406030407
ゴールドアローン,2021106874,B,202406030407
レゲエビーチ,2021110151,B,202406030407
ニシノアウェイク,2021107089,B,202406030407
カフェアローロ,2021100469,B,202406030407
コスモヴィーコ,2021106773,B,202406030407
オーケーソニック,2021103823,B,202406030407
メイプルタピット,2021103140,B,202406030407
ハンデンカイザー,2021102456,C,202406030407
フレンチギフト,2019103210,B,202406030410
リバートゥルー,2020102703,C,202406030410
マナウス,2019103791,C,202406030410
フラッパールック,2020103127,A,202406030410
ミファヴォリート,2019105455,B,202406030410
ラニカイ,2019100635,B,202406030410
クレメダンジュ,2020105627,C,202406030410
ガウラ,2020102195,C,202406030410
メイショウオーロラ,2020101209,B,202406030410
フォレストキャット,2018103391,C,202406030410
クインズミモザ,2018101742,B,202406030410
ヘニータイフーン,2020104675,C,202406030410
コンスタンティン,2019101291,B,202406030410
スノーグレース,2019105185,B,202406030410
プレミアムスマイル,2019105256,B,202406030410
ドライゼ,2019104768,B,202406030410
キョウエイカンフ,2020100363,B,202406030412
ジェットマックス,2017110156,B,202406030412
サウスジェラート,2018104022,C,202406030412
シルヴァーゴースト,2020106750,B,202406030412
シャインフォール,2019101359,C,202406030412
コスモルーテウス,2019100800,B,202406030412
ニットウバジル,2020106782,B,202406030412
スティルディマーレ,2020103366,B,202406030412
ピカリエ,2019104288,B,202406030412
ダークンストーミー,2020100656,B,202406030412
トウカイファクター,2019103692,C,202406030412
ムーヴ,2019101759,B,202406030412
キュムロンニンバス,2018106597,C,202406030412
クラウンブラヴォー,2020101422,B,202406030412
キングクー,2019102321,B,202406030412
アイファースキャン,2020101271,C,202406030412
ブレイクショット,2021103011,C,202406030501
セイウンウィズミー,2021102941,C,202406030501
タガノフレミング,2021106552,C,202406030501
ルーフオブヘヴン,2021104874,C,202406030501
ココケイ,2021104263,C,202406030501
サンキャメロン,2021107262,C,202406030501
ショーヴァロンス,2021103908,B,202406030501
カンタベリーローズ,2021105949,C,202406030501
ペータース,2021101536,B,202406030501
リヴィングカラー,2021101065,C,202406030501
クーデピンヌ,2021101317,C,202406030501
ファイアンス,2021106454,B,202406030501
ダリボルカ,2021105115,C,202406030501
アイリータイム,2021104546,C,202406030501
ポウナム,2021103027,B,202406030502
サンスイシサン,2021106315,B,202406030502
ヴェサリウス,2021104401,B,202406030502
ガラシュ,2021104519,C,202406030502
ビックス,2021107086,C,202406030502
レオスパーク,2021102658,C,202406030502
ニシノデスティーノ,2021106995,B,202406030502
フォルスタクラス,2021101739,B,202406030502
ミッキーイーグル,2021101491,C,202406030502
ゲッワイエンタン,2021107293,B,202406030502
プレイフォーエフ,2021103571,C,202406030502
マニーブルース,2021102752,B,202406030502
マーゴットエクラ,2021102925,B,202406030502
ギャップウェッジ,2021100245,C,202406030502
バッファローライズ,2021103754,B,202406030502
アイスブレイカー,2021103332,C,202406030502
ショウナンハルク,2021103895,B,202406030503
パンジャ,2021105155,B,202406030503
ランドマックス,2021100251,B,202406030503
プルナチャンドラ,2021100329,C,202406030503
ユアグローリー,2021104794,B,202406030503
ウェーブロック,2021105815,B,202406030503
マグナレガリア,2021106574,B,202406030503
ナムラカメジロー,2021104305,B,202406030503
ローンウルフ,2021104112,C,202406030503
シャッフル,2021103216,C,202406030503
スパイキーボウ,2021105273,C,202406030503
グランドフォレスト,2021103651,C,202406030503
アイランドピーク,2021101363,C,202406030504
ボエーム,2021100475,B,202406030504
ナナイロノユメ,2021101358,C,202406030504
メイショウソムリエ,2021102980,B,202406030504
マジカルステップ,2021100743,B,202406030504
ナムラバンチー,2021101826,B,202406030504
スラーヴァ,2021103916,B,202406030504
クリノジーニアス,2021101855,C,202406030504
シモグリ,2021104303,C,202406030504
カシノレッヒエルン,2021100812,D,202406030504
サニイアール,2021103052,B,202406030504
ミルキーメモリー,2021103917,C,202406030504
ネオステラス,2021101105,C,202406030504
ジェットブレイク,2021100637,B,202406030504
デビルシズカチャン,2021105553,C,202406030504
ヨッコサン,2021103441,C,202406030504
キタノコンドル,2021101969,C,202406030506
プラクティコ,2021101423,C,202406030506
プルメリアクヒオ,2021103208,C,202406030506
グランアルザン,2021100841,C,202406030506
ウインドファルクス,2021103482,C,202406030506
ウィウィルウィン,2021102347,C,202406030506
ロードレヴェランス,2021100155,B,202406030506
マルチライセンス,2021105673,B,202406030506
エムアイマシュー,2021103623,C,202406030506
カミノケンシン,2021109071,C,202406030506
カシノテンダー,2021109143,B,202406030506
クレアツィオーネ,2021102427,C,202406030506
ニシノリアリティ,2021100184,C,202406030506
キングオリヴァー,2021105851,C,202406030506
アルヴィア,2021106965,C,202406030506
ジョータルマエ,2020100771,B,202406030508
ウインアラジン,2019106069,C,202406030508
カズラポニアン,2019105148,C,202406030508
キープブライトン,2020101008,B,202406030508
リオンエトワール,2020102589,D,202406030508
トゥザヒロイン,2019105314,C,202406030508
ジーククローネ,2020103537,C,202406030508
ピュアマークス,2020106164,B,202406030508
ローレルキャニオン,2020103329,B,202406030508
エミサソウツバサ,2019104882,B,202406030508
イデアユウシン,2020106549,C,202406030508
アズマサクラエモン,2020101396,B,202406030508
フクノエヴリー,2019101533,D,202406030508
ネイチャーシップ,2018102917,C,202406030508
リネンマンボ,2020101457,C,202406030508
ジャスパーワールド,2020110107,B,202406030508
アラゴナイト,2018101214,C,202406030509
アポロプラネット,2019101264,B,202406030509
ウィンダミア,2019106808,C,202406030509
マイアミュレット,2019106730,B,202406030509
エコロアレス,2020110136,B,202406030509
サイモンギフト,2020100639,C,202406030509
ディアサクセサー,2020103074,B,202406030509
カイタロー,2019103063,B,202406030509
アイスマン,2018101817,C,202406030509
ヤングワールド,2020101230,B,202406030509
ダラムキャッスル,2020101560,B,202406030509
アンスリウム,2020102636,B,202406030509
ニシノラーナ,2019103261,C,202406030509
アロットドリーム,2020106611,B,202406030509
コウソクカレン,2018104971,B,202406030509
ダイシンウィット,2017101562,C,202406030509
デイズオブドリーム,2020103079,B,202406030512
チェイスザウェイ,2020104111,B,202406030512
ダニエラハニー,2019105674,C,202406030512
エスジースパークル,2020100130,C,202406030512
ツインクルトーズ,2020103915,C,202406030512
セロンテソーロ,2020109134,C,202406030512
スマイルアップ,2019103815,C,202406030512
トーアスカーレット,2019105008,B,202406030512
サクラファシナンテ,2018104014,B,202406030512
ホウオウジュビリー,2020103710,C,202406030512
フリントロック,2020103844,B,202406030512
アニトラ,2020102679,B,202406030512
プラティクレール,2020103900,B,202406030512
ロザシアニン,2019100097,C,202406030512
シエラメンテ,2019101462,B,202406030512
カリカ,2019105580,C,202406030512
マリノルージュ,2021101261,B,202406030601
キャンディタフト,2021103062,C,202406030601
ビューティビースト,2021101109,D,202406030601
スマイルサミット,2021107153,C,202406030601
ユニヴェールアン,2021102617,D,202406030601
チェリッシュ,2021104135,C,202406030601
ジーズデイズ,2021104134,C,202406030601
クルシファー,2021102451,C,202406030601
オオゾラヒバリ,2021101793,B,202406030601
クールブルーダイヤ,2021100355,D,202406030601
ピュアバブル,2021103829,B,202406030601
ミスファントム,2021100053,C,202406030601
ペレストリーナ,2021100129,C,202406030601
ニシノシンク,2021107081,C,202406030601
クミンフレイバー,2021107237,C,202406030601
キタノジョンヌ,2021102030,D,202406030601
クロスザウォール,2021100424,B,202406030602
グランナヴィール,2021101779,C,202406030602
インターシア,2021100644,B,202406030602
ジェンマ,2021101210,C,202406030602
ゲインサポート,2021104590,C,202406030602
マンダレー,2021101071,B,202406030602
サッチャーテソーロ,2021102282,C,202406030602
ダックリン,2021100755,C,202406030602
オルセー,2021102012,C,202406030602
ジョードプル,2021100065,C,202406030602
オウケンシルヴァー,2021103017,C,202406030602
キタノヒコボシ,2021101893,C,202406030602
タキザクラ,2021100180,B,202406030602
ベルベストランナー,2021103591,B,202406030602
ノリサムソン,2021106291,B,202406030603
コトブキローズ,2021105323,D,202406030603
ハナチルサト,2021106474,C,202406030603
ロケットホームラン,2021102264,B,202406030603
ストライクオン,2021102912,B,202406030603
ロコウォリアー,2021106971,C,202406030603
ナムラベロニカ,2021104307,C,202406030603
シェリングフォード,2021103111,B,202406030603
ヨリナエスポワール,2021102671,B,202406030603
フラーケン,2021101917,C,202406030603
ジュンフィレンツェ,2021107270,B,202406030603
ユイノコドウ,2021106569,B,202406030603
ラッキーラン,2021106968,C,202406030603
クールソル,2021104325,B,202406030603
レッドレナート,2021103145,C,202406030603
シュウズダイヤ,2021104934,B,202406030603
ボーイハンター,2021104987,C,202406030606
コスモインシスト,2021106772,B,202406030606
クラウンシエンタ,2021101253,C,202406030606
カシマエスパーダ,2021106014,B,202406030606
アルデドゥオーモ,2021100361,C,202406030606
ネオシルバー,2021106063,B,202406030606
モンサンアクシア,2021101446,B,202406030606
ミツカネジェミニ,2021106896,B,202406030606
サンドブラスト,2021106941,B,202406030606
ミルトパワー,2021103691,B,202406030606
ウインイメル,2021106213,B,202406030606
ソウルアンドジャズ,2021106694,C,202406030606
ロジアデレード,2021105360,B,202406030606
クレイヴィンオナー,2021104576,B,202406030606
ローズパンラズナ,2021101407,B,202406030606
オーケーバーディー,2021100980,B,202406030606
ダスク,2020106953,B,202406030609
ルーラーリッチ,2020102793,B,202406030609
クリーンドリーム,2018100440,B,202406030609
ワカミヤプレスト,2019104546,B,202406030609
ガンウルフ,2020110120,B,202406030609
サトミノマロン,2019101661,B,202406030609
ソッコータルマカ,2020101591,C,202406030609
エイトワン,2020110112,B,202406030609
アトラクティーボ,2019100641,C,202406030609
シュガーコルト,2019106364,C,202406030609
コルサファターレ,2020103318,B,202406030609
ケリーズノベル,2019105300,B,202406030609
モディカ,2019110125,C,202406030609
コパノパサディナ,2020100829,B,202406030611
ジャスパーウィン,2015110066,B,202406030611
マイステージ,2018105877,B,202406030611
シアージスト,2019110009,B,202406030611
オセアダイナスティ,2018102362,C,202406030611
スズカコテキタイ,2019105967,B,202406030611
メディーヴァル,2018102360,C,202406030611
ケイアイロベージ,2018103819,B,202406030611
クリノガウディー,2016103690,C,202406030611
パライバトルマリン,2020110126,C,202406030611
メズメライザー,2019101894,B,202406030611
ファーンヒル,2019106293,B,202406030611
サイクロトロン,2017105282,B,202406030611
ジレトール,2019105972,B,202406030611
エターナルプライド,2019102312,B,202406030612
ゲンパチリベロ,2018106588,B,202406030612
ターゲサンブルック,2019105649,B,202406030612
ロードマゼラン,2019103036,B,202406030612
クリスプブリーズ,2020103923,C,202406030612
スカパラダイス,2020105730,C,202406030612
アイベラ,2020102671,B,202406030612
ゲットアップ,2018100720,C,202406030612
チェリーロシアン,2020100859,C,202406030612
マンダリンボレロ,2020101655,B,202406030612
フランコルシャン,2020105884,C,202406030612
トリグラフ,2019103410,B,202406030612
アイソウザスター,2018103319,C,202406030612
サトミノエガオ,2021104959,C,202406030701
キリングパート,2021102018,C,202406030701
ゴールデンスイープ,2021105062,C,202406030701
ラブリエスト,2021106866,B,202406030701
ツクバアプローズ,2021100211,C,202406030701
サユリバナ,2021102970,B,202406030701
ドリーミーガール,2021103359,C,202406030701
メルメルメー,2021104218,D,202406030701
ジェイエルマリーナ,2021101822,C,202406030701
ポジティブスピン,2021103516,C,202406030701
ミスサン,2021107068,B,202406030701
バロックパール,2021106036,B,202406030701
ニシノサイエン,2021107003,C,202406030701
マケズギライ,2021102516,B,202406030701
サクセスビクトリー,2021104251,C,202406030701
クミンフレイバー,2021107237,C,202406030701
ミーハ,2021104410,D,202406030702
トキメキタロー,2021100282,D,202406030702
ムーンヘイロー,2021107321,C,202406030702
トントンプー,2021109052,B,202406030702
トクシージェネラル,2021107279,B,202406030702
ボムポット,2021100870,B,202406030702
グラッシー,2021100302,C,202406030702
カンタベリーローズ,2021105949,C,202406030702
ガルニエ,2021100395,C,202406030702
アイビーサムライオ,2021100740,B,202406030702
アムレートゥム,2021103566,B,202406030702
ダンツティアラ,2021104314,B,202406030702
カリプソ,2021100504,C,202406030702
ナックアテナ,2021105148,B,202406030703
ザッフェラーノ,2021101207,C,202406030703
エイシンポップ,2021103962,C,202406030703
ゲンブ,2021106890,B,202406030703
アイアンパシュート,2021100108,C,202406030703
ライズタイガ,2021101357,C,202406030703
マニーブルース,2021102752,C,202406030703
ジャスパーサン,2021107366,C,202406030703
ジーズデイズ,2021104134,,202406030703
スリーボビー,2021103742,B,202406030703
キングクレオール,2021100506,B,202406030703
ニシノデスティーノ,2021106995,C,202406030703
タッカーバレット,2021103994,B,202406030703
ポカポカタイム,2021106715,,202406030703
ギガストーム,2021106256,B,202406030703
アグリアス,2021105672,C,202406030704
グアラニア,2021103051,B,202406030704
サンマルミッション,2021107331,C,202406030704
ゼフィールエレ,2021105946,B,202406030704
シャドウルパン,2021104797,C,202406030704
ジョリーメモリー,2021104072,B,202406030704
タンゴノアール,2021104256,B,202406030704
カラーオブワンダー,2021102790,C,202406030704
エーアイキリシマ,2021104083,C,202406030704
バスターウルフ,2021103038,B,202406030704
マホガニー,2021107152,C,202406030704
グッドイナフ,2021106575,B,202406030704
マコタイガ,2021101356,D,202406030706
ジュレブランシュ,2021104781,B,202406030706
シャパリュ,2021104786,B,202406030706
ダイヤモンドナイツ,2021107238,B,202406030706
グラウンドビート,2021105120,B,202406030706
ロードブレイズ,2021100162,C,202406030706
トーセンレスター,2021105515,B,202406030706
プレジール,2021106209,C,202406030706
スプレーフォール,2021107266,B,202406030706
アクションプラン,2020100116,B,202406030710
ゴールドバランサー,2020105835,B,202406030710
クインズミモザ,2018101742,B,202406030710
ストライク,2020105869,B,202406030710
レッドプロフェシー,2020101579,B,202406030710
タイセイスラッガー,2018100821,C,202406030710
ビシャモンテン,2018101370,D,202406030710
オンザライン,2018104646,B,202406030710
ホウオウバリスタ,2019106030,B,202406030710
トップスティール,2019106387,B,202406030710
グランサバナ,2020103289,B,202406030710
モズマゾク,2018101075,C,202406030710
オレデイイノカ,2018101243,B,202406030710
アイファーテイオー,2020101275,C,202406030710
クリノアルバトロス,2020101983,C,202406030712
デュードメール,2019105399,B,202406030712
ナスノカンゲツ,2020109094,A,202406030712
ミロワール,2019100566,B,202406030712
ニルカンタテソーロ,2017102872,C,202406030712
コンクエスト,2019100657,B,202406030712
キョウエイカンフ,2020100363,B,202406030712
リッキーヤスオカ,2019101673,B,202406030712
アイファースキャン,2020101271,B,202406030712
ブルーダイヤカフェ,2017104560,B,202406030712
ドンレパルス,2019100553,C,202406030712
ハヤブサジェット,2020105049,B,202406030712
キュムロンニンバス,2018106597,D,202406030712
ターニングアップ,2018101894,C,202406030712
サザンステート,2019101185,C,202406030712
ピークブルーム,2021103311,C,202406030801
グランコネクシオン,2021105123,C,202406030801
ムメ,2021106184,C,202406030801
ミドリタツ,2021105258,B,202406030801
ウインルリアン,2021104332,C,202406030801
セイウンチドリ,2021102685,B,202406030801
チーチャン,2021102825,C,202406030801
ビアンケット,2021105882,B,202406030801
ルミナスビューティ,2021103294,D,202406030801
キガタレイ,2021104386,C,202406030801
インフレイサー,2021103824,B,202406030801
メイショウコオロギ,2021102867,D,202406030801
キリシマエール,2021107116,,202406030801
ソノパッツァディテ,2021102757,C,202406030801
タウンホール,2021101697,B,202406030801
ソウキュウ,2021106800,C,202406030801
フェスティヴルディ,2021106899,C,202406030802
スグラフィート,2021104127,B,202406030802
ホウオウフロイト,2021103549,D,202406030802
ソニックロプロス,2021104038,B,202406030802
ベアエンジェル,2021100213,C,202406030802
ニシノヤングマン,2021101052,B,202406030802
アイズ,2021107154,B,202406030802
エクセルブラック,2021104491,C,202406030802
テイエムエール,2021103395,C,202406030802
シバノテンテン,2021106459,C,202406030802
マケタラアカン,2021103101,B,202406030802
オメガレジェンド,2021103530,C,202406030802
スマイルサミット,2021107153,C,202406030802
サンリコリス,2021101299,C,202406030802
サウンドルミネ,2021106181,C,202406030802
ユイノコドウ,2021106569,C,202406030802
ラフォンターナ,2021103474,B,202406030803
カポデテュティカピ,2021110043,C,202406030803
オメガナビゲーター,2021105247,C,202406030803
ホウオウフェイント,2021103481,B,202406030803
フィージビリティー,2021106626,B,202406030803
マジックライン,2021106966,D,202406030803
デルマヴェーダ,2021101986,B,202406030803
アメリカンランナー,2021110121,B,202406030803
ロンギングガバーナ,2021100111,C,202406030803
ウインクリード,2021106223,C,202406030803
アイカムインピース,2021110034,B,202406030803
テリフィックプラン,2021110127,B,202406030803
ビスクウィザード,2021105269,C,202406030803
ハクシュ,2021107009,B,202406030803
グラスフェロー,2021103906,C,202406030803
クインズポラリス,2021102371,B,202406030805
チャコール,2021103257,B,202406030805
モンレーヴ,2021101394,B,202406030805
インビンシブルパパ,2021110164,B,202406030805
スピードパンサー,2021104079,B,202406030805
カルフ,2021103342,C,202406030805
キタノソワレ,2021106421,C,202406030805
ヒストリアイ,2021110062,C,202406030805
タッカー,2021102049,C,202406030805
ヨーカイディスコ,2021101535,B,202406030805
シークレットヴァウ,2021102413,C,202406030805
トーアアイギス,2021105334,B,202406030805
ブルスケッタ,2021100410,C,202406030805
イーサンハンター,2021104362,B,202406030805
ヴェルトラウム,2021104903,B,202406030805
アイムプラウド,2021102362,B,202406030805
エメリヨン,2020103120,B,202406030806
クリノフラッグ,2019101187,C,202406030806
ラップスター,2020110104,B,202406030806
マンマリアーレ,2020100761,B,202406030806
ヒルズカーン,2020106166,C,202406030806
クールシェルタ,2019103204,B,202406030806
ポイズンアロウ,2019110073,B,202406030806
サクラジェンヌ,2019106678,C,202406030806
クリスプブリーズ,2020103923,C,202406030806
トゥピ,2020106776,B,202406030806
キュピドン,2020110065,C,202406030806
ランスノーブル,2020101250,B,202406030806
タマモエイトビート,2019106954,B,202406030806
グレースレニー,2020100786,C,202406030806
ウッドショック,2019106923,C,202406030806
クィーンアドバンス,2017100141,C,202406030807
スイッチオン,2020106221,C,202406030807
ゲキザル,2019102102,C,202406030807
グランフォーブル,2020101303,B,202406030807
バンブトンプロ,2020106562,B,202406030807
イーデンテソーロ,2020102384,C,202406030807
キョウジ,2018105297,C,202406030807
ブレーヴトライ,2018103862,B,202406030807
エスジースパークル,2020100130,C,202406030807
ナンヨーノサラ,2020103050,C,202406030807
サノノウォーリア,2020102156,C,202406030807
コウユーママニニテ,2019101435,B,202406030807
ホウオウマーメイド,2020103894,C,202406030807
スーパーリベロ,2020104132,C,202406030807
ゴットリープ,2020101319,B,202406030807
ニシノピウモッソ,2020105492,B,202406030807
ヤウガウ,2017105433,C,202406030809
デルマタモン,2018100976,C,202406030809
ヴァナルガンド,2020104567,B,202406030809
シゲルカミカゼ,2020102077,B,202406030809
ショウナンカブト,2020104107,B,202406030809
ローズピリオド,2019100764,B,202406030809
パーサヴィアランス,2019105330,B,202406030809
ジャックパール,2020101508,C,202406030809
シェットランド,2020103566,B,202406030809
レディベル,2019106527,B,202406030809
エスティメート,2019102648,C,202406030809
カンピオーネ,2019100286,B,202406030809
イージーオンミー,2020101143,B,202406030809
ライラスター,2019105336,C,202406030809
ユイノオールイン,2022102732,C,202406040103
ニシノコヌカアメ,2022100879,C,202406040103
コスモシェルベット,2022106785,C,202406040103
ピカピカサンダー,2022105979,B,202406040103
ハコダテサンバ,2022102105,C,202406040103
パースウェイド,2022105803,B,202406040103
オオタチ,2022101234,B,202406040103
ダイウン,2022102366,D,202406040103
ダブルメッセージ,2022106337,D,202406040103
トランスミッション,2022106928,C,202406040103
カージオイド,2022104062,B,202406040103
リネンドライブ,2022101185,C,202406040103
ナインオブレター,2022106926,C,202406040104
ソシエテトウショウ,2022104071,C,202406040104
フクライキリシマ,2022107136,C,202406040104
クエンカ,2022105682,C,202406040104
セイウンスペリオル,2022107097,C,202406040104
ビーラブドウィッチ,2022104017,B,202406040104
インパルアスール,2022101262,C,202406040104
スマートブル,2022100497,B,202406040104
トウバツ,2022102313,C,202406040104
ハルサメ,2022107294,C,202406040104
ウインレアリゼ,2022106235,C,202406040104
コパノヴィンセント,2022107047,B,202406040104
ヴィジブルライト,2022104860,C,202406040104
ジェントルショット,2022105867,B,202406040104
マカセナハレ,2022103454,C,202406040104
テイエムシェボン,2022101931,C,202406040104
ダニエラハニー,2019105674,C,202406040106
サベージラヴ,2021103748,B,202406040106
スマートメイプル,2020104545,C,202406040106
カフェブルーム,2020103552,C,202406040106
レグザゴン,2021103513,B,202406040106
カルネヴァーレ,2021103720,B,202406040106
エスグラシア,2019105830,C,202406040106
イリュージョン,2020103975,C,202406040106
ラヴァグロウ,2020103937,C,202406040106
ラインアンジェラ,2020103999,C,202406040106
イルザ,2019102736,C,202406040106
ヨッコサン,2021103441,B,202406040106
ステラヴェルデ,2021109085,B,202406040106
オーブルクール,2021103095,B,202406040106
チェルシー,2021106724,C,202406040106
ナンヨーノサラ,2020103050,C,202406040106
プレミアペガサス,2020104020,B,202406040108
ウンガイソウテン,2021104456,B,202406040108
ブリスフル,2021106070,C,202406040108
バンドネオン,2020103520,C,202406040108
フォーディアライフ,2021104770,B,202406040108
ボエーム,2021100475,C,202406040108
コッレヴェッキオ,2021105730,B,202406040108
ダイヤモンドナイツ,2021107238,B,202406040108
ワイドブリザード,2021104416,B,202406040108
ターコイズデュー,2020101377,C,202406040108
クラウンシエンタ,2021101253,B,202406040108
アッティラ,2020102185,C,202406040108
ダンツティアラ,2021104314,B,202406040108
アスプリージャ,2021100761,B,202406040108
コトブキヘスペラス,2020100209,B,202406040108
バンブトンプロ,2020106562,B,202406040112
ゴットリープ,2020101319,C,202406040112
タイセイアーメット,2018101198,C,202406040112
ニシノルミリオン,2021106994,B,202406040112
オコジュ,2020101265,B,202406040112
エコロヴァルム,2021103529,C,202406040112
ソニックロプロス,2021104038,C,202406040112
マインドマイワーズ,2021103515,B,202406040112
グランプレジール,2019105338,B,202406040112
ハッピーサプライズ,2021106395,D,202406040112
ゴールデンシーカー,2019100899,C,202406040112
メモリーグラス,2020107095,B,202406040112
エコロエイト,2021110104,C,202406040112
ムコウジマランプ,2020104623,B,202406040112
シャーンゴッセ,2020106930,C,202406040112
レイデルマール,2018101744,B,202406040112
ジークマインド,2022107319,C,202406040201
スリーピース,2022104972,B,202406040201
モンサンオブライト,2022100199,C,202406040201
ジャスパーソレイユ,2022110111,B,202406040201
ユリヤテソーロ,2022102270,C,202406040201
サノノロンドン,2022101314,B,202406040201
ノアプレスリー,2022107087,C,202406040201
フラッシュポイント,2022104609,B,202406040201
アルカナエ,2022105767,D,202406040203
タイヨウフレア,2022105844,C,202406040203
ダンツファイター,2022102982,B,202406040203
ペイシャアル,2022102288,C,202406040203
フォンデネージュ,2022105100,B,202406040203
レジェンダイズ,2022105530,C,202406040203
グレイスザクラウン,2022105776,C,202406040203
ダイヤノエース,2022100124,C,202406040203
ドリフトウッド,2022103317,C,202406040203
トレインザマインド,2022104766,B,202406040203
ゴンクール,2022103564,B,202406040203
コスモコンフェルマ,2022100526,C,202406040203
スーパーキティ,2022105943,B,202406040203
ブラーブデシジョン,2022103763,B,202406040203
キタノショウリュウ,2022102042,C,202406040203
ウインハルモニア,2022105610,C,202406040203
コンテソレーラ,2021105449,B,202406040204
デリシュレーヌ,2018101497,B,202406040204
ノーブルアクト,2020104744,B,202406040204
サクラジェンヌ,2019106678,B,202406040204
アイウィルビー,2021106573,C,202406040204
デイズオブドリーム,2020103079,B,202406040204
サンダーアリュール,2021109069,B,202406040204
イーストウィッチ,2021105406,C,202406040204
アステロイドメア,2020101709,C,202406040204
ミツカネヴィーナス,2019100844,C,202406040204
サンロレンツォ,2021106759,B,202406040204
エンジェリックアイ,2020103008,B,202406040204
ビップレーヌ,2021100886,C,202406040204
スウィーヴェモワ,2020106637,B,202406040204
アムールドパリ,2021105264,B,202406040204
エーリアル,2021104856,B,202406040204
オーサムデアラー,2020102952,B,202406040206
エスペラード,2021101776,D,202406040206
キボウノホシ,2019101165,B,202406040206
イノセンス,2020100072,B,202406040206
タッカー,2021102049,B,202406040206
レッツリブオン,2019104135,B,202406040206
ミスエル,2021106986,B,202406040206
レッドレナート,2021103145,B,202406040206
ゲキザル,2019102102,D,202406040206
シークレットヴァウ,2021102413,B,202406040206
ダイチジェム,2021100625,C,202406040206
ヴィクトリーロード,2020103931,C,202406040206
グランドライズ,2018103159,C,202406040206
イスラアズール,2021103552,C,202406040206
イルディヴィーノ,2020103349,B,202406040206
ベルウッドワン,2021100641,B,202406040206
フユソウビ,2021104496,C,202406040208
ヒカルエリザベス,2021104487,C,202406040208
クリスプブリーズ,2020103923,C,202406040208
コスモヴィーコ,2021106773,C,202406040208
マーゴットミニモ,2020100655,C,202406040208
フィッツジェラルド,2021105305,B,202406040208
コレクテイニア,2020110020,C,202406040208
ロードインフェルノ,2021101201,B,202406040208
ミニョンルミエール,2019104303,C,202406040208
ジャクソン,2020104354,C,202406040208
シルヴァティカ,2020103046,C,202406040208
トリオンファーレ,2020102771,C,202406040208
カムランベイ,2020101803,B,202406040208
ブライテストドーン,2020102956,B,202406040208
カンジ,2021110108,B,202406040208
スライスヘリテージ,2020100508,B,202406040208
ターニングアップ,2018101894,C,202406040212
アーサーテソーロ,2019106581,C,202406040212
トモジャミ,2020105246,C,202406040212
カイザーブリッツ,2020106384,C,202406040212
スイートカルデア,2018105803,C,202406040212
キョウエイカンフ,2020100363,C,202406040212
アラカザーム,2018102338,B,202406040212
キュムロンニンバス,2018106597,C,202406040212
ウィンダミア,2019106808,B,202406040212
ザアトム,2019101266,C,202406040212
サイモンギフト,2020100639,B,202406040212
インビンシブルパパ,2021110164,A,202406040212
コラリン,2019105476,B,202406040212
ブシン,2021110055,B,202406040212
ヤングワールド,2020101230,C,202406040212
エイトビートレター,2022107018,C,202406040301
キタノフローラ,2022100821,C,202406040301
グランシャット,2022105968,C,202406040301
セラード,2022106024,C,202406040301
ラブミーハーパー,2022106260,C,202406040301
セイウングレイ,2022100399,B,202406040301
アルデショワ,2022106648,B,202406040301
ユリ,2022106490,C,202406040301
ニシノコイネガイ,2022100677,C,202406040301
ポップグルーヴ,2022103443,C,202406040301
サードウインド,2022104546,B,202406040301
チュラット,2022103892,C,202406040301
ネーブルオレンジ,2022105431,B,202406040301
ハニーアイリー,2022103036,B,202406040301
アルカナエ,2022105767,C,202406040302
マイネルラカイユ,2022104538,C,202406040302
ヴィーデ,2022100548,B,202406040302
ニューファウンド,2022104643,B,202406040302
バレアリックシー,2022105358,B,202406040302
ノーブルプライム,2022104280,C,202406040302
ギリギリバイター,2022100592,B,202406040302
スマートクオーレ,2022102058,B,202406040302
ナックシュバリエ,2022105307,C,202406040302
キタノエーシン,2022100032,C,202406040302
マーレリアン,2022104422,B,202406040302
シャイニーシップ,2022101937,C,202406040302
ソリッドスフィア,2022100546,B,202406040304
ガイ,2022101140,B,202406040304
オストラヴァ,2022105456,B,202406040304
テンペストーソ,2022101784,B,202406040304
ダイタエリュシオン,2022101733,D,202406040304
キョウキランブ,2022103115,B,202406040304
フィーチャリング,2022105824,B,202406040304
ノイシュタット,2022105371,B,202406040304
テルケンレングレー,2022102016,C,202406040304
リアルショット,2022105598,B,202406040304
ミスレモン,2022103834,C,202406040304
ヴェネチアンレース,2022104700,C,202406040304
ラブリーウィザード,2022106654,B,202406040304
ハシリマッセ,2022106067,C,202406040304
バギーウィップ,2022102987,A,202406040304
ラントレイル,2022106359,C,202406040304
メイプルリーフラグ,2020103527,C,202406040306
シュヴァルツリーベ,2020106101,B,202406040306
クィーンアドバンス,2017100141,C,202406040306
リオサラ,2021103454,B,202406040306
ホーリーブライト,2021102458,B,202406040306
オリビアジュテーム,2020100714,B,202406040306
フォルクスリート,2021105571,B,202406040306
ゼンノツキヨミ,2021106983,B,202406040306
シエラメンテ,2019101462,B,202406040306
サクラファシナンテ,2018104014,B,202406040306
パイアイヤー,2020105327,C,202406040306
ノーブルミステリー,2020106429,B,202406040306
クイーンオブソウル,2020102995,B,202406040306
マケズギライ,2021102516,C,202406040306
ロザシアニン,2019100097,C,202406040306
ラッキーガブリエル,2019102439,C,202406040306
ムーランブルー,2020101341,C,202406040308
クレイヴィンオナー,2021104576,B,202406040308
ダノンアーリー,2019105376,B,202406040308
クリスプブリーズ,2020103923,C,202406040308
トロピカルタウン,2020105456,C,202406040308
キタノマキシム,2021100514,B,202406040308
シグムンド,2021106353,B,202406040308
サクセスパルス,2020101126,C,202406040308
タキザクラ,2021100180,B,202406040308
タナバタ,2021105969,C,202406040308
タイセイアディクト,2021106126,B,202406040308
ベルフィーヌ,2021104754,C,202406040308
サイモンポーリア,2018101166,C,202406040308
グレースレニー,2020100786,C,202406040308
ネオシルバー,2021106063,B,202406040308
フォーワンセルフ,2019102163,C,202406040309
ロードマゼラン,2019103036,C,202406040309
トゥルブレンシア,2017103184,C,202406040309
コンソレーション,2018104874,C,202406040309
コロンドール,2017105253,C,202406040309
サトミノマロン,2019101661,B,202406040309
メイプルタピット,2021103140,B,202406040309
サトノトルネード,2020103463,B,202406040309
ネイチャーシップ,2018102917,C,202406040309
ハローサブリナ,2019104644,C,202406040309
トクシースタローン,2019103728,B,202406040309
ヴォーグマチネ,2018101662,C,202406040309
コウユーパパニニテ,2019100119,C,202406040309
マコトヴィクラント,2020104940,C,202406040309
クリーンドリーム,2018100440,C,202406040309
カフェカルマ,2019103309,C,202406040309
ナスノカンゲツ,2020109094,B,202406040311
ビルカール,2020105250,C,202406040311
オーガスタスカイ,2019105161,B,202406040311
ユリーシャ,2020105285,B,202406040311
トーアアイギス,2021105334,B,202406040311
エティエンヌ,2019105761,B,202406040311
ロレンツォ,2018103341,B,202406040311
アジアノジュンシン,2018101145,B,202406040311
タイセイブリリオ,2019101005,B,202406040311
ケイアイアニラ,2020104228,B,202406040311
エレガントムーン,2020103643,B,202406040311
クールムーア,2020100056,C,202406040311
オーロベルディ,2019103162,B,202406040311
スマートアイ,2020106877,B,202406040311
エコロガイア,2021110056,B,202406040311
グリュースゴット,2018104392,C,202406040311
ヨドノエース,2022100350,C,202406040401
ツクバスマイリー,2022101788,C,202406040401
リュウノワールド,2022106702,C,202406040401
ジョイナーテソーロ,2022102267,B,202406040401
カウンターセブン,2022104197,C,202406040401
ルージュアマリア,2022105762,C,202406040401
イサチルカムカム,2022102698,B,202406040401
レイオーバー,2022103311,C,202406040401
クリアクォーツ,2022101587,C,202406040401
ビレッジルミエール,2022101760,B,202406040401
サノノワンダー,2022102039,B,202406040401
トウバツ,2022102313,,202406040401
ドピエッタ,2022101993,C,202406040403
カイトヴィント,2022102991,C,202406040403
オンザバサラ,2022105377,B,202406040403
リネンフラッシュ,2022101174,B,202406040403
ガストフロント,2022103029,C,202406040403
レッドソニード,2022105403,C,202406040403
サノノロンドン,2022101314,C,202406040403
トモジャー,2022104059,C,202406040403
エルオレンス,2022101060,B,202406040403
アメージング,2022107287,B,202406040403
キミオモウハナ,2022105335,B,202406040403
キタノラブミー,2022104465,C,202406040403
リュキア,2022107167,C,202406040403
エリカリーシャン,2021105478,B,202406040406
ディアスポラ,2021102498,C,202406040406
エウロス,2021100825,C,202406040406
オセアトップガン,2021105722,C,202406040406
ウッドショック,2019106923,C,202406040406
インオービット,2020105510,C,202406040406
サノノゴールド,2021102067,B,202406040406
グロリアスヒーロー,2019105755,C,202406040406
コスモオピニオン,2020101258,B,202406040406
ジェンマ,2021101210,B,202406040406
デフィニティーボ,2021105929,B,202406040406
ユイノコキュウ,2021106583,B,202406040406
ロフティーイデアル,2020102607,B,202406040406
カシノカンピオーネ,2021100516,C,202406040406
オブシディアン,2020100307,C,202406040406
ミレニアムヒロイン,2021103480,C,202406040406
ゴールデンオスカー,2021101235,C,202406040407
レッツリブオン,2019104135,C,202406040407
キャッチザロマンス,2020102835,C,202406040407
レッドセニョール,2021105779,B,202406040407
サミアド,2021109086,B,202406040407
マイネルディレクト,2021106805,C,202406040407
マーゴットエクラ,2021102925,,202406040407
オリエンタルキング,2019100069,B,202406040407
シントーハナノボス,2021103953,B,202406040407
マーシヴィガラス,2020104099,C,202406040407
ニシノヴィヴィ,2021100948,C,202406040407
ニシノルミリオン,2021106994,C,202406040407
ヒメカミノイタダキ,2019101794,B,202406040407
グローブフェイム,2020104105,C,202406040407
マイアミュレット,2019106730,B,202406040409
カンパニョーラ,2019104385,B,202406040409
カンザシ,2019106704,B,202406040409
ターニングアップ,2018101894,C,202406040409
ロープスピニング,2019104952,B,202406040409
キュムロンニンバス,2018106597,C,202406040409
アイズ,2021107154,B,202406040409
セントラルヴァレー,2021110161,B,202406040409
トーセンニック,2018105647,B,202406040409
サザンステート,2019101185,B,202406040409
ネバレチュゴー,2020106983,B,202406040409
エコロアレス,2020110136,B,202406040409
トウカイファクター,2019103692,B,202406040409
ルコルセール,2018105452,B,202406040411
ミスティックロア,2020110075,B,202406040411
ザイツィンガー,2016103730,B,202406040411
カフジオクタゴン,2019105656,B,202406040411
タイセイドレフォン,2019105308,C,202406040411
ミファヴォリート,2019105455,B,202406040411
パライバトルマリン,2020110126,B,202406040411
リキサントライ,2018101796,C,202406040411
ヒップホップソウル,2020102942,B,202406040411
ブレイクフォース,2019105604,B,202406040411
アウトレンジ,2020105621,B,202406040411
ブライアンセンス,2020106565,B,202406040411
サンマルレジェンド,2018106259,C,202406040411
ケイアイシェルビー,2018101739,B,202406040411
クリノアイオライト,2022101855,D,202406040503
タイセイフランク,2022100207,C,202406040503
スマートテンペスト,2022102734,B,202406040503
チートメジャー,2022100734,C,202406040503
アラシヲヨブオトコ,2022103735,B,202406040503
テイエムシェボン,2022101931,C,202406040503
カルデライト,2022104778,B,202406040503
ケイツーギルダー,2022100918,B,202406040503
シャトーペリオット,2022101337,C,202406040503
ブルドッグキング,2022101616,C,202406040503
キスメット,2022103335,C,202406040503
ウインレアリゼ,2022106235,C,202406040503
ミトノキャット,2022107279,B,202406040503
ピコニ,2021101727,B,202406040507
ダイオジェナイト,2021105432,B,202406040507
エッグスラット,2020102792,B,202406040507
フルラインナップ,2020104797,C,202406040507
バロネッサ,2021105788,B,202406040507
レボルシオン,2021103500,C,202406040507
ミラクルキャッツ,2020103676,B,202406040507
キタノチェロキー,2020105498,B,202406040507
フィリップ,2021102797,B,202406040507
ナイトスピアー,2020102347,C,202406040507
ドバイブルース,2021105182,B,202406040507
ニューバラード,2021105692,B,202406040508
マウンテンエース,2020104452,B,202406040508
クロックフォード,2020102805,B,202406040508
サングラデーション,2020102864,C,202406040508
マコタイガ,2021101356,B,202406040508
リヴィングカラー,2021101065,C,202406040508
エミサソウツバサ,2019104882,C,202406040508
ヒットアンドロール,2021104974,B,202406040508
グロバーテソーロ,2021101147,B,202406040508
ユアフラッシュ,2020102594,C,202406040508
ブロンディール,2020104670,C,202406040508
エアロソニック,2021100409,B,202406040508
アイファーグローブ,2019101330,C,202406040509
エリンアキレウス,2020105361,C,202406040509
グラシアス,2020101873,C,202406040509
パーサヴィアランス,2019105330,C,202406040509
ライラスター,2019105336,C,202406040509
ササヤキ,2020101811,C,202406040509
イルミネーター,2017105895,B,202406040509
イスカンダル,2019103346,C,202406040509
コトホドサヨウニ,2021103306,B,202406040509
キュピドン,2020110065,B,202406040509
スプレーフォール,2021107266,B,202406040509
サイモンソーラン,2019102341,B,202406040509
オセアバトルプラン,2020100060,C,202406040509
テリフィックプラン,2021110127,B,202406040509
トーセンクライスト,2019104467,B,202406040509
ジャックパール,2020101508,D,202406040509
パワポケビー,2019107007,B,202406040512
グラスブランシュ,2021103588,B,202406040512
スーパーリベロ,2020104132,C,202406040512
マリンバンカー,2021103129,B,202406040512
エコロセブン,2021103370,C,202406040512
ホウオウジュビリー,2020103710,B,202406040512
コスモジョセフ,2020105277,C,202406040512
クインズポラリス,2021102371,B,202406040512
ダイチラファール,2019102469,D,202406040512
ファンユー,2021103894,C,202406040512
サリーチャン,2019107032,C,202406040512
オルガンザ,2017104773,C,202406040512
シウン,2019105420,C,202406040512
タイセイアーメット,2018101198,C,202406040512
イルザ,2019102736,C,202406040512
ノーブルゲイル,2021104283,B,202406040512
シュレン,2022102380,C,202406040601
カンタベリーバイク,2022105947,C,202406040601
ブラックトルネード,2022106418,C,202406040601
キタノライブリー,2022106471,C,202406040601
ミトノキャット,2022107279,C,202406040601
アイスフィールド,2022103330,C,202406040601
リネンドライブ,2022101185,C,202406040601
ブルドッグガール,2022100241,C,202406040601
スリーピース,2022104972,B,202406040601
ヨドノエース,2022100350,C,202406040601
ポップグルーヴ,2022103443,C,202406040601
パナランギン,2022102337,C,202406040603
リュウジンマル,2022105883,C,202406040603
パーティーガール,2022106420,B,202406040603
フジレイメイ,2022100306,C,202406040603
ニシノゲルマニウム,2022107103,D,202406040603
エクセルステート,2022106242,B,202406040603
テンワンダーマン,2022104065,B,202406040603
バタール,2022104601,C,202406040603
ブラックホーネット,2022100480,D,202406040603
チェリースカヤ,2022100316,C,202406040603
エコロルキナ,2022101341,B,202406040603
ミラクルミッキー,2022102695,B,202406040603
スノークルーズ,2022104699,B,202406040603
ロンパイア,2022103708,D,202406040603
ムタビリス,2022102568,C,202406040603
クラインシュミット,2022101462,B,202406040603
ウヌボレヤサン,2021104052,B,202406040607
パープルナイト,2020101412,A,202406040607
タニセンドリーム,2021106057,C,202406040607
カシノカンピオーネ,2021100516,,202406040607
ロードブライト,2019103021,B,202406040607
マイモーメント,2020106865,B,202406040607
ヤマニンクイッカー,2019102777,B,202406040607
タリスマン,2021104618,B,202406040607
レオエンプレス,2021100060,B,202406040607
イモータルバード,2021100674,B,202406040607
ホルトバージ,2021102905,B,202406040607
サンカルミア,2021101305,B,202406040607
ポップスター,2021100179,B,202406040607
マッスルバック,2021103809,B,202406040607
チェイスザドリーム,2019105968,B,202406040611
アーバンイェーガー,2014102562,C,202406040611
ロードベイリーフ,2017103005,C,202406040611
マイステージ,2018105877,C,202406040611
サクセスローレル,2019102454,C,202406040611
パウオレ,2019100242,B,202406040611
メズメライザー,2019101894,B,202406040611
オメガシンフォニー,2020103892,B,202406040611
ナックドロップス,2019103274,C,202406040611
スズカコテキタイ,2019105967,B,202406040611
ジュンウィンダム,2020106062,B,202406040611
サンライズアムール,2019101633,B,202406040611
ハコダテブショウ,2018101878,D,202406040611
アドバンスファラオ,2020110106,B,202406040611
シゲルホサヤク,2018103362,B,202406040611
コルデアニル,2020103154,C,202406040612
ルナビス,2020106579,B,202406040612
エスシーヤマト,2021100845,B,202406040612
メイショウポペット,2020106896,B,202406040612
バガリーロータス,2021101602,B,202406040612
メイショウホオズキ,2018100595,B,202406040612
デルマオシダシ,2020102809,B,202406040612
シグナルファイアー,2020101228,C,202406040612
メジャーデビュー,2021100446,C,202406040612
ピュアグルーヴ,2020103444,B,202406040612
エンセリオ,2021100300,C,202406040612
エールミネルヴァ,2020102680,B,202406040612
ウィンターダフネ,2020103246,C,202406040612
ナックダンス,2020106024,C,202406040612
イージーオンミー,2020101143,B,202406040612
マンマリアーレ,2020100761,B,202406040612
スーパーキティ,2022105943,B,202406040701
トウバツ,2022102313,C,202406040701
ロベルタカリーナ,2022104139,B,202406040701
ヒサエノオモカゲ,2022101710,B,202406040701
デアルーチェ,2022105039,C,202406040701
ディペンダブル,2022105685,C,202406040701
バーニングフレーム,2022106409,C,202406040701
ビップジェシー,2022103776,C,202406040701
タイヨウフレア,2022105844,C,202406040701
ドピエッタ,2022101993,,202406040701
パブリックビーナス,2022104668,C,202406040701
エルバステラ,2022105145,C,202406040701
アイファーシャドー,2022104259,D,202406040704
ドントゥザムーン,2022101863,B,202406040704
アルパインハット,2022101661,C,202406040704
ユーウェイン,2022104539,C,202406040704
ボンジュールゼン,2022102651,C,202406040704
クインズマドレーヌ,2022103867,B,202406040704
モモクロオー,2022106103,C,202406040704
サブアトミック,2022101636,B,202406040704
アイビーガオー,2022100039,C,202406040704
クリノマックイーン,2022102012,D,202406040704
マジカルレインボー,2022107290,C,202406040704
チハヤフル,2022100508,C,202406040704
タルバン,2022103319,C,202406040704
ライストン,2022104744,B,202406040704
フレッシュラン,2022102995,B,202406040704
クラウンシエンタ,2021101253,B,202406040706
リーゼントジャンボ,2018104268,C,202406040706
コッレヴェッキオ,2021105730,B,202406040706
エコロブレード,2021103713,B,202406040706
スライスヘリテージ,2020100508,C,202406040706
ペイシャイン,2021107303,C,202406040706
グッドエクスプレス,2021106062,B,202406040706
ベイビールビオ,2019103592,C,202406040706
ホウオウベリテ,2019105753,C,202406040706
ダイヤモンドナイツ,2021107238,C,202406040706
マイショウチャン,2020102207,C,202406040706
サトノラッシュ,2019106576,B,202406040706
レーザーショー,2021105111,B,202406040708
サンランシング,2018100298,C,202406040708
ゲキザル,2019102102,C,202406040708
オコジュ,2020101265,B,202406040708
サルモン,2020105983,B,202406040708
アベベ,2021109113,B,202406040708
レイニングキャット,2021106666,C,202406040708
ジェイエルバルカー,2020100131,B,202406040708
ナファロア,2021105150,B,202406040708
イスラアズール,2021103552,C,202406040708
クィーンアドバンス,2017100141,C,202406040708
カフェベラノッテ,2019103308,C,202406040708
フクシマジョワイユ,2021103368,C,202406040708
リリージェーン,2020106353,B,202406040708
キボウノホシ,2019101165,B,202406040708
スマートオリーブ,2019104059,B,202406040708
アイファーエポック,2019101325,B,202406040710
デルマオニキス,2017100811,C,202406040710
ヨリノサファイヤ,2020102315,C,202406040710
オンザライン,2018104646,B,202406040710
カランセ,2019105634,C,202406040710
クインズミモザ,2018101742,B,202406040710
ホウオウカブキ,2020103543,B,202406040710
グランサバナ,2020103289,C,202406040710
トラモント,2017105506,C,202406040710
サノノエスポ,2020102161,B,202406040710
オメガタキシード,2020102988,B,202406040710
ヒューゴ,2020102345,B,202406040710
トップスティール,2019106387,C,202406040710
オレデイイノカ,2018101243,B,202406040710
チュウワキャリア,2021102295,B,202406040712
ダークンストーミー,2020100656,B,202406040712
キャプテンローレル,2019100051,C,202406040712
セリエル,2021104547,B,202406040712
ニジュウダンサー,2020102439,B,202406040712
インビンシブルパパ,2021110164,B,202406040712
ネグレスコ,2021103214,B,202406040712
グレタ,2019102761,B,202406040712
ライブリームーラン,2020106407,B,202406040712
コブラ,2019102654,B,202406040712
ドンレパルス,2019100553,B,202406040712
ルクスメテオール,2020102186,B,202406040712
メモリーグラス,2020107095,B,202406040712
ショウナンアビアス,2020104597,B,202406040712
バサラ,2020104129,B,202406040712
クエンカ,2022105682,C,202406040803
オートマティック,2022106034,C,202406040803
サムシャイン,2022105823,B,202406040803
ピコブルー,2022101739,C,202406040803
ラントレイル,2022106359,D,202406040803
コスモシェルベット,2022106785,B,202406040803
カージオイド,2022104062,B,202406040803
ワサンノタイカ,2022102080,C,202406040803
プロフェータ,2022101061,B,202406040803
ダブルメッセージ,2022106337,D,202406040803
ブラーブデシジョン,2022103763,B,202406040803
ダイタエリュシオン,2022101733,C,202406040803
シバノストムキット,2022107348,C,202406040803
トルショー,2022103766,B,202406040803
ムーンストラック,2022104187,C,202406040803
テクニコス,2022105412,C,202406040803
シュガープリンセス,2022107296,C,202406040806
タドウリョク,2022104373,C,202406040806
イクアンロー,2022105596,C,202406040806
レディココア,2022103658,C,202406040806
ダブルスチール,2022102632,C,202406040806
テルユアワールド,2022104998,C,202406040806
ハッピービバーク,2022100618,C,202406040806
エイシンキャロッツ,2022100104,C,202406040806
クラリフィエ,2022107327,C,202406040806
ホープリュミエール,2022101904,C,202406040806
ピコピンク,2022101754,C,202406040806
リクエイ,2022101398,B,202406040806
ベルエアキング,2022104961,B,202406040806
キーソナタ,2022102570,B,202406040806
ヤマビコ,2022107137,C,202406040806
カネショウレジェン,2022102790,B,202406040806
メダルラッシュ,2020102668,C,202406040807
ランスノーブル,2020101250,C,202406040807
サクラジェンヌ,2019106678,C,202406040807
ミニョンルミエール,2019104303,C,202406040807
ワタシデイイデスカ,2020105282,C,202406040807
スウィーヴェモワ,2020106637,B,202406040807
ブエナディオサ,2019106938,C,202406040807
モデルハント,2021103912,B,202406040807
ミツカネヴィーナス,2019100844,C,202406040807
アステロイドメア,2020101709,B,202406040807
ゴールドアローン,2021106874,B,202406040807
アイウィルビー,2021106573,C,202406040807
スペシャリスト,2020101572,C,202406040807
リプレイ,2021104371,B,202406040807
ビップレーヌ,2021100886,B,202406040807
サツキノジョウ,2021105789,B,202406040807
ドナレア,2021101864,B,202406040808
レジーナローズ,2020104174,C,202406040808
インファンタ,2021101225,C,202406040808
カサブランカキッド,2020104936,C,202406040808
オーサムデアラー,2020102952,B,202406040808
ヘレンキムゼー,2019104560,B,202406040808
ヒストリアイ,2021110062,B,202406040808
アシャカデュメ,2021102066,B,202406040808
タイセイピューマ,2021106119,B,202406040808
ニシノトレンディー,2020105940,C,202406040808
エコロエイト,2021110104,C,202406040808
コスモジョセフ,2020105277,C,202406040808
トロピカルヒーロー,2020104960,B,202406040808
バロン,2021105974,B,202406040808
ワタシダケドナニカ,2020103918,C,202406040808
ルフレーヴ,2020104490,B,202406040808
レヴィテーション,2021107259,B,202406040812
キョウエイカンフ,2020100363,B,202406040812
マーシヴィガラス,2020104099,B,202406040812
ロジヴィクトリア,2019100567,B,202406040812
アイアムユウシュン,2021103204,B,202406040812
ニーナブランド,2020100272,B,202406040812
スティルディマーレ,2020103366,C,202406040812
サトノガレオン,2020101567,B,202406040812
カンパニョーラ,2019104385,B,202406040812
ニットウバジル,2020106782,D,202406040812
エスパダアスール,2018103430,B,202406040812
ヴェサリウス,2021104401,B,202406040812
カンザシ,2019106704,B,202406040812
ヨーカイディスコ,2021101535,B,202406040812
コラリン,2019105476,B,202406040812
ムーム,2021103061,C,202406040812
ベイビーキッス,2022102514,C,202406040901
ガストフロント,2022103029,B,202406040901
ミラクルミッキー,2022102695,B,202406040901
リアルショット,2022105598,C,202406040901
サラサエンペラー,2022102967,C,202406040901
シキ,2022104046,C,202406040901
ロジディーズ,2022106575,D,202406040901
スマートブル,2022100497,B,202406040901
ベルリネッタ,2022101426,B,202406040901
バブルギャラクシー,2022107292,C,202406040901
ドリフトウッド,2022103317,D,202406040901
レイオーバー,2022103311,B,202406040901
インパルアスール,2022101262,B,202406040901
ラブミーハーパー,2022106260,C,202406040901
ジョイナーテソーロ,2022102267,C,202406040901
ミヤマテウス,2022103769,C,202406040901
キタノライジン,2021104561,C,202406040904
スート,2021101652,C,202406040904
グランコネクシオン,2021105123,C,202406040904
ブッシュテソーロ,2020102380,C,202406040904
リーゼノアール,2020104750,C,202406040904
フィリップ,2021102797,B,202406040904
ロードイモータル,2020101681,C,202406040904
ミツカネジェミニ,2021106896,B,202406040904
ザロック,2021106845,B,202406040904
コスモオピニオン,2020101258,C,202406040904
ジャクソン,2020104354,B,202406040904
ダンツティアラ,2021104314,B,202406040904
ブレットフライ,2019104005,B,202406040904
ダイタジャスティス,2021102954,C,202406040904
グローリーアテイン,2021104950,B,202406040904
アスプリージャ,2021100761,B,202406040904
シャーンゴッセ,2020106930,B,202406040906
ガラスノブルース,2021104276,B,202406040906
グレイスカリヨン,2020100558,C,202406040906
クリノサンバ,2019106964,C,202406040906
グリモワール,2019102371,C,202406040906
タッカー,2021102049,C,202406040906
ゴレイジョウ,2020106336,C,202406040906
イロハニオエ,2019100354,B,202406040906
ダイチジェム,2021100625,C,202406040906
エコロヴァルム,2021103529,C,202406040906
マイネルディレクト,2021106805,B,202406040906
ラヴァグロウ,2020103937,C,202406040906
ウェンダヴズクライ,2020104086,C,202406040906
パレスドフィーヌ,2021105373,B,202406040906
ベニシア,2021100662,C,202406040906
チェルシー,2021106724,B,202406040906
リリーブライト,2018104841,B,202406040908
ミッキーメテオ,2017105587,B,202406040908
アーサーテソーロ,2019106581,C,202406040908
オラヴェリタス,2019103584,C,202406040908
デフィニティーボ,2021105929,B,202406040908
ブレイゼスト,2020100631,B,202406040908
エリンアキレウス,2020105361,B,202406040908
デルマオシダシ,2020102809,C,202406040908
カンジ,2021110108,B,202406040908
シゲルカミカゼ,2020102077,D,202406040908
ウンガイソウテン,2021104456,B,202406040908
アラレタバシル,2021107192,B,202406040908
デルマアートマン,2021104992,C,202406040908
ペプチドヤマト,2019103605,B,202406040912
アウグスト,2019100284,C,202406040912
ハヤブサジェット,2020105049,B,202406040912
ダノンミカエル,2020101632,B,202406040912
グッドウッドガイ,2019105709,B,202406040912
ケイアイメープル,2017103575,C,202406040912
グランフォーブル,2020101303,C,202406040912
ブシン,2021110055,B,202406040912
レヴール,2019100614,C,202406040912
ガビーズシスター,2021104461,B,202406040912
ウナギノボリ,2019107016,B,202406040912
サザンエルフ,2019102011,B,202406040912
モナルヒ,2019100723,C,202406040912
タマモダイジョッキ,2018104332,B,202406040912
ホワイトガーベラ,2019101295,B,202406040912
ドラゴンゴクウ,2019105587,B,202406040912
ロッキンミー,2022107050,B,202406050101
ビレッジルミエール,2022101760,D,202406050101
エソテリック,2022103340,C,202406050101
セラード,2022106024,C,202406050101
サンラグナベルデ,2022101324,B,202406050101
ミトノキャット,2022107279,B,202406050101
リュウジンマル,2022105883,C,202406050101
ユウオウマイシン,2022106921,C,202406050101
サノノアメリカン,2022103425,C,202406050101
ライヴドライバー,2022105609,C,202406050101
キタノエーシン,2022100032,D,202406050101
カーティブヨーク,2022102321,B,202406050101
リネンドライブ,2022101185,C,202406050101
ナンゴクトップガン,2022109121,D,202406050101
チュラット,2022103892,C,202406050101
ニッシンゲッポ,2022102356,B,202406050101
フラワーデュエット,2022104690,B,202406050102
バーニングフレーム,2022106409,C,202406050102
フレイザーテソーロ,2022102268,C,202406050102
タドウリョク,2022104373,D,202406050102
ラーナローザ,2022102785,B,202406050102
リュミナーズ,2022101465,C,202406050102
ディペンダブル,2022105685,B,202406050102
ネクストダンサー,2022103753,B,202406050102
イグニススピリタス,2022101653,B,202406050102
トキメキジニア,2022100323,D,202406050102
スノークルーズ,2022104699,C,202406050102
ゴールドシャーク,2022101917,C,202406050102
ラナイ,2022105960,C,202406050102
トウカイクレオス,2022102825,C,202406050102
ダカラフェスティヴ,2022104378,B,202406050102
クインズマドレーヌ,2022103867,B,202406050102
トンヤイビーン,2022103116,B,202406050104
ロングウェイホーム,2022101634,B,202406050104
ギンガエクスプレス,2022106161,C,202406050104
ソラトブツバメ,2022107274,C,202406050104
アースソーナー,2022101116,C,202406050104
サトミノエンジェル,2022101389,B,202406050104
トレインザマインド,2022104766,B,202406050104
フジレイメイ,2022100306,C,202406050104
モンサンフリージア,2022103801,C,202406050104
チェリースカヤ,2022100316,C,202406050104
エオアリイ,2022103222,B,202406050104
ファミーユウルーズ,2022107021,C,202406050104
ラルフテソーロ,2022102269,B,202406050104
シリウスライト,2022101042,C,202406050104
カージオイド,2022104062,B,202406050104
オリーブグリーン,2022105694,B,202406050106
フレイム,2022102129,C,202406050106
サザリーバスター,2022105088,B,202406050106
フィールオーサム,2022105925,B,202406050106
メイショウコウベ,2022105940,B,202406050106
トーアナカヨシ,2022105901,C,202406050106
ジーティービート,2022102606,C,202406050106
エテオクロス,2022105459,B,202406050106
キョウエイタイコ,2022107156,C,202406050106
ラファヴォリット,2022103003,C,202406050106
ハバナローズ,2022106149,C,202406050106
グールマン,2022102801,B,202406050106
タイキクリエイター,2022103142,B,202406050106
ブリラーノ,2019102783,C,202406050107
ダノンマカルー,2021105965,B,202406050107
スイッチオン,2020106221,C,202406050107
ゴールデンシーカー,2019100899,C,202406050107
ニシノジーク,2021107062,C,202406050107
エイシンホイップ,2021100088,C,202406050107
タッカー,2021102049,B,202406050107
ルージュアズライト,2020101610,B,202406050107
ガラスノブルース,2021104276,B,202406050107
カサブランカキッド,2020104936,B,202406050107
エクトゥシュタール,2020100206,D,202406050107
クイーンオブソウル,2020102995,B,202406050107
コウユーユメノヨウ,2021101194,C,202406050107
ゲキザル,2019102102,B,202406050107
ヘレンキムゼー,2019104560,B,202406050107
ラヴァグロウ,2020103937,C,202406050107
オールマキシマム,2020100387,B,202406050110
サイモンソーラン,2019102341,C,202406050110
トリグラフ,2019103410,B,202406050110
アイファーグローブ,2019101330,C,202406050110
エリンアキレウス,2020105361,B,202406050110
タンゴバイラリン,2021105272,B,202406050110
メジャーデビュー,2021100446,C,202406050110
エクストラノート,2017103267,D,202406050110
サクラトップリアル,2021104159,B,202406050110
ジャスパーバローズ,2020100665,B,202406050110
スプレーフォール,2021107266,C,202406050110
クーアフュルスト,2021104949,B,202406050110
ホウオウプレミア,2019105041,C,202406050110
パーサヴィアランス,2019105330,C,202406050110
シンヨモギネス,2018103711,B,202406050110
スターオブガイア,2022100533,C,202406050201
コットンフラワー,2022101365,B,202406050201
グレイトフルトップ,2022107140,D,202406050201
ミルトオーケストラ,2022100987,C,202406050201
モーニングスター,2022106335,C,202406050201
レーヴレジェンド,2022101409,B,202406050201
ディラードテソーロ,2022102273,C,202406050201
キタノライブリー,2022106471,D,202406050201
イサチルカムカム,2022102698,C,202406050201
フェスティヴレッツ,2022100243,C,202406050201
ダングラール,2022105288,B,202406050201
サードウインド,2022104546,B,202406050201
ダイチラポール,2022100076,C,202406050201
クールマーロウ,2022100841,C,202406050201
モルフェヴォロンテ,2022103836,C,202406050201
ゼロファイター,2022101237,D,202406050201
ダブルメッセージ,2022106337,C,202406050202
ニシノブレイゼスト,2022107011,B,202406050202
カイトリヒト,2022103076,C,202406050202
センノアバドン,2022102044,C,202406050202
スティーヴバローズ,2022104201,B,202406050202
ノーブルプライム,2022104280,C,202406050202
カゼノタカトシ,2022107226,B,202406050202
ベイビーベリッシモ,2022102728,B,202406050202
レジェンダイズ,2022105530,B,202406050202
バタール,2022104601,B,202406050202
カンタベリーバイク,2022105947,C,202406050202
ロイヤルカスタマー,2022103162,C,202406050202
ネオシャクナゲ,2022106080,C,202406050202
イトウ,2022106693,B,202406050202
マンボルンバ,2022105297,C,202406050202
ピジョンポイント,2022103514,B,202406050202
サイモンシュバリエ,2022102223,C,202406050204
フレーズボンボン,2022102352,B,202406050204
グリームスター,2022103030,C,202406050204
タマモクロッシェ,2022103980,C,202406050204
ブラックビート,2022107131,C,202406050204
マニーシーン,2022102031,C,202406050204
アスコットロマン,2022101287,D,202406050204
トニケンサンバ,2022104490,B,202406050204
ジェイエルケープ,2022101820,C,202406050204
エウクレイア,2022103572,C,202406050204
バースフラワー,2022102527,C,202406050204
フェスタリア,2022100028,B,202406050204
ゴールデンサンダー,2022107286,D,202406050204
エリュテイア,2022101212,C,202406050204
ノーシーリング,2022102093,C,202406050204
ブラックトルネード,2022106418,C,202406050206
ケイツーギルダー,2022100918,B,202406050206
ベンメリア,2022103321,C,202406050206
フレッシュラン,2022102995,C,202406050206
ルークススペイ,2022101543,B,202406050206
ヴァリアントマーチ,2022105689,C,202406050206
オカメノコイ,2022106698,B,202406050206
モジャーリオ,2022106603,B,202406050206
ゴメンネジロー,2022100819,B,202406050206
ランスノーブル,2020101250,B,202406050207
メラヴィリオーザ,2020101920,B,202406050207
カフェアローロ,2021100469,B,202406050207
グランコネクシオン,2021105123,B,202406050207
キャンディレイ,2021104845,B,202406050207
アステロイドメア,2020101709,B,202406050207
サツキノジョウ,2021105789,B,202406050207
ベルフィーヌ,2021104754,C,202406050207
ミツカネヴィーナス,2019100844,B,202406050207
ロフティーイデアル,2020102607,B,202406050207
イッツナッシング,2021103040,B,202406050207
サンロレンツォ,2021106759,B,202406050207
ミランカ,2021101002,C,202406050207
ペンティメント,2020102641,B,202406050210
コンティノアール,2020103785,B,202406050210
スズノテレサ,2019104861,B,202406050210
カシノブレンド,2016100297,C,202406050210
バンドマスター,2020103519,B,202406050210
アイファーエポック,2019101325,C,202406050210
クインズミモザ,2018101742,D,202406050210
グランツアーテム,2018106693,B,202406050210
リフレクトザムーン,2021104635,C,202406050210
エスティメート,2019102648,B,202406050210
グラウンドビート,2021105120,B,202406050210
スノーグレース,2019105185,B,202406050210
メイショウカゲカツ,2019104044,B,202406050210
サンカルパ,2019105329,C,202406050210
マンマリアーレ,2020100761,C,202406050210
メイショウオーロラ,2020101209,B,202406050210
ドンデンガエシ,2020103500,C,202406050212
バサラ,2020104129,B,202406050212
シークレットヴァウ,2021102413,B,202406050212
ピカリエ,2019104288,B,202406050212
ワークソング,2021102462,B,202406050212
ヒストリアイ,2021110062,B,202406050212
ニルアドミラリ,2018110134,C,202406050212
サザンステート,2019101185,B,202406050212
アメリカンマーチ,2021110136,B,202406050212
アイアムユウシュン,2021103204,B,202406050212
トモジャミ,2020105246,B,202406050212
プルスウルトラ,2018106613,B,202406050212
ダラムキャッスル,2020101560,B,202406050212
グレタ,2019102761,B,202406050212
ショウナンアビアス,2020104597,B,202406050212
マイネルディレクト,2021106805,B,202406050212
コスモシンテイ,2022106782,C,202406050301
ポップグルーヴ,2022103443,B,202406050301
ユリオプスイエロー,2022103370,C,202406050301
フェリスナビダ,2022103329,C,202406050301
ヴィンブルレー,2022104758,C,202406050301
コウソクグルーヴ,2022104876,B,202406050301
セイカエイレーネー,2022106296,D,202406050301
ブルーオブウインド,2022106405,C,202406050301
スマイルディシー,2022104271,D,202406050301
イエスユイキャン,2022106595,B,202406050301
ピエノダモーレ,2022106234,C,202406050301
サスペンスクィーン,2022101343,C,202406050301
ミヤマイルス,2022103758,B,202406050301
ミリオンヒット,2022103562,B,202406050301
パーティーガール,2022106420,C,202406050301
ジュリスタ,2022101145,B,202406050301
ノイシュタット,2022105371,B,202406050302
グリーンエリクサー,2022103399,C,202406050302
オストラヴァ,2022105456,B,202406050302
アイアンオバーカム,2022100587,C,202406050302
ボンボニエーレ,2022104477,C,202406050302
ロードスカイブルー,2022100557,B,202406050302
ルグランヴァン,2022105775,B,202406050302
フィーチャリング,2022105824,B,202406050302
スマートクオーレ,2022102058,C,202406050302
クラインシュミット,2022101462,C,202406050302
セミコンダクター,2022100473,D,202406050302
アリアルブラック,2022105278,B,202406050302
ガトリンテソーロ,2022102271,C,202406050304
ジーティートゥルー,2022105487,D,202406050304
オタマジャクシ,2022106494,B,202406050304
グラスビジョン,2022102229,D,202406050304
キャバリエクエスト,2022107159,C,202406050304
ランフォザプライド,2022105261,B,202406050304
アイオリア,2022104310,C,202406050304
ロンパイア,2022103708,C,202406050304
ミスティマウンテン,2022101684,C,202406050304
ショウナンタハティ,2022103911,C,202406050304
ヒソカ,2022104334,C,202406050304
スティーヴバローズ,2022104201,C,202406050304
シナツヒメ,2022106431,B,202406050306
アンタンシオン,2022100146,C,202406050306
サーフプラチナム,2022100738,C,202406050306
クインズエクレア,2022104536,B,202406050306
エファセデリエール,2022105221,C,202406050306
カシマスウィープ,2022101090,C,202406050306
ランメルスベルグ,2022104795,B,202406050306
シルフラ,2022107077,B,202406050306
プラウドモーメント,2022105016,B,202406050306
ヴァイオパイシーズ,2022105217,C,202406050306
キラフォーニア,2022103152,C,202406050306
タマモカンパネラ,2022104512,C,202406050306
サンドブラスト,2021106941,B,202406050308
アースイオス,2021102555,C,202406050308
ファイントパーズ,2021107212,C,202406050308
サンキャメロン,2021107262,B,202406050308
ブレットフライ,2019104005,C,202406050308
バンドネオン,2020103520,C,202406050308
レゲエビーチ,2021110151,B,202406050308
スカパラダイス,2020105730,C,202406050308
ナチュラルリバー,2020102559,C,202406050308
ドバイブルース,2021105182,B,202406050308
エッグスラット,2020102792,B,202406050308
クレイヴィンオナー,2021104576,B,202406050308
セザンワールド,2020106051,C,202406050308
ソレルビュレット,2021110061,B,202406050308
ベイビールビオ,2019103592,C,202406050308
ホウオウベルクソン,2021105767,B,202406050308
オウバイトウリ,2021105606,B,202406050310
ムーヴ,2019101759,B,202406050310
ブルーシンフォニー,2018100693,C,202406050310
グランフォーブル,2020101303,C,202406050310
ウナギノボリ,2019107016,C,202406050310
グラスシフォン,2020103985,C,202406050310
メイショウフジタカ,2018105860,B,202406050310
グッドウッドガイ,2019105709,B,202406050310
メイショウイジゲン,2018106391,C,202406050310
アロットドリーム,2020106611,B,202406050310
グッジョブ,2020101182,B,202406050310
トーアアイギス,2021105334,C,202406050310
オーロベルディ,2019103162,B,202406050310
カンパニョーラ,2019104385,B,202406050310
エコロアイ,2020110137,B,202406050310
タイセイブリリオ,2019101005,C,202406050310
ラオラシオン,2021105262,C,202406050312
デフィニティーボ,2021105929,B,202406050312
デルマタモン,2018100976,C,202406050312
レオカクテル,2018106144,B,202406050312
アッティラ,2020102185,B,202406050312
デルマオシダシ,2020102809,B,202406050312
セイウンハルカニ,2019100938,C,202406050312
ゴールドアローン,2021106874,B,202406050312
グレノークス,2020103033,B,202406050312
ジャックパール,2020101508,C,202406050312
ササヤキ,2020101811,B,202406050312
シゲルカミカゼ,2020102077,C,202406050312
ホウキボシ,2020110058,C,202406050312
バニシングポイント,2018110086,B,202406050312
アラレタバシル,2021107192,B,202406050312
カンジ,2021110108,B,202406050312
レイオーバー,2022103311,B,202406050401
ミュージックマン,2022100397,C,202406050401
テイオームサシ,2022101936,B,202406050401
スターオブガイア,2022100533,,202406050401
トリリオンボーイ,2022102493,B,202406050401
グレイトフルトップ,2022107140,,202406050401
サラサエンペラー,2022102967,B,202406050401
クァンタムリード,2022107385,C,202406050401
ベアショット,2022103512,C,202406050401
セイウンヤタガラス,2022102890,B,202406050401
ジルクン,2022101022,C,202406050401
テイエムファラオ,2022103747,C,202406050401
クールマーロウ,2022100841,C,202406050401
ヨドノエース,2022100350,D,202406050401
ノーブルオーク,2022101552,B,202406050401
レッドボブ,2022105055,B,202406050406
ラトラディシオン,2022100695,C,202406050406
ラースアルアイン,2022100263,B,202406050406
セイウンオスミウム,2022101038,C,202406050406
ルージュキャルト,2022102945,C,202406050406
ヴィラスターリ,2022103098,B,202406050406
サンマルストロング,2022102007,C,202406050406
サクラトップワード,2022104161,C,202406050406
サンライズジュピタ,2022103307,C,202406050406
ララヴァンダンジュ,2022103804,B,202406050406
ルクスエクレール,2022103952,B,202406050406
ミツカネリブラ,2022109033,C,202406050406
ワウワウワウ,2022106716,C,202406050406
ジャナドリア,2022104888,C,202406050407
ケイアイマハナ,2022106584,B,202406050407
マタミカンサン,2022103785,B,202406050407
パナランギン,2022102337,D,202406050407
シャイニーシップ,2022101937,B,202406050407
レッドルイナール,2022101438,B,202406050407
ニヒトツーゼーア,2022102383,C,202406050407
タイヨウフレア,2022105844,C,202406050407
アルマグラース,2022100216,C,202406050407
ベリタバグス,2022110153,B,202406050407
スワッガー,2022106317,D,202406050407
レッドベルダンス,2022104897,B,202406050407
ドゥカート,2022105777,A,202406050407
レヴォントゥレット,2021103717,B,202406050408
シーリュウシー,2021106180,C,202406050408
テトラード,2021104999,B,202406050408
ダノンペドロ,2020103453,B,202406050408
アドアプローズ,2021107224,C,202406050408
エーデル,2021105321,B,202406050408
コスモジンバック,2021106797,C,202406050408
フォールロワ,2019106339,C,202406050408
セイウンガレオン,2019103158,B,202406050408
ブレイヴアロウ,2020103118,B,202406050408
ハンデンカイザー,2021102456,B,202406050408
トゥザヒロイン,2019105314,B,202406050408
パッカパッカブー,2021102969,C,202406050408
エアロソニック,2021100409,C,202406050408
ナチュラルハイ,2020105939,B,202406050410
クラヴィコード,2021100150,B,202406050410
メイショウフンジン,2018106571,C,202406050410
エクセスリターン,2019101274,B,202406050410
カンピオーネ,2019100286,C,202406050410
ニューモニュメント,2016105885,C,202406050410
ブレイクフォース,2019105604,B,202406050410
ピースオブザライフ,2020101024,B,202406050410
アクションプラン,2020100116,B,202406050410
ゲンパチルシファー,2016101745,C,202406050410
ヒューゴ,2020102345,C,202406050410
ロードアヴニール,2020100142,B,202406050410
チュウワハート,2020102964,B,202406050410
サンデーファンデー,2020104136,C,202406050410
アイファーテイオー,2020101275,B,202406050410
キタノリューオー,2018104462,B,202406050410
ナムラフランク,2019101975,B,202406050411
インユアパレス,2021110126,B,202406050411
リベイクフルシティ,2020102226,B,202406050411
ジレトール,2019105972,B,202406050411
エスカル,2021110069,C,202406050411
ガビーズシスター,2021104461,B,202406050411
クインズメリッサ,2018101984,B,202406050411
インビンシブルパパ,2021110164,B,202406050411
クロジシジョー,2019102238,B,202406050411
エティエンヌ,2019105761,B,202406050411
チカッパ,2021103868,B,202406050411
チェイスザドリーム,2019105968,B,202406050411
スズカコテキタイ,2019105967,B,202406050411
サンライズアムール,2019101633,B,202406050411
テイエムトッキュウ,2018103105,B,202406050411
イスラアネーロ,2019105741,B,202406050411
フレーズボンボン,2022102352,B,202406050501
テイエムシェボン,2022101931,C,202406050501
ライズトゥザトップ,2022107284,C,202406050501
ショウナンバシリス,2022101823,B,202406050501
シュレン,2022102380,B,202406050501
ヒルビリーエレジー,2022102423,B,202406050501
サンパギータチャン,2022107197,D,202406050501
コットンフラワー,2022101365,C,202406050501
ジェイエルケープ,2022101820,C,202406050501
サブアトミック,2022101636,B,202406050501
サトノエバー,2022102892,C,202406050501
タッカージーティー,2022106261,B,202406050501
コオリナラグーン,2022104945,C,202406050501
アイアンソリッド,2022100588,B,202406050501
サードウインド,2022104546,B,202406050501
レオネッサ,2022104586,C,202406050501
サマーツアー,2022103719,C,202406050502
テリオスラキ,2022101018,B,202406050502
ウィンスタンリー,2022104684,B,202406050502
ミュークチェルシー,2022104452,B,202406050502
ゼロファイター,2022101237,D,202406050502
キャピタルリッチ,2022101480,B,202406050502
ルディシャ,2022107091,B,202406050502
ウラチャチャ,2022103313,C,202406050502
オオタチ,2022101234,C,202406050502
ヒサエノオモカゲ,2022101710,B,202406050502
タイキクリエイター,2022103142,B,202406050502
ニシノケンタマン,2022106427,C,202406050502
フィーリウス,2022105175,B,202406050502
ジーティーエンジン,2022103755,C,202406050502
チェリースカヤ,2022100316,C,202406050502
ナックシュバリエ,2022105307,D,202406050502
ポッドロルフ,2022100700,C,202406050503
ウインレアリゼ,2022106235,C,202406050503
マグネシアブリック,2022101920,B,202406050503
メイユウ,2022106861,C,202406050503
エリュテイア,2022101212,C,202406050503
チョウノミツツボ,2022103325,C,202406050503
サノノダンサー,2022100503,C,202406050503
ルラクソント,2022106795,C,202406050503
ピーターライズ,2022103752,D,202406050503
スパーク,2022100929,C,202406050503
ミトノキャット,2022107279,B,202406050503
ハクサンリバーブ,2022100239,C,202406050503
ショウナンラリー,2022103924,B,202406050503
ヤマメキング,2022100245,B,202406050503
チュッチュポッポ,2022105749,D,202406050503
バックアップアゲン,2022102689,C,202406050503
オンザバサラ,2022105377,D,202406050504
ヴィジブルライト,2022104860,C,202406050504
ロイヤルカスタマー,2022103162,C,202406050504
ネオシャクナゲ,2022106080,C,202406050504
ハルノアラシ,2022106099,B,202406050504
リュウゼツラン,2022106809,C,202406050504
ハクシンブライアン,2022106975,B,202406050504
タドウリョク,2022104373,C,202406050504
ユナクイーン,2022103467,B,202406050504
カイトリヒト,2022103076,C,202406050504
ブラーブデシジョン,2022103763,B,202406050504
エイブリー,2022105654,C,202406050504
オーレオリン,2022106207,C,202406050504
マブアンドフェール,2022100326,C,202406050504
ソクヅモドラドラ,2022104704,B,202406050504
ショーモッシュ,2022103846,C,202406050504
カスカナノゾミ,2022107179,D,202406050506
タイキオーベロン,2022103155,B,202406050506
オメガフリーク,2022103589,D,202406050506
フィールザゴールド,2022105924,C,202406050506
アイスヴィレッジ,2022103702,C,202406050506
アスクデッドヒート,2022105839,B,202406050506
ノイシュロス,2022100671,D,202406050506
アスピノール,2022103364,D,202406050506
ミッシオーネ,2022106767,C,202406050506
ラヴアンドライク,2022104570,B,202406050506
タイセイデクスター,2022103986,C,202406050506
ジェシーテソーロ,2022102260,C,202406050506
ルージュメアート,2022105541,C,202406050506
ワンカードフェロー,2022103643,C,202406050506
ナムラジミー,2022101814,C,202406050506
アスプリージャ,2021100761,B,202406050508
アスクハッピーモア,2021105212,B,202406050508
イデアユウシン,2020106549,B,202406050508
チザルピーノ,2021101928,B,202406050508
キセキノエンジェル,2019106416,C,202406050508
アドアプローズ,2021107224,C,202406050508
フリッパー,2020100078,C,202406050508
スパークインザアイ,2017105392,C,202406050508
プラムダンディ,2021100389,B,202406050508
ジャクソン,2020104354,B,202406050508
グランドハーバー,2021101630,B,202406050508
ライジンマル,2021101449,C,202406050508
ホウオウベルクソン,2021105767,C,202406050508
コスモフレディ,2021100730,C,202406050508
メジャーレーベル,2021100304,B,202406050508
フリーマントル,2021104868,B,202406050508
デュードメール,2019105399,B,202406050512
ターニングアップ,2018101894,C,202406050512
ブレーザー,2021100114,B,202406050512
セリエル,2021104547,B,202406050512
サフランヒーロー,2021100895,B,202406050512
ノーブルゲイル,2021104283,C,202406050512
ニットウバジル,2020106782,C,202406050512
リッキーヤスオカ,2019101673,C,202406050512
メイデンタワー,2020103198,B,202406050512
ニフェーデービル,2020101134,C,202406050512
フェズカズマ,2019105218,C,202406050512
ヤングワールド,2020101230,D,202406050512
サザンステート,2019101185,B,202406050512
メモリーグラス,2020107095,C,202406050512
ウィンダミア,2019106808,C,202406050512
ネバレチュゴー,2020106983,B,202406050512
ナックオリオン,2022101542,B,202406050601
フェスタリア,2022100028,B,202406050601
ダイチラポール,2022100076,C,202406050601
アサクサグレース,2022100547,B,202406050601
サツマノカゼ,2022109151,D,202406050601
ノブダブルホワイト,2022101614,C,202406050601
イオリ,2022103561,C,202406050601
ミキノオーボエ,2022102592,D,202406050601
ライブリブランコ,2022109081,D,202406050601
ウインギャラン,2022105640,D,202406050601
モモイロタンポポ,2022101988,D,202406050601
ハナナラツボミ,2022106454,C,202406050601
ゴールドラブリー,2022106848,C,202406050601
ショウナンカチドキ,2022101258,B,202406050601
ワナカ,2022104540,B,202406050601
コンパクトファイト,2022104110,C,202406050601
モーニングマジック,2022106639,B,202406050602
アイスリーディング,2022106995,B,202406050602
ブラックウェル,2022101239,D,202406050602
レオプレセア,2022102932,C,202406050602
オーケーマヒナ,2022100432,B,202406050602
コックリサン,2022106500,C,202406050602
デアルーチェ,2022105039,B,202406050602
モーニングスター,2022106335,D,202406050602
ラーナローザ,2022102785,C,202406050602
バーニングメモリー,2022103543,C,202406050602
ロミヒ,2022103741,B,202406050602
アップリンク,2022104926,D,202406050602
ビップジェシー,2022103776,C,202406050602
エルバステラ,2022105145,B,202406050602
ヴェネチアンレース,2022104700,B,202406050602
デルマアポロニア,2022105457,C,202406050602
ゴールドリッカ,2022107192,C,202406050606
ハインズテソーロ,2022102266,C,202406050606
コナベイション,2022101692,B,202406050606
エイシンカルナボン,2022100571,C,202406050606
レジョンデロル,2022107398,C,202406050606
ハクサンエクレール,2022100250,C,202406050606
リケアキャンディ,2022100765,C,202406050606
クリーンリーチ,2022107384,C,202406050606
パシーヴ,2022106669,B,202406050606
レイズサンライズ,2022100045,C,202406050606
キタノロワーズ,2022106945,C,202406050606
スパルタンワールド,2022102603,C,202406050606
ブレイズボーイ,2022103555,C,202406050606
ピッツァナポリ,2022105247,D,202406050606
サヨノジャンボリー,2022106243,D,202406050606
キタノラータム,2022101535,D,202406050606
パレスドフィーヌ,2021105373,B,202406050608
アンタノバラード,2020106963,B,202406050608
アグラード,2021105429,B,202406050608
デフィデリ,2019101562,C,202406050608
フクノルッカ,2018100299,C,202406050608
ダイチラファール,2019102469,C,202406050608
ケープアグラス,2021100382,C,202406050608
クィーンアドバンス,2017100141,C,202406050608
エスグラシア,2019105830,C,202406050608
イルザ,2019102736,C,202406050608
ベリーベリーベリー,2020104291,C,202406050608
アイソラシー,2020102819,C,202406050608
レモンシフォン,2021103685,C,202406050608
バンブトンプロ,2020106562,C,202406050608
ニシノリアリティ,2021100184,B,202406050608
アリュシナシオン,2019106962,B,202406050608
マウンテンエース,2020104452,B,202406050609
バレンタインガール,2021102577,B,202406050609
アコークロー,2019104478,B,202406050609
ヴォランテ,2020100593,B,202406050609
インペリアルライン,2019104953,B,202406050609
カズタンジャー,2021101259,C,202406050609
ブロンディール,2020104670,B,202406050609
ネイチャーシップ,2018102917,C,202406050609
アトラクティーボ,2019100641,C,202406050609
クリーンドリーム,2018100440,D,202406050609
ルーラーリッチ,2020102793,B,202406050609
ニューバラード,2021105692,B,202406050609
アーマルコライト,2021105811,C,202406050609
スプレーフォール,2021107266,B,202406050609
グランツアーテム,2018106693,B,202406050610
ハビレ,2021100561,B,202406050610
マンマリアーレ,2020100761,B,202406050610
ローズボウル,2018104574,B,202406050610
メイショウコバト,2020106908,C,202406050610
アスクビックスター,2019106414,C,202406050610
オレデイイノカ,2018101243,C,202406050610
スマラグドス,2020102798,B,202406050610
ヨリノサファイヤ,2020102315,C,202406050610
ピュアキアン,2021107001,B,202406050610
オンザライン,2018104646,B,202406050610
ロジアデレード,2021105360,B,202406050610
ゲットアップ,2018100720,C,202406050610
セブンスレター,2019100876,C,202406050610
フランスゴデイナ,2018110117,C,202406050610
アイファーエポック,2019101325,C,202406050610
ウタカタ,2022101973,D,202406050701
ハクサンリンド,2022104548,C,202406050701
トリリオンボーイ,2022102493,B,202406050701
サヨノスピークロウ,2022102021,C,202406050701
アルマリカシバ,2022101248,C,202406050701
ナックトライアンフ,2022102362,C,202406050701
キッズウルマ,2022101720,B,202406050701
シャルパンティエ,2022101362,C,202406050701
タブロー,2022102723,B,202406050701
ダイヤモンドピラー,2022103209,C,202406050701
チャロ,2022105158,B,202406050701
エルオレンス,2022101060,B,202406050701
トキメキジニア,2022100323,C,202406050701
レトロブーム,2022100512,C,202406050701
レイオーバー,2022103311,C,202406050701
ブラックビート,2022107131,B,202406050701
エスキモーギャル,2022105255,C,202406050702
ミートザターゲット,2022103895,C,202406050702
オブシディアーナ,2022102994,B,202406050702
エファセデリエール,2022105221,B,202406050702
ニシノキヨハ,2022105239,C,202406050702
ディペンダブル,2022105685,C,202406050702
ネクストダンサー,2022103753,B,202406050702
ダカラフェスティヴ,2022104378,B,202406050702
セラード,2022106024,D,202406050702
スノークルーズ,2022104699,C,202406050702
カシマスウィープ,2022101090,D,202406050702
ノメンターノ,2022106771,B,202406050702
コンアフェット,2022105787,B,202406050702
キョウエイタイコ,2022107156,B,202406050702
スピアッジャローザ,2022103537,C,202406050702
リバースザトレンド,2022105859,C,202406050702
ダブルメッセージ,2022106337,C,202406050704
ジーティーラピッド,2022105508,C,202406050704
エマージェンス,2022105448,B,202406050704
ゴールデンサンダー,2022107286,D,202406050704
ネオディヤマンテ,2022101023,C,202406050704
サムシャイン,2022105823,B,202406050704
キタノブレイク,2022102486,D,202406050704
ピカピカサンダー,2022105979,C,202406050704
コスモシェルベット,2022106785,C,202406050704
キャバリエクエスト,2022107159,C,202406050704
トーアナカヨシ,2022105901,C,202406050704
カージオイド,2022104062,B,202406050704
リワードインペリオ,2022103375,B,202406050704
タナハシ,2022100195,C,202406050704
ジャスパー,2022105647,B,202406050704
アクデニズ,2022103851,C,202406050704
ココデイック,2022100912,B,202406050706
ゴールドダイアー,2022103538,B,202406050706
ビップクララ,2022103301,B,202406050706
メリークリスマス,2022100394,C,202406050706
マンダレーヒル,2022100769,C,202406050706
プロピエダッド,2022109090,C,202406050706
アルデコンティ,2022105311,C,202406050706
グレートセンス,2022103849,C,202406050706
レヴァントリ,2022105283,B,202406050706
ユガフ,2022103303,C,202406050706
トラストモアリズム,2022101620,C,202406050706
エコロカディス,2022110126,C,202406050706
アイビースピネル,2022101851,B,202406050706
ナルサー,2022102063,C,202406050706
マイネルジーニアス,2022100927,C,202406050706
ヒデノブルースカイ,2022100837,C,202406050707
アンズアメ,2022106689,C,202406050707
ニシノリンダ,2022107203,C,202406050707
オカメノコイ,2022106698,B,202406050707
ドンパッショーネ,2022105965,B,202406050707
ブルーオブウインド,2022106405,C,202406050707
コックリサン,2022106500,C,202406050707
カネショウレジェン,2022102790,B,202406050707
シルフズミスチーフ,2022110001,B,202406050707
ブラックトルネード,2022106418,C,202406050707
アルマグラース,2022100216,C,202406050707
チョングク,2022104533,C,202406050707
ザクシス,2022102711,C,202406050707
ハッピービバーク,2022100618,B,202406050707
リアルショット,2022105598,B,202406050707
アイビーヒメチャン,2022103959,B,202406050707
ジナ,2020103438,C,202406050708
エスペラード,2021101776,C,202406050708
ガラスノブルース,2021104276,B,202406050708
バロン,2021105974,B,202406050708
プラティクレール,2020103900,B,202406050708
ファンユー,2021103894,B,202406050708
レグザゴン,2021103513,B,202406050708
シャインズオンユー,2021103535,B,202406050708
イコノスタシス,2020103530,B,202406050708
ネオゴールド,2021106064,C,202406050708
ユニヴェールアン,2021102617,C,202406050708
ロザシアニン,2019100097,C,202406050708
ベベ,2020106979,B,202406050708
レッドセニョール,2021105779,B,202406050708
グランプレジール,2019105338,C,202406050708
マケズギライ,2021102516,B,202406050708
フジルバーブ,2022102499,C,202406050801
アルデココ,2022102542,C,202406050801
カウスリップ,2022100627,B,202406050801
ハクサンミラクル,2022100325,C,202406050801
クリスタルテン,2022102442,C,202406050801
スターランウェイ,2022106686,B,202406050801
セイウングレイ,2022100399,B,202406050801
タイセイアダマス,2022101137,D,202406050801
マミーブルー,2022100958,C,202406050801
ハイタッチマドンナ,2022102811,B,202406050801
ラブリーウィザード,2022106654,B,202406050801
ミラクルミッキー,2022102695,C,202406050801
バブルギャラクシー,2022107292,B,202406050801
トレヴィーテ,2022106594,B,202406050801
エコロヴァイス,2022110128,B,202406050801
アイカチャン,2022103591,C,202406050801
ベールドインパクト,2022103493,C,202406050802
ビリーヴアンドラン,2022104251,C,202406050802
グレーターバーチュ,2022104203,B,202406050802
ブレトワルダ,2022102965,C,202406050802
バトラーズワーフ,2022105252,C,202406050802
ロジアヴァンセ,2022107074,C,202406050802
スムースオペレター,2022100224,D,202406050802
シュヴァルノワール,2022100360,C,202406050802
ファンタイムギフト,2022102378,B,202406050802
レイデアスール,2022104613,C,202406050802
アルデヤーノ,2022105340,C,202406050802
ドーバーブライト,2022104313,B,202406050802
シュガーハイ,2022104177,C,202406050802
チンプンカンプン,2022106465,D,202406050802
リュウジンマル,2022105883,C,202406050802
ガイ,2022101140,D,202406050802
アイドルフェスタ,2022103246,C,202406050805
ハルノウミ,2022100876,D,202406050805
ジーティーウララ,2022102607,D,202406050805
マイベストダンサー,2022104948,B,202406050805
アラスカフレイバー,2022101188,C,202406050805
キャラメリー,2022102834,D,202406050805
タルトポワール,2022106122,B,202406050805
グレーデール,2022107072,B,202406050805
アラワレワタル,2022109021,D,202406050805
シュヴァルボヌール,2022102315,B,202406050805
アジアート,2022100157,C,202406050805
ラヴィーズドリーム,2022101075,C,202406050805
フィアマドラータ,2022103566,D,202406050805
マリノライヤ,2022101289,C,202406050805
ネバーランドリーム,2022100378,C,202406050805
ダノンメナージュ,2022101484,C,202406050805
ユイノコキュウ,2021106583,B,202406050807
デリシュレーヌ,2018101497,C,202406050807
オウケンシルヴァー,2021103017,C,202406050807
ダンツティアラ,2021104314,C,202406050807
ザロック,2021106845,B,202406050807
レッドアレグロ,2021104762,B,202406050807
セイロンジェムズ,2021105575,B,202406050807
ドバイブルース,2021105182,C,202406050807
ベルフィーヌ,2021104754,B,202406050807
プルナチャンドラ,2021100329,C,202406050807
チザルピーノ,2021101928,C,202406050807
プラチナジェット,2019101403,D,202406050807
インオービット,2020105510,B,202406050807
ロードインフェルノ,2021101201,C,202406050807
ロストボール,2019106972,C,202406050807
ロクシアス,2021105890,B,202406050807
ロープスピニング,2019104952,B,202406050808
シュバルツガイスト,2020103575,C,202406050808
ミライテーラー,2021101121,B,202406050808
ロードフロンティア,2021100161,C,202406050808
モリノセピア,2021106307,B,202406050808
ファミリークレスト,2019105064,B,202406050808
ダノンマカルー,2021105965,A,202406050808
レディアス,2020102562,C,202406050808
フラッシュアーク,2019100593,B,202406050808
ニシノコニャック,2019100937,B,202406050808
サトノガレオン,2020101567,B,202406050808
カンザシ,2019106704,C,202406050808
スマイルアップ,2019103815,C,202406050808
ブルーノート,2019100871,C,202406050808
テセラリアン,2021100338,C,202406050808
キョウエイカンフ,2020100363,B,202406050808
スマートラプター,2019102521,B,202406050812
ミユキアイラブユー,2019105058,B,202406050812
ダテボレアス,2019103562,B,202406050812
カフジエニアゴン,2019102753,B,202406050812
サザンステート,2019101185,C,202406050812
メイショウヒューマ,2018106560,C,202406050812
ホウオウフウジン,2019105032,B,202406050812
ケイアイアニラ,2020104228,B,202406050812
スタードラマー,2020102238,D,202406050812
エコロアレス,2020110136,B,202406050812
ダルダヌス,2019104561,C,202406050812
ヨーカイディスコ,2021101535,B,202406050812
エンヤラヴフェイス,2021101737,B,202406050812
ビルカール,2020105250,C,202406050812
アメリカンマーチ,2021110136,A,202406050812
ロードオブザチェコ,2018103641,C,202406050812
マジカルレインボー,2022107290,B,202406050901
ビレッジルミエール,2022101760,B,202406050901
シャトーペリオット,2022101337,C,202406050901
ノエル,2022106043,C,202406050901
サツキレジーナ,2022101204,C,202406050901
エーデルムート,2022101092,C,202406050901
ショウナンラリー,2022103924,B,202406050901
アパッシメント,2022104732,B,202406050901
オスカージュディ,2022101727,B,202406050901
リクエイ,2022101398,B,202406050901
チュラット,2022103892,B,202406050901
マーリーヒル,2022103157,C,202406050901
バースフラワー,2022102527,C,202406050901
ライズトゥザトップ,2022107284,B,202406050901
アイファーシャドー,2022104259,D,202406050901
ダングラール,2022105288,B,202406050901
ヒロノエクスカリバ,2022104150,C,202406050902
レインボーギフト,2022102361,C,202406050902
オキョンピー,2022100220,C,202406050902
フジレイメイ,2022100306,C,202406050902
サバイバルナイン,2022109127,C,202406050902
ジェシーテソーロ,2022102260,B,202406050902
マンボルンバ,2022105297,B,202406050902
トーセンペネロペ,2022110011,B,202406050902
オストラヴァ,2022105456,B,202406050902
フーイナム,2022105545,B,202406050902
トーアジョウトウ,2022105905,C,202406050902
ヴィラスターリ,2022103098,B,202406050902
レイホープ,2022102763,D,202406050902
ジーティートゥルー,2022105487,C,202406050902
ヘイケ,2022102455,C,202406050902
ルクスエクレール,2022103952,C,202406050902
マシェリアムール,2022103318,C,202406050906
ホワイトマジック,2022101635,C,202406050906
アルフィオーレ,2022103017,B,202406050906
マジカルキャンディ,2022107297,B,202406050906
エベリンテソーロ,2022102264,B,202406050906
ペタルビジュー,2022106153,C,202406050906
カラジシ,2022100868,C,202406050906
ナックメテオ,2022103723,D,202406050906
ドルンレースツェン,2022102791,C,202406050906
スイングボーイ,2022107139,C,202406050906
カフェアリス,2022103270,C,202406050906
アシャカルーク,2022104486,C,202406050906
サザンティスプーン,2022100511,C,202406050906
イサチルオアシス,2022104542,C,202406050906
ダニエルバローズ,2022101431,B,202406050906
トーアカフウ,2022105904,C,202406050906
クールソル,2021104325,B,202406050908
ルージュアズライト,2020101610,B,202406050908
ソーニャシュニク,2021106923,B,202406050908
ニシノクラウン,2021100187,C,202406050908
サンレイマリー,2021102326,B,202406050908
ファーレンジョー,2020105271,D,202406050908
ショコラブレッド,2021104069,C,202406050908
グランプレジール,2019105338,C,202406050908
タイセイピューマ,2021106119,B,202406050908
エンツォ,2021105076,B,202406050908
カルフ,2021103342,C,202406050908
ミルフルール,2021100614,C,202406050908
リオンラファール,2019103318,B,202406050908
ルプランドル,2019105754,C,202406050908
レッツリブオン,2019104135,C,202406050908
マリンバンカー,2021103129,C,202406050908
ズバットマサムネ,2021105711,B,202406050909
アイアムユウシュン,2021103204,B,202406050909
メラーキ,2017105634,C,202406050909
スクルトゥーラ,2019105144,C,202406050909
ルーラルハピネス,2020101052,C,202406050909
ヴィクトリーロード,2020103931,C,202406050909
グレタ,2019102761,B,202406050909
キタノソワレ,2021106421,B,202406050909
ベルウッドウズメ,2019109138,B,202406050909
カナウ,2020103419,B,202406050909
マーシヴィガラス,2020104099,C,202406050909
タッカーシルバー,2019100898,B,202406050909
ディキシーガンナー,2020110031,B,202406050909
ショウナンアビアス,2020104597,B,202406050909
チュウワキャリア,2021102295,C,202406050909
キャプテンローレル,2019100051,B,202406050909
コスモオピニオン,2020101258,B,202406050910
ピコニ,2021101727,C,202406050910
シグナルファイアー,2020101228,D,202406050910
エッグスラット,2020102792,B,202406050910
レイズカイザー,2020100583,B,202406050910
アラレタバシル,2021107192,B,202406050910
ヴァナルガンド,2020104567,C,202406050910
オールマキシマム,2020100387,B,202406050910
シンヨモギネス,2018103711,B,202406050910
クーアフュルスト,2021104949,B,202406050910
イモータルバード,2021100674,B,202406050910
クロールキック,2019101761,C,202406050910
レヴォントゥレット,2021103717,B,202406050910
モズアカボス,2020110069,C,202406050910
ホウキボシ,2020110058,B,202406050910
グレノークス,2020103033,B,202406050910
ヤマニンフィリア,2021106605,B,202407010101
ニースライト,2021102898,B,202407010101
デルマヴェーダ,2021101986,B,202407010101
ヴェラベレッツァ,2021105518,B,202407010101
ヴィーリヤ,2021107328,B,202407010101
スート,2021101652,B,202407010101
パルマノーヴァ,2021100859,C,202407010101
アストラカ,2021100639,B,202407010101
マイフォーエバー,2021105193,B,202407010101
ミルトコルサ,2021106345,B,202407010101
ミッレマンドルリ,2021100272,C,202407010101
キタノレガーロ,2021106455,C,202407010101
ビロウィダダ,2021103243,C,202407010101
レイム,2021106942,C,202407010101
ウヌボレヤサン,2021104052,C,202407010101
リプリー,2021101218,D,202407010101
エナアニマル,2021109073,B,202407010104
カスクノワール,2021104097,C,202407010104
キタノベルモント,2021107035,C,202407010104
アマントアスク,2021107371,B,202407010104
レイドデザート,2021103065,B,202407010104
ミルトヒーロー,2021106355,C,202407010104
クリノフィガロ,2021101226,B,202407010104
マルカフェリス,2021105199,B,202407010104
メイショウムカバキ,2021100741,B,202407010104
ウインドスピード,2021100154,C,202407010104
タヌキダンス,2021100182,C,202407010104
ファイントパーズ,2021107212,C,202407010106
ロジアデレード,2021105360,B,202407010106
スナークラファエロ,2021103987,B,202407010106
タイセイアディクト,2021106126,B,202407010106
デルマヴァルナ,2021101492,B,202407010106
グラティアスミノル,2021104424,C,202407010106
ヤマニンアラクリア,2021100284,B,202407010106
バナマンテソーロ,2021102281,B,202407010106
ミルトパワー,2021103691,B,202407010106
スペイドアン,2021103770,B,202407010106
クラウンシエンタ,2021101253,C,202407010106
サンライズソレイユ,2021105104,B,202407010106
パフ,2021100292,B,202407010106
アスタールテニウム,2021101548,B,202407010106
マテンロウジョイ,2020106836,B,202407010108
コンテナジュニア,2018104738,B,202407010108
アヘッド,2020110092,B,202407010108
メイショウクーガー,2020106205,B,202407010108
シャンダス,2019103512,C,202407010108
グロリアスヒーロー,2019105755,B,202407010108
ダイメイセブン,2020101919,B,202407010108
トゥピ,2020106776,C,202407010108
エランティス,2020104429,B,202407010109
ヤマイチエスポ,2019100288,B,202407010109
カゲマル,2020106458,C,202407010109
タイキエクセロン,2019103996,B,202407010109
ウイスキータイム,2019102282,B,202407010109
ロイヤルソウル,2019101680,B,202407010109
キュートヘスティア,2019103600,C,202407010109
サクハル,2019103556,B,202407010109
コパノバークレー,2020104671,C,202407010109
ロングファイナリー,2016102801,B,202407010109
サイレンスタイム,2020104198,C,202407010109
アイファースキャン,2020101271,C,202407010109
ブルーノート,2019100871,B,202407010109
ヒビキ,2020105517,B,202407010109
アタカンテ,2019106608,B,202407010109
ミユキアイラブユー,2019105058,B,202407010109
ラックスアットゼア,2020110083,B,202407010111
イグザルト,2019101741,B,202407010111
レーヴリアン,2018102666,B,202407010111
ダノンミカエル,2020101632,B,202407010111
アルムブラーヴ,2019100551,C,202407010111
メイショウヒューマ,2018106560,C,202407010111
ドラゴンゴクウ,2019105587,B,202407010111
スマートアンバー,2020106396,B,202407010111
メイショウフジタカ,2018105860,B,202407010111
ラヴケリー,2018101514,B,202407010111
フィーカ,2019103946,B,202407010111
ウナギノボリ,2019107016,B,202407010111
ウェイトゥゴー,2021104413,B,202407010201
パナマテソーロ,2021104442,C,202407010201
マダムカリーニョ,2021103009,C,202407010201
エスシーヤマト,2021100845,B,202407010201
ミレニアムヒロイン,2021103480,B,202407010201
ノーブルブランカ,2021100052,B,202407010201
ヒロインズクレスト,2021105089,B,202407010201
ピースソックス,2021100520,C,202407010201
トウエンノチカイ,2021101441,C,202407010201
テンノナウシカ,2021102382,B,202407010201
メイケイアリッサム,2021105841,C,202407010201
エコログラシアス,2021104988,B,202407010201
グランテミス,2021100449,C,202407010201
ブイキャット,2021101790,B,202407010202
エブリモーメント,2021104649,B,202407010202
デュアル,2021104063,B,202407010202
サンスイシサン,2021106315,C,202407010202
ティファニジェンヌ,2021103261,B,202407010202
タマハガネ,2021100865,C,202407010202
シモグリ,2021104303,C,202407010202
ボビーニクビッタケ,2021104316,B,202407010202
ブルパーチェ,2021100263,C,202407010202
オプションプラン,2021104336,C,202407010202
プッティー,2021103650,B,202407010202
ミッキードラマー,2021104782,B,202407010202
ソニックロプロス,2021104038,B,202407010202
レンジャーズハウス,2021104102,B,202407010202
イニシエ,2021100905,B,202407010202
パラベイド,2021103032,D,202407010202
フランクエフェクト,2021105476,B,202407010204
エムバランス,2021106916,B,202407010204
ケンジョー,2021110152,B,202407010204
サトノジーニー,2021101410,C,202407010204
スズノレイライン,2021102781,B,202407010204
グロバーテソーロ,2021101147,B,202407010204
アーススピリット,2021105339,B,202407010204
クリスタルニクス,2021102974,C,202407010204
ブルーワール,2021110097,B,202407010204
パッカパッカブー,2021102969,C,202407010204
スティングビー,2021106909,C,202407010204
オランジー,2020103375,B,202407010206
タガノチョコラータ,2020105533,B,202407010206
ジュエルマイスター,2020107029,C,202407010206
ロフティーイデアル,2020102607,B,202407010206
シンボリックレルム,2019104958,B,202407010206
リノアラ,2019101620,B,202407010206
レクランスリール,2020101129,C,202407010206
パルメリータ,2020102642,B,202407010206
ムガ,2019103742,C,202407010206
ラズライト,2019103122,B,202407010206
タリスマン,2021104618,C,202407010210
ジョージテソーロ,2021102078,B,202407010210
アンシール,2021106637,B,202407010210
ペッパーミル,2021102745,C,202407010210
エンブレムボム,2021110134,B,202407010210
チカッパ,2021103868,B,202407010210
ナスティウェザー,2021101703,B,202407010210
アイアムユウシュン,2021103204,B,202407010210
フラムリンガム,2021104910,B,202407010210
ロードブライト,2019103021,B,202407010212
トリグラフ,2019103410,C,202407010212
グランヒマラヤ,2020100847,B,202407010212
エイシンレジューム,2020106518,C,202407010212
アルシオーネ,2018106561,B,202407010212
グッドウッドガイ,2019105709,B,202407010212
セミマル,2020104893,B,202407010212
キャロライナリーパ,2018105102,C,202407010212
アファン,2019101015,B,202407010212
ピューリファイ,2019104590,C,202407010212
ベネロングポイント,2019104606,B,202407010212
インセプション,2020106664,D,202407010212
スペンサーバローズ,2020106941,C,202407010212
シンエン,2019105359,B,202407010212
ハッピーロンドン,2020101639,B,202407010212
クラックオブドーン,2020102646,C,202407010212
ハーデンベルギア,2021103330,C,202407010301
エンジェルスノー,2021101637,B,202407010301
ユキノフルマチ,2021100043,B,202407010301
カシノレッヒエルン,2021100812,C,202407010301
アルムラジャスタン,2021106546,B,202407010301
ウィズアリープ,2021103215,B,202407010301
クインズシャウラ,2021103837,B,202407010301
ルージュルージュ,2021103016,C,202407010301
トランジェント,2021103585,B,202407010301
ライネスヘルツ,2021105181,B,202407010301
ガメイラヴァー,2021100543,C,202407010301
シャビーシック,2021103772,B,202407010301
メメフェリーチェ,2021101159,C,202407010301
ゴールデンチップス,2021107351,C,202407010301
プリドラ,2021103508,D,202407010301
ハクサンソヌス,2021100780,B,202407010301
ユイノサンバンカン,2021102819,C,202407010302
クアトロジャック,2021106105,B,202407010302
マーゴットエクラ,2021102925,C,202407010302
シェアホルダーズ,2021101250,B,202407010302
アンドゥーラ,2021100480,C,202407010302
タイセイミッション,2021101045,B,202407010302
スターティアラ,2021106676,C,202407010302
ワンダーハヤセ,2021100546,B,202407010302
ヤマニントゥルシー,2021106602,C,202407010302
シセイダイキ,2021106728,B,202407010302
クラウンアラビアン,2021101269,B,202407010302
ファイアーサイン,2021100880,B,202407010302
レッドモンストル,2021104207,B,202407010302
レオボヌール,2021102945,B,202407010305
カズタンジャー,2021101259,B,202407010305
ゴールドプレイ,2021105589,C,202407010305
ラブリーポップ,2021107372,D,202407010305
アルファウィンザー,2021100432,B,202407010305
インジケーター,2021103574,C,202407010305
カゼノランナー,2021106611,D,202407010305
ヴェントデグロリア,2021104650,C,202407010305
ストーミーラン,2021102328,C,202407010305
ロイドール,2021103281,B,202407010305
セルリアンコバルト,2021101894,C,202407010305
ショウナンハルク,2021103895,B,202407010305
ピースウォリアー,2021101618,B,202407010305
アドアプローズ,2021107224,C,202407010305
メイショウコナン,2021103064,B,202407010305
カンピオーネ,2019100286,B,202407010309
コンティノアール,2020103785,B,202407010309
ショウサンキズナ,2019102265,B,202407010309
ニホンピロハーバー,2018103828,C,202407010309
スナークレジスト,2017102930,C,202407010309
メイショウコジョウ,2017106319,C,202407010309
マテンロウガイ,2020101036,B,202407010309
メイショウコガシラ,2020100979,B,202407010309
サンマルパトロール,2020106370,B,202407010309
フライヤートゥルー,2020100297,B,202407010309
ジャスパーバローズ,2020100665,C,202407010309
トーホウボルツ,2018103018,B,202407010309
ワンダフルトゥデイ,2019106671,B,202407010309
レッドベルアーム,2019105544,B,202407010309
キングサーガ,2017105439,B,202407010309
ディープリボーン,2020100806,B,202407010309
デアデルマーレ,2020100138,B,202407010312
ライブインステラ,2019104776,C,202407010312
リヤンドメテオール,2020102961,C,202407010312
テイエムオードリー,2019100732,C,202407010312
ローラスノビリス,2019104901,B,202407010312
メイショウヒメゴゼ,2019104097,C,202407010312
パララヴィクトリア,2020105664,C,202407010312
モズアンタレス,2020106519,B,202407010312
ガットネロ,2020105073,C,202407010312
エテルネル,2020101830,B,202407010312
マジカルワード,2020101598,B,202407010312
ランプロファイア,2019105409,B,202407010312
フルティージャ,2019104874,B,202407010312
エリーズダイヤ,2020102734,B,202407010312
レオキー,2020105074,C,202407010312
シュテルンロット,2020102876,C,202407010312
サダージ,2021100011,C,202407010401
ドレアンティア,2021107356,C,202407010401
マーシャリアーナ,2021104975,B,202407010401
アパイシュナール,2021100005,C,202407010401
コーラルハート,2021101426,B,202407010401
ミスズクライ,2021102983,C,202407010401
ノクターナル,2021102900,C,202407010401
ネバーモア,2021100294,B,202407010401
マリリア,2021103782,B,202407010401
カンバーランド,2021105709,B,202407010401
サトノアイオライト,2021105569,B,202407010401
セントオブシン,2021100146,C,202407010401
フリーセント,2021100599,B,202407010401
フルリール,2021107178,B,202407010401
マダムルーチェ,2021101552,B,202407010401
キモンゲーム,2021104235,B,202407010402
タリスカーベイ,2021101646,B,202407010402
マーブルマウンテン,2021110084,C,202407010402
オオタニサーン,2021110004,B,202407010402
メイショウオオコ,2021102572,C,202407010402
ララモンストル,2021110066,C,202407010402
トクシーカイゼリン,2021100357,C,202407010402
ムーンブルー,2021101640,D,202407010402
サユリバナ,2021102970,B,202407010402
レヨンドゥソレイユ,2021110083,B,202407010402
クロスザウォール,2021100424,C,202407010402
ランスオブセヘル,2021102754,C,202407010402
オールドマイン,2021110129,B,202407010402
サトノアインス,2021105582,C,202407010402
ファビュラスロード,2021107176,B,202407010402
クルシファー,2021102451,B,202407010402
クリスプブリーズ,2020103923,B,202407010406
ローレルキャニオン,2020103329,B,202407010406
ニホンピロペリー,2019106426,B,202407010406
ジョータルマエ,2020100771,C,202407010406
コンテナジュニア,2018104738,B,202407010406
ヒルノデプラーツ,2019106573,B,202407010406
ワイドアウェイク,2018104571,B,202407010406
タッチャブル,2020105670,C,202407010406
ヒロシクン,2019104533,B,202407010406
マサハヤウォルズ,2020103045,B,202407010406
ピュアマークス,2020106164,B,202407010406
ティエラサンタ,2020102658,B,202407010408
キャビネットバトル,2020101889,D,202407010408
メジャークオリティ,2019104913,B,202407010408
ピースオブザライフ,2020101024,B,202407010408
オリ,2019102376,C,202407010408
チャプリ,2019102438,C,202407010408
ヤマカツレオン,2017103384,B,202407010408
クールシェルタ,2019103204,B,202407010408
テンカオーライ,2020102959,B,202407010408
プレイサーゴールド,2020100053,B,202407010408
ゴーゴーユタカ,2019100167,C,202407010411
テイエムアトム,2018103301,D,202407010411
ホウオウルーレット,2019105746,B,202407010411
フルヴォート,2018105350,B,202407010411
テーオードレフォン,2019101324,B,202407010411
マリオロード,2019101198,C,202407010411
パワーブローキング,2019101908,C,202407010411
トウセツ,2019104589,B,202407010411
ハピ,2019100630,B,202407010411
テーオーリカード,2020106884,B,202407010411
リキサントライ,2018101796,C,202407010411
インプレス,2019104899,B,202407010411
エナハツホ,2019100094,C,202407010411
ルミナスフラックス,2019105142,C,202407010412
トモジャアルマンド,2017103155,B,202407010412
オーディブルコール,2020110013,B,202407010412
ノーブルラン,2020100741,B,202407010412
モネ,2019101749,C,202407010412
カミーロ,2020102027,B,202407010412
ビートエモーション,2019110120,B,202407010412
ゲキザル,2019102102,B,202407010412
メイショウニタボウ,2017102927,C,202407010412
パスカリ,2020102544,B,202407010412
ゼンリョクダンス,2020102393,B,202407010412
ノーブルヴィクター,2020103769,C,202407010412
イツモハラペコ,2020107203,A,202407010412
ブリングライト,2020100617,C,202407010412
モーデン,2018100442,B,202407010412
オーブラック,2019103224,B,202407010412
マホガニー,2021107152,C,202407010501
ブラックドレス,2021101391,B,202407010501
マダムカリーニョ,2021103009,D,202407010501
フルクティクルス,2021106095,C,202407010501
モニーレ,2021105299,C,202407010501
ウインルリアン,2021104332,B,202407010501
ダイシンカーリー,2021101838,B,202407010501
タガノフレミング,2021106552,C,202407010501
クラリオ,2021106644,C,202407010501
キタノアイヴォリー,2021106452,C,202407010501
ミスサラワク,2021105923,C,202407010501
グッドイナフ,2021106575,C,202407010501
ソウキュウ,2021106800,B,202407010501
ヴァズレーヌ,2021106707,C,202407010501
エコログラシアス,2021104988,B,202407010501
アオイサクラ,2021109004,B,202407010501
ラピダニーニャ,2021103085,C,202407010503
ラピダリア,2021100652,B,202407010503
ファインスカート,2021101217,C,202407010503
グブリーサビタン,2021102417,C,202407010503
ヨゾラノムコウニ,2021104191,C,202407010503
ナリノイングリッド,2021105261,B,202407010503
エイブラムス,2021100260,C,202407010503
クリノタンザナイト,2021101227,C,202407010503
フクチャントウメイ,2021105086,B,202407010503
エグマリーヌ,2021106633,B,202407010503
アイアンパシュート,2021100108,D,202407010503
タイセイマーシャル,2021107056,D,202407010503
スモウブハナヒラク,2021104133,C,202407010503
アルナイル,2021105917,B,202407010503
シュラハト,2021102507,B,202407010503
ワンダーカモン,2021100739,B,202407010503
シンボルザサン,2021105186,B,202407010506
トントンプー,2021109052,C,202407010506
スズノレイライン,2021102781,C,202407010506
コムルヴァン,2021107168,B,202407010506
マルカフェリス,2021105199,C,202407010506
パラベイド,2021103032,D,202407010506
リプリー,2021101218,C,202407010506
ノアフェイス,2021107206,C,202407010506
プルーフリーダー,2021104437,C,202407010506
オープンワンセルフ,2021105967,C,202407010506
ボムポット,2021100870,B,202407010506
エナアニマル,2021109073,B,202407010506
デュランヴェリテ,2021106656,B,202407010506
ダイキリ,2021105947,B,202407010506
ノーブルエンペラー,2021102851,C,202407010506
ビップチェイス,2021105763,C,202407010506
アイファーファイト,2019101233,C,202407010508
サンマルソムニア,2019106031,D,202407010508
レッドフランカー,2018105096,B,202407010508
マーベラスアゲン,2016102333,D,202407010508
グッドウッドガイ,2019105709,B,202407010508
カズペトシーン,2020105585,C,202407010508
トーホウキザン,2020101764,B,202407010508
ワンダフルヘヴン,2019110076,B,202407010508
ハクアイアテナ,2020105240,C,202407010508
バイファーザベスト,2019109106,B,202407010508
エイシンレジューム,2020106518,,202407010508
メイショウタイゲイ,2019104169,B,202407010508
ユキノエリザベス,2019106510,B,202407010508
ティーラミレス,2020106788,C,202407010508
スペンサーバローズ,2020106941,B,202407010508
キョウジ,2018105297,C,202407010508
ビップスコーピオン,2020103199,B,202407010511
サトノスライヴ,2017104056,B,202407010511
ヴェノム,2018104346,C,202407010511
ワセダハーツ,2018104729,B,202407010511
セブンスレター,2019100876,B,202407010511
タイセイエピソード,2019106390,B,202407010511
フランスゴデイナ,2018110117,C,202407010511
セイクリッドゲイズ,2018104746,C,202407010511
ラヴォラーレ,2018106311,B,202407010511
ロコポルティ,2018105503,B,202407010511
アオイイーグル,2020101861,B,202407010511
トップスティール,2019106387,B,202407010511
リチャ,2020105650,B,202407010511
キュールエフウジン,2019102983,C,202407010511
カレンアルカンタラ,2020103086,B,202407010511
ルクスフロンティア,2020104474,B,202407010511
クイーンアポーン,2019104128,C,202407010512
バウンティハンター,2017103493,C,202407010512
ゴイゴイスー,2018103388,B,202407010512
ロードドミニオン,2017103656,B,202407010512
レジーナローズ,2020104174,D,202407010512
モカラエース,2020103979,B,202407010512
オブシディアン,2020100307,C,202407010512
ヨドノゴールド,2018103293,B,202407010512
シルバーキングダム,2019103553,B,202407010512
グランプレジール,2019105338,B,202407010512
リッキーヤスオカ,2019101673,B,202407010512
タイセイアーメット,2018101198,C,202407010512
ワタシダケドナニカ,2020103918,C,202407010512
スイッチオン,2020106221,B,202407010512
トリオーレ,2020103893,B,202407010512
サイモンカーチス,2019102320,B,202407010512
テーオードラッカー,2021102244,B,202407010601
ゴールデンスイープ,2021105062,B,202407010601
マコトジャーベ,2021106584,B,202407010601
スリーボビー,2021103742,C,202407010601
アオイカメリア,2021100071,C,202407010601
エイシンホイップ,2021100088,C,202407010601
リアルカイザー,2021100461,C,202407010601
ストライクオン,2021102912,B,202407010601
スマートビアンカ,2021101544,C,202407010601
テンマ,2021102109,C,202407010601
エブリモーメント,2021104649,B,202407010601
デリングシチー,2021100385,C,202407010601
ステイチューンド,2021105696,B,202407010601
ギガストーム,2021106256,B,202407010601
ガラシュ,2021104519,C,202407010601
ハナチルサト,2021106474,C,202407010601
マジックライン,2021106966,B,202407010603
ケンジョー,2021110152,B,202407010603
モーニングヤマト,2021102692,C,202407010603
バスターウルフ,2021103038,D,202407010603
バティックオーレ,2021104664,C,202407010603
スプランドゥール,2021100623,C,202407010603
アーススピリット,2021105339,C,202407010603
バッジオブオナー,2021104753,B,202407010603
シャンパンポップ,2021105562,B,202407010603
レガッタ,2021102991,B,202407010603
シトロンヴェール,2021100199,B,202407010603
シセイダイキ,2021106728,C,202407010603
リフトローダー,2021102647,C,202407010603
ガーデンカメリア,2021110139,B,202407010603
トゥピ,2020106776,C,202407010606
テクノダイヤモンド,2020104270,B,202407010606
ダノンフューチャー,2019105456,C,202407010606
キレナイカ,2020103001,B,202407010606
グロリアスヒーロー,2019105755,C,202407010606
レッドラグラス,2020103183,B,202407010606
アルムエアフォルク,2020105540,B,202407010606
ジョーカーブラウン,2019103488,D,202407010606
ルフレーヴ,2020104490,B,202407010606
ヒルノデプラーツ,2019106573,C,202407010606
マルモルミエール,2020106311,B,202407010606
テーオーレガシー,2020100604,C,202407010610
ルーパステソーロ,2018100995,C,202407010610
マリアナトレンチ,2020102737,B,202407010610
サンテックス,2020100635,B,202407010610
ホウオウユニコーン,2019105808,C,202407010610
マコトゴコタイ,2018100991,C,202407010610
シャドウアイル,2019104635,C,202407010610
ダッシュダクラウン,2018104156,B,202407010610
コスモコラッジョ,2018106035,C,202407010610
ショウサンキズナ,2019102265,B,202407010610
シゲルショウグン,2020101694,B,202407010610
カフェカルマ,2019103309,B,202407010610
パーサヴィアランス,2019105330,B,202407010610
フミヤングフェイス,2020101960,B,202407010610
シュガーコルト,2019106364,C,202407010610
ミヤジシャルマン,2020101766,B,202407010610
ミラキュラスライト,2019104602,C,202407010612
エールレヴリー,2020102738,C,202407010612
バルミュゼット,2019106701,B,202407010612
ミルトハンター,2020105157,C,202407010612
カッティングジェム,2020104091,B,202407010612
ロードフォンス,2020100145,C,202407010612
テイエムファクター,2019103984,C,202407010612
テイエムフォンテ,2019100569,C,202407010612
メイショウキッド,2019102824,C,202407010612
ドライブアローカス,2020103034,B,202407010612
アーバンデザイン,2019104646,B,202407010612
ギョウネン,2020101574,B,202407010612
ヴィヴァン,2018102040,B,202407010612
カイカノキセキ,2019104536,B,202407010612
グラスシフォン,2020103985,C,202407010612
カゲマル,2020106458,C,202407010612
コパノオーランド,2022102376,B,202407020102
カリスパール,2022106035,C,202407020102
マルモリマジック,2022102776,C,202407020102
ジャスパーソレイユ,2022110111,C,202407020102
デーモンスレイヤー,2022106856,B,202407020102
ブルドッグワイルド,2022101232,B,202407020102
エハバンディーア,2022100541,C,202407020102
カシノシンボル,2022109103,C,202407020102
テイエムダイスター,2022103744,B,202407020102
アーデルリーベ,2022104633,B,202407020102
オデット,2022101925,C,202407020102
アンヘリート,2022103841,C,202407020102
ドナポンド,2022100696,B,202407020102
ブレイジングスター,2022103644,B,202407020102
ベラヴィットーリア,2022105721,B,202407020102
リトルサムシング,2022105636,B,202407020102
トルタディメーレ,2021105891,B,202407020103
ピケアラベスク,2021105291,C,202407020103
エリカルツェルン,2021102713,B,202407020103
ケルンピュール,2021101752,C,202407020103
フィールアライヴ,2021104775,C,202407020103
ヤマカツパルフェ,2021103610,C,202407020103
ウィージャスト,2021105786,B,202407020103
ビターメサイア,2021103826,B,202407020103
ピエナフェリーチェ,2021105179,B,202407020103
キタノレガーロ,2021106455,B,202407020103
アルピニスト,2021106296,B,202407020103
ナムラリーナ,2021104304,B,202407020103
クラリオ,2021106644,C,202407020103
ルージュルリアン,2021105000,C,202407020103
エデュース,2021100654,C,202407020103
ルージュロンサール,2021105542,C,202407020103
カチドキ,2021103980,C,202407020106
ソーラーシステム,2021106258,C,202407020106
バンドエース,2021105686,B,202407020106
ピンクイーグル,2021110052,B,202407020106
メイショウアラジン,2021102570,B,202407020106
ワーキングアセット,2021104936,B,202407020106
ルクスソレイユ,2021103940,B,202407020106
ビップライアン,2021100938,B,202407020106
ビスクウィザード,2021105269,B,202407020106
ハートストロング,2021102600,C,202407020106
フルオブサクセス,2021110091,B,202407020106
クリノオデッセイ,2021101859,B,202407020106
メイショウオオコ,2021102572,C,202407020106
エノラブエナ,2021105396,B,202407020106
ジューンバタフライ,2021100705,B,202407020106
ボンジーア,2021104034,C,202407020106
ヴィアダクト,2021105142,C,202407020108
クロダブシ,2021103866,B,202407020108
メイショウクーガー,2020106205,B,202407020108
アマートカヴァロ,2020103754,C,202407020108
ペプチドヒナタ,2021101240,B,202407020108
エアフォースワン,2019103506,B,202407020108
カールスタード,2021105554,B,202407020108
ティンティンデオ,2021104302,C,202407020108
デルマアートマン,2021104992,B,202407020108
マリオンエール,2018101371,C,202407020108
ヒロノラメール,2021104131,B,202407020108
グルーヴビート,2018105021,B,202407020108
ジョータルマエ,2020100771,B,202407020108
オペラプラージュ,2021104784,B,202407020108
ツリーフロッグ,2021104179,B,202407020108
ジョウショーパワー,2020105228,B,202407020110
インペリアルライン,2019104953,C,202407020110
クールブロン,2020102724,C,202407020110
タイガースパーク,2020104561,B,202407020110
サイモンメガライズ,2018101175,B,202407020110
ウィズザドリーム,2020102575,B,202407020110
テイエムシニスター,2019100083,B,202407020110
サンマルパトロール,2020106370,B,202407020110
タガノアレハンドラ,2020105552,B,202407020110
シンリミテス,2019106148,B,202407020110
ムジェロ,2020103414,B,202407020110
メイトースイ,2020100931,B,202407020110
トクシースタローン,2019103728,C,202407020110
プリティユニバンス,2017104215,B,202407020110
サヨノフィールド,2019104316,B,202407020110
メジャークオリティ,2019104913,B,202407020110
スナークメモリー,2020105167,B,202407020112
カレンマウラー,2021101577,B,202407020112
オーディブルコール,2020110013,B,202407020112
キングツェッペリン,2021106521,C,202407020112
シンエン,2019105359,B,202407020112
ララプロフォン,2020105841,B,202407020112
ストロンゲスト,2019103780,C,202407020112
タイセイミニスター,2021104197,B,202407020112
ハクサンツキミテイ,2021104564,B,202407020112
ラートリー,2019106677,C,202407020112
トーホウキザン,2020101764,B,202407020112
レイナアレナ,2020105046,B,202407020112
メイショウナラシバ,2019102886,C,202407020112
アンシール,2021106637,B,202407020112
ルールシェーバー,2017109029,B,202407020112
ファイアネイド,2020101823,C,202407020112
エピファドール,2021102710,B,202407020202
ナインストーンズ,2021105576,B,202407020202
トウコンリュウジン,2021100239,C,202407020202
カームゲイズ,2021101871,D,202407020202
インペリオ,2021102915,B,202407020202
リアルカラー,2021105843,C,202407020202
ルナプレス,2021104012,B,202407020202
テーオーダイヤ,2021102563,C,202407020202
ジャイサルメール,2021104090,B,202407020202
ポートカルタヘナ,2021104615,B,202407020202
プルーフリーダー,2021104437,B,202407020202
アラタマファルクス,2021102114,C,202407020202
ライペニング,2021102010,C,202407020202
ララバッカナール,2021107097,B,202407020202
ハッピーモンスター,2021100056,B,202407020202
エブリモーメント,2021104649,B,202407020202
ルパンモージュ,2021104679,B,202407020204
ダブルジャッジ,2021105221,B,202407020204
ベリーク,2021105446,C,202407020204
アルマーザアミール,2021105455,B,202407020204
ミグラテール,2021106758,C,202407020204
ヘニーズネフュー,2021106566,B,202407020204
メイショウコナン,2021103064,C,202407020204
インジケーター,2021103574,C,202407020204
パーソナルリバティ,2021104778,C,202407020204
イイデカンタロウ,2021107123,C,202407020204
ソルトロング,2021102960,B,202407020204
メイショウヨスガラ,2021102569,B,202407020204
アミュニション,2021104465,B,202407020204
フウシカデン,2021106696,C,202407020204
メイショウマツリ,2021103270,B,202407020204
ザフラッグ,2021104764,B,202407020204
ビナカマウ,2021106849,C,202407020206
ビップジェンマ,2021105413,C,202407020206
ブレイブハートマン,2021102995,B,202407020206
ジュエルドパリ,2021104438,B,202407020206
アンティシパル,2021104744,C,202407020206
クリノフロンティア,2021107297,C,202407020206
ボワエトワール,2021101401,B,202407020206
ラントリサント,2021105912,B,202407020206
エナノキセキ,2021104502,C,202407020206
ワンダーセイレーン,2021100223,B,202407020206
エイシンコクスン,2021100090,A,202407020206
デュアル,2021104063,B,202407020206
コンスピリート,2021106705,B,202407020206
スワルナパクシャ,2021103893,B,202407020206
ノイヤーヘルト,2021105055,B,202407020206
クインズアトリア,2021104549,C,202407020206
サーティファイド,2019105857,C,202407020208
サンデーヒーロー,2020100903,C,202407020208
グランドセントラル,2021104422,B,202407020208
ルシュヴァルドール,2021105630,B,202407020208
グーヴェルナイユ,2021106612,B,202407020208
ホルトバージ,2021102905,B,202407020208
アシャカデュメ,2021102066,C,202407020208
メイショウジェンマ,2020106491,C,202407020208
キングオブフジ,2021106164,C,202407020208
ソウルユニバンス,2017105358,C,202407020208
ロードマグマ,2019101012,C,202407020208
サイモンブーケ,2020102317,C,202407020208
ニホンピロマリンバ,2021103841,C,202407020208
グラストンベリー,2019103004,C,202407020210
シゲルバクハツ,2018103470,C,202407020210
メイショウカゲカツ,2019104044,B,202407020210
フォルテデイマルミ,2018105418,C,202407020210
ビシャモンテン,2018101370,C,202407020210
オシゲ,2020106642,B,202407020210
フレンチギフト,2019103210,B,202407020210
ナリタフォルテ,2018100474,C,202407020210
ゼウスバイオ,2019101964,C,202407020210
サンライズジャスト,2019101668,C,202407020210
シャローム,2021104141,B,202407020302
ラブリーメイク,2021102680,B,202407020302
セクシーガール,2021102697,C,202407020302
ダイシンサンディー,2021106246,B,202407020302
ヴェロクオーレ,2021101397,B,202407020302
メタルハート,2021100565,B,202407020302
ミクロフィラム,2021105652,B,202407020302
バンデルアース,2021105721,B,202407020302
メイケイアリッサム,2021105841,C,202407020302
コウソクテツドウ,2021106252,B,202407020302
ゼットレジーナ,2021105919,B,202407020302
テイエムスマック,2021107332,C,202407020302
クリノラリマール,2021109059,B,202407020302
ハーツクライアスク,2021102316,B,202407020302
タマモポロネーズ,2021104523,C,202407020302
メイショウベル,2021103302,B,202407020302
タガノアミカル,2021106549,B,202407020303
クリノルイーズ,2021103313,B,202407020303
ドゥータップ,2021110156,B,202407020303
ビッグアンサー,2021101524,C,202407020303
ライスベリー,2021101565,B,202407020303
レッドクレメンス,2021104970,B,202407020303
ラドロテア,2021104925,B,202407020303
フェヴリエ,2021110080,B,202407020303
ジーティームテキ,2021106683,B,202407020303
オックスブラッド,2021102725,B,202407020303
カレンワッツアップ,2021104321,B,202407020303
ミリオンタイムズ,2021100142,B,202407020304
リリーズブルーム,2021101725,B,202407020304
アクロスザシーズ,2021104847,B,202407020304
シスコスター,2021109091,B,202407020304
ラムテリオス,2021105178,C,202407020304
シャインネイト,2021101484,B,202407020304
アジアノハナ,2021105621,C,202407020304
ベラコルサ,2021104783,C,202407020304
デビルシズカチャン,2021105553,C,202407020304
プレジャー,2021104454,B,202407020304
リッカローラ,2021103779,C,202407020304
ファストフライト,2021109089,B,202407020304
メイショウメイボク,2021103076,B,202407020304
ユウスペシャル,2021100274,C,202407020304
ラスダシャン,2021104509,B,202407020304
マックスセレナーデ,2021101400,B,202407020304
ルルーディ,2022100883,B,202407020306
シンゼンヤマト,2022107357,B,202407020306
カガセブンスター,2022103119,C,202407020306
ポルトセグロ,2022101957,B,202407020306
クリノエニシ,2022101147,C,202407020306
クァンタムウェーブ,2022106395,B,202407020306
エイユーファイヤー,2022102710,C,202407020306
シャドーストライク,2022101273,C,202407020306
ビーマックス,2022100729,B,202407020306
トゥルプ,2022106318,B,202407020306
ブライトイメル,2022106179,B,202407020306
ピンクオハラ,2022102865,B,202407020306
メイショウハチロー,2022103264,B,202407020306
ヴォルクメア,2022106628,B,202407020306
メイショウヤシマ,2022100061,B,202407020306
ヨドギミ,2022104491,B,202407020306
ターゲサンブルック,2019105649,B,202407020308
ピエナクレスコ,2021101153,C,202407020308
ハイグッドワールド,2021104474,B,202407020308
オールスティール,2020107142,B,202407020308
クリノイザナミ,2021102118,C,202407020308
ヒルノアントラ,2017102084,C,202407020308
イージスバローズ,2020101563,B,202407020308
ポジティブガール,2019102229,B,202407020308
サンライズウェーヴ,2021102221,B,202407020308
ショーヘーフェイス,2020106022,C,202407020308
ブルーワール,2021110097,C,202407020308
パンテレリア,2019105822,B,202407020310
アスクアイルビゼア,2021102154,C,202407020310
ワーズワース,2018104030,B,202407020310
キャプテンネキ,2021101523,B,202407020310
ペプチドハドソン,2020106409,B,202407020310
スズカダブル,2020106660,B,202407020310
ヤマニンルリュール,2018102021,B,202407020310
ミエノナイスガイ,2019103767,C,202407020310
ヴィヴァン,2018102040,B,202407020310
エメラルドビーチ,2020110055,C,202407020310
モックモック,2020100061,B,202407020310
ミルトハンター,2020105157,B,202407020310
ブリーズオンチーク,2021105958,B,202407020310
ベネロングポイント,2019104606,B,202407020310
エヴィダンシア,2019106932,B,202407020310
アンジュフィールド,2020101582,C,202407020310
ゼンノジーニー,2021106975,B,202407020402
メイショウヴァイゼ,2021102981,B,202407020402
ソングライター,2021101642,B,202407020402
エクセレンアーサー,2021107236,B,202407020402
モズユイユイ,2021106702,B,202407020402
ダブルハートボンド,2021105700,B,202407020402
スピークイージー,2021102592,C,202407020402
レグノ,2021100456,C,202407020402
タマハガネ,2021100865,C,202407020402
サイモンプレジール,2021102798,B,202407020402
ポップスター,2021100179,C,202407020402
カラリパヤット,2021105681,B,202407020402
グラスフラッグ,2021106444,C,202407020402
ダイジェスト,2021101011,B,202407020404
ロードクルーガー,2021100064,C,202407020404
アンモード,2021105448,B,202407020404
シェルブールレイン,2021105189,C,202407020404
ダイシンアレス,2021102673,B,202407020404
ヤマニントゥルシー,2021106602,B,202407020404
ベストリターナー,2021106094,C,202407020404
アリスヴィクトリア,2021105409,C,202407020404
ジャコムスビ,2021101753,B,202407020404
エクステンシヴリー,2021100715,B,202407020404
ヴァルタリ,2021106753,B,202407020404
ノイヤーヘルト,2021105055,B,202407020404
ベルダイナフェロー,2021102982,B,202407020404
シャッフルガール,2021103202,B,202407020404
カリンテラス,2021105226,C,202407020404
キエンバンジョウ,2021106187,B,202407020404
バスタードサフラン,2021106610,B,202407020407
サンマルソムニア,2019106031,C,202407020407
アルムエアフォルク,2020105540,B,202407020407
タガノディガー,2021107107,C,202407020407
メイショウタムシバ,2021103268,B,202407020407
マハナ,2021106618,B,202407020407
メイショウホタルビ,2018105853,B,202407020407
リノアラ,2019101620,C,202407020407
リエータメンテ,2021105887,B,202407020407
パルメリータ,2020102642,B,202407020407
ヒヒーン,2021105394,B,202407020407
アキミューミュー,2021105344,B,202407020407
ブラックドレス,2021101391,B,202407020407
マンノライトニング,2020101113,B,202407020408
サドル,2019105434,B,202407020408
トウカイエルデ,2021100365,B,202407020408
スターザサンライズ,2019101624,B,202407020408
モアリジット,2021104832,C,202407020408
メイショウミシガン,2021105328,B,202407020408
フォティック,2020100271,B,202407020408
ニホンピロカラット,2021103842,B,202407020408
ゴットゴーゴー,2018105530,B,202407020408
エリカグロリア,2020104120,B,202407020408
ヘルモーズ,2021105431,B,202407020408
アンジュグルーヴ,2021105613,B,202407020408
イエデゴロゴロ,2021103701,B,202407020408
ドライグ,2020101652,B,202407020408
ハリウッドブルース,2021104514,B,202407020408
アルファヒディ,2019105322,B,202407020408
ランスオブサターン,2020104772,B,202407020409
エバーハピネス,2020103240,B,202407020409
アイタカ,2021109114,C,202407020409
サルサディーバ,2019104461,C,202407020409
タマモベローナ,2019100182,C,202407020409
ルージュスタニング,2021105775,B,202407020409
ヴォードヴィル,2020105872,C,202407020409
サトノアイオライト,2021105569,B,202407020409
アコークロー,2019104478,B,202407020409
クリノニキータ,2017102145,C,202407020409
キープスマイリング,2020103248,C,202407020409
ノッテルーナ,2020104240,C,202407020409
ウィルフルネス,2019102460,B,202407020409
ワイルドベティ,2019105073,C,202407020409
オーケーカルメン,2021102380,B,202407020409
レディアス,2020102562,C,202407020409
レインメーカー,2020103103,B,202407020412
ウエスタンシーズン,2021103444,B,202407020412
フレイミングパイ,2021106936,B,202407020412
フィルムアクトレス,2020101805,B,202407020412
ストームバンガード,2021103819,B,202407020412
ノースディーバ,2020105298,B,202407020412
フェニックスループ,2019104918,B,202407020412
プライムレート,2020104856,B,202407020412
マイネルサンテ,2020106021,C,202407020412
レッドフランカー,2018105096,B,202407020412
スマイルバック,2019105174,C,202407020412
クインズシャウラ,2021103837,B,202407020412
クリノオリーブ,2021102259,B,202407020412
モーデン,2018100442,B,202407020412
イミュータブル,2020104346,B,202407020412
パドマ,2021102953,B,202407020412
メイショウボヌール,2021102567,B,202407020502
プレジャー,2021104454,B,202407020502
カシノフロイデ,2021109149,C,202407020502
ケンブリッジユウ,2021100699,B,202407020502
タガノグランエース,2021106536,B,202407020502
メイショウミソハギ,2021102541,C,202407020502
セロリ,2021100612,C,202407020502
ルミナスボディ,2021100133,B,202407020502
ヨシノアカツキ,2021104515,C,202407020502
アルピニスト,2021106296,B,202407020502
パステルパレット,2021103472,C,202407020502
メメフェリーチェ,2021101159,C,202407020502
チュウワギフト,2021102293,C,202407020502
クインズアトリア,2021104549,B,202407020502
ハギノアネラ,2021100990,B,202407020502
アンナバローズ,2021103291,B,202407020502
シレンツィオ,2021102959,C,202407020503
ルミリオン,2021100381,B,202407020503
タイヘイノヨ,2021103864,B,202407020503
プロトアステール,2021105635,C,202407020503
メイショウナニクソ,2021103264,C,202407020503
エブリモーメント,2021104649,B,202407020503
ミルトコルサ,2021106345,B,202407020503
ランドシュール,2021102660,C,202407020503
ジュンフィレンツェ,2021107270,B,202407020503
ポートカルタヘナ,2021104615,B,202407020503
クレスコウェイ,2021102077,D,202407020503
メイショウマダケ,2021102548,B,202407020503
メロディアスハード,2021105256,B,202407020503
ロードトワイライト,2021100147,C,202407020503
ヤマニンブライトン,2021106593,C,202407020503
ウインオーブ,2021106200,B,202407020503
ビカムキング,2021110046,B,202407020506
ビップライアン,2021100938,B,202407020506
レッドモンストル,2021104207,B,202407020506
ユウトザルンルン,2021102186,C,202407020506
メイショウコナン,2021103064,B,202407020506
ルージュベラドンナ,2021105059,C,202407020506
メイショウエレジー,2021103213,B,202407020506
シントーキズナ,2021103928,C,202407020506
ボックスオフィス,2021101691,B,202407020506
メイケイノヴァ,2021105456,C,202407020506
キタノレガーロ,2021106455,B,202407020506
フェヴリエ,2021110080,C,202407020506
メイショウヴァイゼ,2021102981,B,202407020506
アルマーザアミール,2021105455,C,202407020506
メイショウコフデ,2021100818,C,202407020506
アーガイルプレイド,2021105846,B,202407020506
タイセイミニスター,2021104197,C,202407020508
エアフォースワン,2019103506,C,202407020508
カツラノキサノキ,2021101461,B,202407020508
メイショウベル,2021103302,C,202407020508
スリリングチェイス,2020103407,B,202407020508
メイショウカシワデ,2021103154,C,202407020508
ワンパット,2021102903,C,202407020508
ハッピーマインド,2021102656,B,202407020508
モモンウールー,2021105984,B,202407020508
グランドセントラル,2021104422,C,202407020508
サイモンブーケ,2020102317,C,202407020508
ピカレスクノベル,2021106087,B,202407020508
ツヨポンフェイス,2021106518,C,202407020508
ヒビキ,2020105517,B,202407020510
ルヴェルジェ,2019110130,C,202407020510
スペシャルナンバー,2019103825,B,202407020510
メイショウヒヅクリ,2019103902,B,202407020510
ジョヴィアン,2020110127,B,202407020510
リッキーヤスオカ,2019101673,B,202407020510
カゲマル,2020106458,B,202407020510
プレシオーソ,2017104092,B,202407020510
プレヴィスト,2021101406,B,202407020510
トールキン,2020103284,B,202407020510
ウインアウォード,2019101479,B,202407020510
タイキエクセロン,2019103996,B,202407020510
キュムロンニンバス,2018106597,C,202407020510
プレイテシア,2019102491,B,202407020510
ヤマニンプレシオサ,2017103123,B,202407020510
マリブパイン,2019106239,C,202407020510
サンライズジャスト,2019101668,B,202407020511
サンマルパトロール,2020106370,B,202407020511
フジマサインパクト,2018104778,B,202407020511
ゲンパチハマジ,2018106031,B,202407020511
ビップスコーピオン,2020103199,C,202407020511
マテンロウガイ,2020101036,B,202407020511
メイクザビート,2020102818,C,202407020511
ナリタフォルテ,2018100474,B,202407020511
フタイテンロック,2019102665,D,202407020511
ホウオウエクレール,2017103293,C,202407020511
ダディーズウォリア,2020106770,C,202407020511
ビシャモンテン,2018101370,D,202407020511
クレメダンジュ,2020105627,B,202407020511
ミアステラ,2019104126,C,202407020511
ペイシャモノノフ,2020101020,B,202407020511
スティルザワン,2021100193,C,202407020602
ダブルジャッジ,2021105221,B,202407020602
トゥラッタッタ,2021102973,B,202407020602
ワーキングアセット,2021104936,B,202407020602
シュムック,2021102415,C,202407020602
スカイイズユアーズ,2021106634,B,202407020602
ファセット,2021102913,C,202407020602
リリーピンシャー,2021102705,C,202407020602
トウカイリーゼ,2021100366,B,202407020602
メイショウアンゾフ,2021103159,C,202407020602
レイナドラーダ,2021104866,C,202407020602
エールクイーン,2021106669,B,202407020602
メイショウライメイ,2021102549,B,202407020602
ヤマニントレモロ,2021106606,B,202407020602
ユウトザキンパツ,2021104597,B,202407020602
メイショウオオコ,2021102572,C,202407020602
フォルテローザ,2021105706,C,202407020606
ジョウゲンノツキ,2021102755,B,202407020606
ライズンシャイン,2018100421,B,202407020606
セットリスト,2019105271,B,202407020606
スマートジェイナ,2020103448,A,202407020606
クインズセレネ,2021103943,B,202407020606
チアフルヴォイス,2021101634,C,202407020606
シャウラ,2020105124,B,202407020606
ブループリマドンナ,2021100703,B,202407020606
デアデルマーレ,2020100138,B,202407020606
ファイアネイド,2020101823,B,202407020606
セイウンデセオ,2021100248,B,202407020606
ルージュシェノン,2019105541,B,202407020606
キスオンザチーク,2020102790,B,202407020606
タガノミスト,2021106554,B,202407020606
ディーノサンライズ,2021101289,C,202407020606
ショウナンサルヴォ,2018100827,C,202407020607
オックスブラッド,2021102725,C,202407020607
マテンロウミラクル,2021105993,C,202407020607
メイショウマツリ,2021103270,C,202407020607
レジェンドシップ,2020103910,B,202407020607
ディズレーリ,2020103119,B,202407020607
ウィンターガーデン,2021105857,B,202407020607
ルシュヴァルドール,2021105630,B,202407020607
アスクデビューモア,2021104824,C,202407020607
オープンワンセルフ,2021105967,B,202407020607
ユウトザアシゲ,2021103442,C,202407020607
ジョータルマエ,2020100771,B,202407020607
カズタンジャー,2021101259,B,202407020607
マサハヤウォルズ,2020103045,B,202407020607
コウユーパパニニテ,2019100119,C,202407020609
プラチナドリーム,2019106330,C,202407020609
ハイラブハンター,2018103195,D,202407020609
エンプレスペイ,2020103779,C,202407020609
ワンダフルトゥデイ,2019106671,B,202407020609
インテンスフレイム,2018100679,B,202407020609
サンライズゴラッソ,2018100390,B,202407020609
タッチャブル,2020105670,B,202407020609
プレイサーゴールド,2020100053,C,202407020609
ポッドロゴ,2021104873,B,202407020609
ダディーズトリップ,2016100126,C,202407020609
ディヴァージオン,2020106144,B,202407020609
レッドベルアーム,2019105544,B,202407020609
ムジェロ,2020103414,B,202407020609
カズペトシーン,2020105585,B,202407020609
グレン,2020110151,B,202407020609
メイショウユズルハ,2019104089,C,202407020611
トウセツ,2019104589,C,202407020611
ブライアンセンス,2020106565,B,202407020611
テーオーサンドニ,2019104079,B,202407020611
タイセイドレフォン,2019105308,B,202407020611
ザイツィンガー,2016103730,B,202407020611
ハギノアトラス,2016102663,B,202407020611
ロードヴァレンチ,2019103507,B,202407020611
リチュアル,2019106748,B,202407020611
バハルダール,2019110015,B,202407020611
サンマルレジェンド,2018106259,B,202407020611
サンデーファンデー,2020104136,B,202407020611
メイショウドヒョウ,2017106376,B,202407020611
レイム,2021106942,B,202407020612
ウエスタンシーズン,2021103444,B,202407020612
アメリカンチケット,2021110122,C,202407020612
ハイクライテリア,2020102910,B,202407020612
ジェネラーレ,2021110153,B,202407020612
エブライト,2021101443,B,202407020612
モンシェリ,2021102399,B,202407020612
スターターン,2021104991,A,202407020612
ライジン,2020107082,B,202407020612
ボブズヤアンクル,2019110026,B,202407020612
ロードドミニオン,2017103656,B,202407020612
ワークソング,2021102462,C,202407020612
マルモリキング,2020100994,C,202407020612
ラブコメディ,2021110087,B,202407020612
ストライクオン,2021102912,C,202407020612
ダノンフェルゼン,2022104892,B,202407020701
ゴルティス,2022107239,C,202407020701
パワーストーン,2022103882,C,202407020701
ロードラビリンス,2022100653,B,202407020701
ソードナイト,2022102650,B,202407020701
テーオーシュタルク,2022104708,C,202407020701
ヒカルノキミ,2022109122,C,202407020701
ディクシャ,2022102951,B,202407020701
タイセイアビリティ,2022102799,B,202407020701
ブライトイメル,2022106179,B,202407020701
イサナ,2022102924,B,202407020701
メイショウロージー,2021103211,B,202407020703
ナナン,2021101146,B,202407020703
アクロスザシーズ,2021104847,B,202407020703
デビルシズカチャン,2021105553,C,202407020703
ファストフライト,2021109089,B,202407020703
ゲーベル,2021100786,B,202407020703
ブライトルピナス,2021103598,B,202407020703
オラクル,2021101556,C,202407020703
ドゥータップ,2021110156,B,202407020703
ドナドナ,2021102824,C,202407020703
ジャイサルメール,2021104090,B,202407020703
タイヘイノヨ,2021103864,B,202407020703
シンパティカ,2021102331,B,202407020703
ウインオーブ,2021106200,B,202407020703
エピファドール,2021102710,B,202407020703
ジュンフィレンツェ,2021107270,C,202407020703
ブルックリンダンス,2022105791,B,202407020706
ユウトザユウト,2022110118,B,202407020706
ケングロリア,2022100149,C,202407020706
トラヴェリンバンド,2022104009,B,202407020706
テイエムダイタカ,2022103678,C,202407020706
ホワイトアッシュ,2022100882,C,202407020706
タケルハーロック,2022100333,C,202407020706
ミユンガー,2022106201,B,202407020706
ボールドハーテッド,2022103551,B,202407020706
ランワールドワン,2022106323,C,202407020706
ディープボウ,2022101123,B,202407020706
ヤングアメリカンズ,2022104311,C,202407020706
ハリーケーン,2022106453,B,202407020706
ソイジャガー,2022100451,C,202407020706
トモジャー,2022104059,D,202407020706
ヤマニンシュラ,2022106604,B,202407020706
シブースト,2020100160,C,202407020708
メイショウホタルビ,2018105853,B,202407020708
ユキカゼ,2021105645,B,202407020708
タガノエクレール,2021106540,B,202407020708
ゴーダンシング,2021102340,C,202407020708
チカミリオン,2021103225,B,202407020708
リエータメンテ,2021105887,C,202407020708
アルムエアフォルク,2020105540,C,202407020708
コーラルハート,2021101426,B,202407020708
カッティングジェム,2020104091,B,202407020710
カズゴルティス,2021105608,B,202407020710
クリノクリスタル,2020107081,B,202407020710
ナサ,2018100008,C,202407020710
シュバルツガイスト,2020103575,C,202407020710
サヨノフィールド,2019104316,C,202407020710
リンドラゴ,2019101200,B,202407020710
ルーパステソーロ,2018100995,C,202407020710
ミヤジレガリア,2020100996,B,202407020710
ノボリクレバー,2020106393,B,202407020710
カフェニクス,2021103288,B,202407020710
バルミュゼット,2019106701,B,202407020710
タイガースパーク,2020104561,C,202407020710
リンクスルーファス,2019105510,B,202407020710
メイショウキッド,2019102824,C,202407020710
グリーズマン,2021105610,B,202407020712
ニホンピロカラット,2021103842,B,202407020712
メイショウミシガン,2021105328,B,202407020712
ベレニーチェ,2021100680,B,202407020712
レッドダンルース,2020103189,B,202407020712
モズパシュート,2021102629,C,202407020712
アマミツツキ,2021103863,C,202407020712
ルフトクス,2021105502,C,202407020712
ルールシェーバー,2017109029,B,202407020712
ハクアイアテナ,2020105240,C,202407020712
モカラエース,2020103979,B,202407020712
アンシール,2021106637,B,202407020712
ストロンゲスト,2019103780,B,202407020712
トゥラッタッタ,2021102973,C,202407020802
ヘニーズネフュー,2021106566,C,202407020802
ワーキングアセット,2021104936,C,202407020802
ビップジェンマ,2021105413,B,202407020802
ローズエクスプレス,2021103469,C,202407020802
モズユイユイ,2021106702,B,202407020802
メタルハート,2021100565,B,202407020802
ディアモミノル,2021104431,C,202407020802
ファセット,2021102913,B,202407020802
メイショウエレジー,2021103213,B,202407020802
クラリオ,2021106644,B,202407020802
メイショウコナン,2021103064,B,202407020802
メイショウオオコ,2021102572,B,202407020802
アンセムバローズ,2021101263,C,202407020802
アイアンウォール,2021102593,C,202407020802
キタノハヤブサ,2021104557,C,202407020802
フレアビート,2021109110,C,202407020804
カラヲヤブレ,2021104500,C,202407020804
メイショウヴァイゼ,2021102981,C,202407020804
リーゼダムール,2021105468,C,202407020804
アリスヴィクトリア,2021105409,B,202407020804
バンデルアース,2021105721,B,202407020804
ルミナスボディ,2021100133,B,202407020804
メイショウイコマ,2021102599,C,202407020804
ミルトコルサ,2021106345,C,202407020804
ホウショウディーバ,2021100268,C,202407020804
ヤマニントゥルシー,2021106602,C,202407020804
ノイヤーヘルト,2021105055,B,202407020804
キエンバンジョウ,2021106187,C,202407020804
アンナバローズ,2021103291,B,202407020804
ミラノヴェローチェ,2021103019,B,202407020804
ケンブリッジユウ,2021100699,C,202407020804
ゼットスティール,2020100202,C,202407020807
ヒルノアントラ,2017102084,C,202407020807
マイラッキーデイ,2021102369,C,202407020807
キュピドン,2020110065,B,202407020807
キングオブフジ,2021106164,B,202407020807
タイセイブロウ,2021104101,C,202407020807
ラウダブル,2021104752,B,202407020807
ドライグ,2020101652,C,202407020807
ケイアイエルナト,2021103121,B,202407020807
メイショウジェンマ,2020106491,B,202407020807
キタサンシデン,2021107047,B,202407020807
タイセイブリリオ,2019101005,B,202407020810
アウグスト,2019100284,D,202407020810
タイキフォース,2018106466,B,202407020810
モナルヒ,2019100723,C,202407020810
テイエムランウェイ,2019106632,B,202407020810
ヨドノビクトリー,2014103963,B,202407020810
ラズベリームース,2019105572,B,202407020810
ハギノモーリス,2019100652,B,202407020810
テイエムリステット,2021103725,B,202407020810
ローズスター,2020102061,B,202407020810
ハッピースワニー,2019101222,B,202407020810
メイショウヒューマ,2018106560,B,202407020810
アドバンスファラオ,2020110106,B,202407020810
グッドウッドガイ,2019105709,B,202407020810
ドラゴンゴクウ,2019105587,B,202407020810
フェルヴェンテ,2020102045,B,202407020810
ラグリマスマリア,2021107243,B,202407020812
ノースディーバ,2020105298,B,202407020812
パンファギア,2021101445,B,202407020812
フレンドパル,2018103766,B,202407020812
ブルーデイジー,2019101340,C,202407020812
モーデン,2018100442,C,202407020812
レッドフランカー,2018105096,B,202407020812
ヨシノヤッタルデー,2021102336,B,202407020812
ロードリレーション,2021100145,B,202407020812
シノノメ,2021101679,D,202407020812
ファセリア,2021103526,C,202407020812
フェンダー,2021105753,B,202407020812
レーヌガレット,2021101465,B,202407020812
キングツェッペリン,2021106521,C,202407020812
シュムック,2021102415,C,202407020812
フィルムアクトレス,2020101805,B,202407020812
レーンアジリティ,2022107325,B,202407030101
ラヴスティンガー,2022100663,B,202407030101
アートレスマインド,2022105987,B,202407030101
サディーク,2022110063,B,202407030101
テーオーシュタルク,2022104708,C,202407030101
アスカノソング,2022103653,D,202407030101
ヴァカンツァ,2022100416,C,202407030101
テイエムバゴオウ,2022103749,C,202407030101
ボル,2022103897,C,202407030101
カペルブリュッケ,2022105262,C,202407030101
ワンダーエバー,2022100420,C,202407030102
アルマリアルト,2022100121,C,202407030102
サンダーロード,2022102966,B,202407030102
ヴォルクメア,2022106628,B,202407030102
アルムチャーチル,2022106567,B,202407030102
マーウォルス,2022102394,C,202407030102
カルドゥッチョ,2022100530,B,202407030102
メイショウハチロー,2022103264,B,202407030102
ペプチドシナノ,2022101958,C,202407030104
チュウワチーフ,2022110117,B,202407030104
アイファーオウジャ,2022100549,C,202407030104
アメリカンステージ,2022110105,A,202407030104
テクノグルーヴ,2022104148,C,202407030104
メイショウアイク,2022103134,C,202407030104
トリポリタニア,2022104928,B,202407030104
ハルフロンティア,2022104724,B,202407030104
エスタア,2022105004,B,202407030104
ガンナール,2022106629,B,202407030104
ミルミナーヴァ,2021106332,B,202407030106
イツモニコニコ,2021107063,C,202407030106
チュウワギフト,2021102293,C,202407030106
ナムラルッコラ,2021100604,B,202407030106
マイネルサンテ,2020106021,B,202407030106
マーゴットエクラ,2021102925,C,202407030106
スパークルジョイ,2021101891,B,202407030106
マイネルフォーコン,2020104523,B,202407030106
メイショウゴルシ,2020106849,C,202407030106
ジオパーククラウン,2020106131,C,202407030106
ブルーデイジー,2019101340,,202407030106
パクスロマーナ,2020104616,C,202407030106
ジーティーノーブル,2021100615,B,202407030106
ストライクオン,2021102912,B,202407030106
リリーアロー,2019100689,C,202407030107
ヒロノラメール,2021104131,B,202407030107
ポジティブガール,2019102229,B,202407030107
ハイグッドワールド,2021104474,B,202407030107
ティンティンデオ,2021104302,B,202407030107
サイレントミニスタ,2021106151,B,202407030107
タイセイミニスター,2021104197,C,202407030107
アルゴナヴィス,2021105750,C,202407030107
エノラブエナ,2021105396,B,202407030107
クールジャーマン,2020100055,B,202407030107
クレアツィオーネ,2021102427,B,202407030107
サンライズフレイム,2020101599,B,202407030111
エンペラーワケア,2020101547,B,202407030111
デンコウリジエール,2017103165,C,202407030111
ペースセッティング,2020110007,B,202407030111
レオノーレ,2019100629,B,202407030111
ロードエクレール,2018105998,B,202407030111
コパノニコルソン,2019104116,B,202407030111
ライツフォル,2020103398,B,202407030111
グッドウッドガイ,2019105709,B,202407030111
ワールドウインズ,2017104093,B,202407030111
サクハル,2019103556,B,202407030112
タカラマドンナ,2019104328,B,202407030112
ロイヤルソウル,2019101680,C,202407030112
アネモス,2020104164,B,202407030112
サウスジェラート,2018104022,C,202407030112
スターターン,2021104991,B,202407030112
カナウ,2020103419,B,202407030112
タカネノハナコサン,2020105415,B,202407030112
プレシオーソ,2017104092,B,202407030112
オースミメッシーナ,2019105860,C,202407030112
メイショウホウレン,2021103716,C,202407030112
スナークメスナー,2022101316,B,202407030202
アウダース,2022109115,C,202407030202
アカオー,2022104471,C,202407030202
テイエムダイスター,2022103744,C,202407030202
タナノイナリー,2022100740,C,202407030202
マルモリマジック,2022102776,B,202407030202
シャインミラカナ,2022104411,B,202407030202
アスターニルギリ,2022100205,C,202407030202
ジョウショータイガ,2022106246,C,202407030202
ヒヒーン,2021105394,B,202407030206
ダブルハートボンド,2021105700,B,202407030206
レクランスリール,2020101129,B,202407030206
アキミューミュー,2021105344,B,202407030206
オウケンヴィーナス,2021105451,C,202407030206
ブラックドレス,2021101391,B,202407030206
ウィンターガーデン,2021105857,B,202407030206
スナークメモリー,2020105167,C,202407030206
サンマルソムニア,2019106031,D,202407030206
ヴァルトラウテ,2020105892,C,202407030206
アルベリック,2021101554,B,202407030207
ホルトバージ,2021102905,B,202407030207
イージスバローズ,2020101563,B,202407030207
メイショウフィガロ,2019103400,B,202407030207
マサハヤウォルズ,2020103045,B,202407030207
リューデスハイム,2021105508,B,202407030207
ヒルノデプラーツ,2019106573,B,202407030207
アマートカヴァロ,2020103754,C,202407030207
ピエナクレスコ,2021101153,C,202407030207
ジーニアスバローズ,2020100681,B,202407030209
ムルソー,2021103020,B,202407030209
ブレイゼスト,2020100631,B,202407030209
メジェド,2020105651,C,202407030209
テイエムシニスター,2019100083,C,202407030209
ショーヘーフェイス,2020106022,B,202407030209
ピジョンブラッド,2019100625,D,202407030209
ヒデノレインボー,2019102705,C,202407030209
メイトースイ,2020100931,B,202407030209
デルマアートマン,2021104992,B,202407030209
ドンアチェカ,2020105542,D,202407030209
メイショウマントル,2018100858,C,202407030209
レッドベルアーム,2019105544,B,202407030209
ワンダーブレット,2019102585,B,202407030209
クロデメニル,2019110103,B,202407030210
ミレヴィーナス,2019105847,C,202407030210
ジュストコル,2018110001,B,202407030210
ヒビキ,2020105517,B,202407030210
ミラバーグマン,2018103738,B,202407030210
メイショウフジタカ,2018105860,B,202407030210
ラインガルーダ,2017106295,B,202407030210
ペプチドヤマト,2019103605,B,202407030210
マルカラピッド,2020102776,B,202407030210
ジャスティンエース,2019105146,B,202407030210
カネコメシスター,2019101055,C,202407030210
エコロアイ,2020110137,B,202407030210
アイファーシアトル,2020107113,C,202407030210
ウナギノボリ,2019107016,C,202407030210
ホワイトガーベラ,2019101295,C,202407030210
ベンダバリラビア,2020101968,C,202407030210
ストレングス,2021106658,B,202407030212
グランファラオ,2020110140,B,202407030212
カズラポニアン,2019105148,C,202407030212
グラティアスミノル,2021104424,B,202407030212
ハリウッドブルース,2021104514,B,202407030212
ドゥータップ,2021110156,B,202407030212
テーオールノワール,2018102350,B,202407030212
フリースタイル,2020104559,C,202407030212
スナークシュンソウ,2018101592,C,202407030212
メイプルギャング,2021110063,B,202407030212
スターチスブーケ,2021110075,B,202407030212
マルモリキング,2020100994,C,202407030212
オールドマイン,2021110129,C,202407030212
ホワイトアッシュ,2022100882,C,202407030301
サンライズブレイク,2022101396,B,202407030301
ヤマニンシュラ,2022106604,B,202407030301
プライムクオリティ,2022102863,C,202407030301
ウォーターパラディ,2022103229,B,202407030301
ボールドハーテッド,2022103551,C,202407030301
スパイスマン,2022102960,C,202407030301
モレポブラーノ,2022105443,C,202407030301
ランワールドワン,2022106323,C,202407030301
ニヒトツーゼーア,2022102383,C,202407030302
ハッピールンナ,2022101217,C,202407030302
イージーゴーイング,2022103087,C,202407030302
カガセブンスター,2022103119,B,202407030302
ムーンナイト,2022102164,B,202407030302
メルキオル,2022104796,B,202407030302
サンライズフーガ,2022104429,C,202407030302
アカイツメ,2022109019,B,202407030302
ニホンピロゴルディ,2021103845,C,202407030304
オイデレオ,2021104580,B,202407030304
ワンパット,2021102903,C,202407030304
ハットリ,2020101056,B,202407030304
ラミアストラーダ,2020101402,C,202407030304
レーヴドレフォン,2021105895,B,202407030304
ジュンラトゥール,2021104039,B,202407030304
ディズレーリ,2020103119,B,202407030304
アスターチェンチ,2020101710,B,202407030304
メイショウマジック,2020106995,B,202407030304
ベファーナ,2020102757,C,202407030304
ピカレスクノベル,2021106087,B,202407030304
エアフォースワン,2019103506,B,202407030304
カネトシフラム,2020100716,B,202407030307
ペレグリン,2021100906,B,202407030307
クリニエールグラス,2019103978,C,202407030307
アンジュグルーヴ,2021105613,B,202407030307
ロンシャンクイーン,2020103274,B,202407030307
エリカソレイユ,2020103698,C,202407030307
アマミツツキ,2021103863,B,202407030307
エンジェルスノー,2021101637,B,202407030307
チアフルヴォイス,2021101634,B,202407030307
ノビル,2021102091,B,202407030307
ニュージェネラル,2021109087,C,202407030307
クインズシャウラ,2021103837,B,202407030307
ルージュシェノン,2019105541,B,202407030307
イエデゴロゴロ,2021103701,C,202407030307
ヤマカツパトリシア,2017104086,B,202407030307
ダディーズトリップ,2016100126,C,202407030310
ポッドロゴ,2021104873,B,202407030310
トーアライデン,2020103168,C,202407030310
オーケーカルメン,2021102380,C,202407030310
ダノンピレネー,2021104122,B,202407030310
クリノグローリー,2020102360,B,202407030310
クリノクリスタル,2020107081,B,202407030310
シュガーコルト,2019106364,C,202407030310
スナークレジスト,2017102930,B,202407030310
ワンダフルトゥデイ,2019106671,B,202407030310
サルサディーバ,2019104461,B,202407030310
メイショウシロガネ,2018106220,B,202407030310
テイエムヒショウ,2020101216,C,202407030312
キスオンザチーク,2020102790,C,202407030312
サドル,2019105434,B,202407030312
ラブコメディ,2021110087,B,202407030312
タイセイレスポンス,2021105646,B,202407030312
ルールシェーバー,2017109029,C,202407030312
サンダーバース,2021103582,B,202407030312
レゾルシオン,2020100747,C,202407030312
エコロカイザー,2021110158,C,202407030312
ウインドワンピース,2020103901,B,202407030312
タイセイブロウ,2021104101,B,202407030312
ドライグ,2020101652,B,202407030312
エコロネオ,2021110131,B,202407030312
スターチスブーケ,2021110075,C,202407030312
ベレニーチェ,2021100680,B,202407030312
ソイジャガー,2022100451,C,202407030402
ダイメイハマダ,2022104001,C,202407030402
サマーエンジェル,2022103165,B,202407030402
ディープボウ,2022101123,B,202407030402
コパノキュラソー,2022104085,C,202407030402
オトメナシャチョウ,2022110088,B,202407030402
カリスパール,2022106035,B,202407030402
テイエムダイタカ,2022103678,C,202407030402
サファリ,2022102800,C,202407030402
キタノサワヤカ,2022102501,C,202407030404
ディアマイハニー,2022104500,C,202407030404
ヴァンアグレアブル,2022105058,B,202407030404
エンゲージプライド,2022103905,B,202407030404
メイショウテンテン,2022105939,B,202407030404
ザハント,2022102929,B,202407030404
ロックウイズユー,2022103143,B,202407030404
テイエムライダー,2022103762,B,202407030404
メイショウサノサ,2022101472,C,202407030404
リエータメンテ,2021105887,C,202407030406
ゼットレジーナ,2021105919,B,202407030406
ハイウェイスター,2021106621,B,202407030406
マベルシュシュット,2021104453,C,202407030406
タマモナポリ,2021106177,B,202407030406
ジュリアスローズ,2021103506,B,202407030406
ゴーダンシング,2021102340,C,202407030406
コムルヴァン,2021107168,B,202407030406
モモンウールー,2021105984,B,202407030406
メイショウタムシバ,2021103268,B,202407030406
ラッキーマリリン,2021103318,B,202407030406
シンコーナホチャン,2021100471,B,202407030406
エピファドール,2021102710,B,202407030407
セントキルダ,2021105175,B,202407030407
アナスタシス,2021100493,B,202407030407
レインメーカー,2020103103,C,202407030407
モンシェリ,2021102399,C,202407030407
シグルドリーヴァ,2019103953,B,202407030407
ワークソング,2021102462,C,202407030407
スターザサンライズ,2019101624,B,202407030407
ライジン,2020107082,B,202407030407
サンシャインドナウ,2021107111,C,202407030407
キーウィル,2020105470,B,202407030407
ウエスタンシーズン,2021103444,C,202407030407
ニホンピロカラット,2021103842,C,202407030407
ケイアイメキラ,2020104215,C,202407030408
ララマルシュドロワ,2020110116,B,202407030408
ナムラレイ,2021101823,C,202407030408
スリリングチェイス,2020103407,B,202407030408
アリエスキング,2021101468,B,202407030408
フユソウビ,2021104496,C,202407030408
ジャスパーワールド,2020110107,C,202407030408
ヒルノアントラ,2017102084,C,202407030408
ゴールドローズ,2019102553,C,202407030408
レーウィン,2021100734,B,202407030408
フラッシング,2021105971,C,202407030408
グランドセントラル,2021104422,B,202407030408
ペプチドハドソン,2020106409,B,202407030412
ヴィヴァン,2018102040,B,202407030412
タイキエクセロン,2019103996,B,202407030412
メイショウキッド,2019102824,C,202407030412
マコトゴコタイ,2018100991,B,202407030412
ミキノプリンス,2019103418,C,202407030412
カッコヨカ,2019109159,B,202407030412
ウインアウォード,2019101479,C,202407030412
ヴィブラツィオーネ,2019104928,B,202407030412
フライヤートゥルー,2020100297,B,202407030412
ジョヴィアン,2020110127,B,202407030412
ローズバルサム,2020105625,B,202407030412
ヤマニンルリュール,2018102021,B,202407030412
テーオーテバルディ,2022102208,B,202407030501
モーリシャスアロマ,2022104603,B,202407030501
アニラ,2022105800,C,202407030501
ヴァカンツァ,2022100416,B,202407030501
クリノモノリス,2022102116,B,202407030501
ロワン,2022101499,C,202407030501
スイングムスメ,2022104112,C,202407030501
ナムラピノコ,2022101595,C,202407030501
インマイブラッド,2022104165,B,202407030501
リリードリーマー,2022106007,C,202407030501
ポルトセグロ,2022101957,D,202407030502
シャドーストライク,2022101273,C,202407030502
ブライトイメル,2022106179,B,202407030502
パワーストーン,2022103882,C,202407030502
コックリサン,2022106500,C,202407030502
タケルハーロック,2022100333,B,202407030502
ポセイドンバローズ,2022102752,B,202407030502
ヤングアメリカンズ,2022104311,B,202407030502
スマートシエラ,2022102055,C,202407030502
ブルックリンダンス,2022105791,C,202407030502
ミリアッドラヴ,2022105170,A,202407030504
ヒロノランド,2022104155,D,202407030504
タヴァネスタン,2022110074,B,202407030504
ダノンフィーゴ,2022100623,B,202407030504
タケノリッチ,2022101658,D,202407030504
フェアリーブルー,2022101180,C,202407030504
ドンパッショーネ,2022105965,B,202407030504
ヒルノガリシア,2022103815,C,202407030504
ニシノエンデヴァー,2022104070,C,202407030504
クールハッカー,2022100026,C,202407030504
テイエムヘルメット,2022103780,C,202407030504
セントールビースト,2022100371,B,202407030504
アレスグート,2022101095,C,202407030504
クリスタルテン,2022102442,B,202407030504
ワンダーカモン,2021100739,B,202407030506
モアリジット,2021104832,B,202407030506
ランゲル,2021104512,B,202407030506
ジョウゲンノツキ,2021102755,B,202407030506
ホウショウリナ,2021103069,C,202407030506
ローガンパス,2021105677,B,202407030506
ストロンゲスト,2019103780,C,202407030506
イイデカンタロウ,2021107123,B,202407030506
マルモリキング,2020100994,C,202407030506
イスラグランデ,2019104548,C,202407030506
ハギノインスパイア,2021106641,B,202407030506
ヨゾラノムコウニ,2021104191,B,202407030506
セットリスト,2019105271,B,202407030506
ライズンシャイン,2018100421,B,202407030506
テーオードラッカー,2021102244,B,202407030506
サンブノワ,2021105546,,202407030507
ボックスオフィス,2021101691,B,202407030507
キタノハヤブサ,2021104557,C,202407030507
キタサンシデン,2021107047,B,202407030507
フイノマジワリ,2021101415,B,202407030507
ソーニーイシュー,2021101705,B,202407030507
カツラノキサノキ,2021101461,B,202407030507
ピエスダルジャン,2021104827,B,202407030507
モンブランミノル,2021100838,B,202407030507
サイレントミニスタ,2021106151,C,202407030507
メイショウカシワデ,2021103154,C,202407030507
ナリタフォルテ,2018100474,C,202407030511
カズペトシーン,2020105585,B,202407030511
ゴッドブルービー,2020106063,B,202407030511
フランスゴデイナ,2018110117,B,202407030511
ゼウスバイオ,2019101964,C,202407030511
ヘニータイフーン,2020104675,B,202407030511
シゲルバクハツ,2018103470,B,202407030511
ダノンブレット,2018104665,C,202407030511
ペイシャモノノフ,2020101020,B,202407030511
メイクザビート,2020102818,B,202407030511
フルオール,2019102143,B,202407030511
クレメダンジュ,2020105627,B,202407030511
コルドンルージュ,2019110007,B,202407030511
カレンアルカンタラ,2020103086,B,202407030511
メイショウミカワ,2018106458,C,202407030511
サイモンザナドゥ,2020104497,B,202407030511
シリウス,2021100086,B,202407030512
エスペラード,2021101776,C,202407030512
テーオールノワール,2018102350,C,202407030512
ジークシュベルト,2020106593,C,202407030512
ロードリレーション,2021100145,B,202407030512
レーヌガレット,2021101465,C,202407030512
タマモアルタイル,2021101558,C,202407030512
フェンダー,2021105753,B,202407030512
ブルーデイジー,2019101340,C,202407030512
ヨシノヤッタルデー,2021102336,B,202407030512
ストームバンガード,2021103819,B,202407030512
メイショウキルギス,2021103155,C,202407030512
アンジュアルディ,2022102954,B,202407030601
ラヴスティンガー,2022100663,B,202407030601
ケングロリア,2022100149,B,202407030601
ブライアーヒル,2022106016,B,202407030601
カフェロワイヤル,2022106717,B,202407030601
メイショウバスク,2022103193,B,202407030601
フィドルファドル,2022104674,C,202407030601
クリノモノリス,2022102116,C,202407030601
ラッキーキャット,2022100683,C,202407030601
ロイヤルイブキ,2022101511,B,202407030603
ボル,2022103897,B,202407030603
シルフズミスチーフ,2022110001,C,202407030603
アメリカンステージ,2022110105,B,202407030603
ビーマックス,2022100729,B,202407030603
ソードナイト,2022102650,C,202407030603
ピースシャイニー,2022106509,B,202407030603
レーンアジリティ,2022107325,B,202407030603
ユウトザユウト,2022110118,C,202407030603
アンノドミニ,2022106643,C,202407030603
ブレイジングスター,2022103644,B,202407030603
メイショウアイク,2022103134,B,202407030603
テイエムパイロット,2022103775,B,202407030603
ゴンクール,2022103564,B,202407030603
トラヴェリンバンド,2022104009,B,202407030603
イダイ,2022106680,C,202407030603
テイエムパンサー,2022103782,C,202407030604
アイルビリーヴ,2022103176,B,202407030604
ヒマラヤベロス,2022101159,C,202407030604
スナークサンダー,2022106191,C,202407030604
クリノウィリアム,2022101395,B,202407030604
ブラックデザイア,2022101233,C,202407030604
アスタイクウス,2022106143,C,202407030604
リポジノ,2022104301,B,202407030604
キャリーグレイス,2022100091,B,202407030604
ザクシス,2022102711,B,202407030604
リケアマキアート,2022106491,B,202407030604
オールウェズキズナ,2021105479,B,202407030606
ヒルノデプラーツ,2019106573,B,202407030606
マジックブルー,2021103682,C,202407030606
メイショウフィガロ,2019103400,B,202407030606
アスクデビューモア,2021104824,B,202407030606
ウインラウダ,2021106206,B,202407030606
ムーンスカイ,2020102273,B,202407030606
グランオース,2021100620,B,202407030606
ジェネラーレ,2021110153,B,202407030609
コルルディ,2021102254,B,202407030609
マイネルサンテ,2020106021,B,202407030609
ボブズヤアンクル,2019110026,B,202407030609
モーデン,2018100442,B,202407030609
タガノヒナタ,2021106542,B,202407030609
イナウィンク,2020100800,B,202407030609
トモジャアルマンド,2017103155,B,202407030609
レッドフランカー,2018105096,B,202407030609
ルクルス,2020101635,B,202407030609
リリーエクスプレス,2021101470,C,202407030609
メイショウタイゲイ,2019104169,B,202407030609
アメリカンチケット,2021110122,B,202407030609
フリースタイル,2020104559,B,202407030609
テイエムリステット,2021103725,A,202407030611
カズゴルティス,2021105608,B,202407030611
ペプチドタイガー,2020106408,B,202407030611
ビアイ,2017106264,C,202407030611
バトゥーキ,2020101373,B,202407030611
メイショウモズ,2020106196,B,202407030611
マーブルマカロン,2020100818,B,202407030611
パーティーベル,2019104853,C,202407030611
フラップシグナス,2019104660,C,202407030611
ローズスター,2020102061,B,202407030611
レッドラマンシュ,2019103920,B,202407030611
ヴアーサ,2018104481,B,202407030611
エミサキホコル,2020102751,B,202407030611
シークレットキー,2021105489,B,202407030611
ビオグラフィア,2018105471,B,202407030611
バンドマスター,2020103519,B,202407030612
ランスオブサターン,2020104772,B,202407030612
レタラ,2019106334,C,202407030612
ヒデノレインボー,2019102705,C,202407030612
バンブーグローブ,2020102120,B,202407030612
ルージュブラゾン,2019104685,B,202407030612
サンダーアラート,2021101671,B,202407030612
クォーツァイト,2021104777,B,202407030612
タイトニット,2020102750,B,202407030612
スズカマジェスタ,2019103824,B,202407030612
ノボリクレバー,2020106393,C,202407030612
ワンダースティング,2018102956,B,202407030612
クリニクラウン,2020100934,C,202407030612
インテンソ,2020103636,B,202407030612
ケイアイメビウス,2019100323,B,202407030612
オーバーザドリーム,2020105734,C,202407030612
スカイテーラー,2022106192,C,202407030702
ホウオウアーネスト,2022103548,B,202407030702
ハックルベリー,2022101933,C,202407030702
テクノグルーヴ,2022104148,C,202407030702
ヴェーヌドール,2022105708,C,202407030702
ワンダーエバー,2022100420,C,202407030702
バルミラクル,2022106177,C,202407030702
ゴルティス,2022107239,C,202407030702
イサナ,2022102924,B,202407030702
ダイヤノエース,2022100124,C,202407030702
スナークピカソ,2022104171,C,202407030702
メレサンク,2022105168,B,202407030704
バイアーナ,2022102758,C,202407030704
フクノジョヴァンニ,2022106914,C,202407030704
コリエドール,2022102355,C,202407030704
ベルサ,2022103473,B,202407030704
クレベール,2022102955,B,202407030704
ドクターサクラ,2022100847,C,202407030704
プロミストジーン,2022105028,B,202407030704
サイラモナムール,2022105539,B,202407030704
キョラムン,2022107147,B,202407030704
メイショウセオト,2022102552,B,202407030704
オウケンヴィーナス,2021105451,C,202407030706
メイショウヒメゴゼ,2019104097,B,202407030706
タクシンイメル,2021104510,B,202407030706
アルムエアフォルク,2020105540,B,202407030706
タガノエクレール,2021106540,B,202407030706
ポジティブガール,2019102229,C,202407030706
ヒヒーン,2021105394,B,202407030706
ツッチーフェイス,2019100249,B,202407030706
シゲルオトヒメ,2019102986,C,202407030706
ゴーダンシング,2021102340,C,202407030707
ベンダバール,2021101077,B,202407030707
ラウダブル,2021104752,B,202407030707
ルクスアドラー,2021101100,B,202407030707
ナッカーフェイス,2019100110,B,202407030707
ワイドカイゼリン,2020102231,C,202407030707
サンダーバース,2021103582,C,202407030707
レッドダンルース,2020103189,B,202407030707
エフエイト,2021109016,B,202407030707
タガノミスト,2021106554,B,202407030707
メイショウマタベエ,2021100986,C,202407030707
アンシール,2021106637,C,202407030707
ヨッシーステージ,2021103576,C,202407030708
ソウルユニバンス,2017105358,C,202407030708
デンタルフロス,2021102645,C,202407030708
ダンツビガー,2020101712,B,202407030708
メイショウジェンマ,2020106491,C,202407030708
オボッチャマ,2020104518,B,202407030708
ホークフィールド,2021105004,B,202407030708
タイセイミニスター,2021104197,B,202407030708
タカサンフェイス,2020101913,B,202407030708
レッドクレメンス,2021104970,B,202407030708
ミキノプリンス,2019103418,C,202407030712
スペシャルナンバー,2019103825,B,202407030712
クルールデュヴァン,2019105379,B,202407030712
カイザーブリッツ,2020106384,B,202407030712
ビップシュプリーム,2019105241,C,202407030712
サウスジェラート,2018104022,B,202407030712
ストライクオン,2021102912,B,202407030712
ストリンジェンド,2020102702,B,202407030712
プレイテシア,2019102491,B,202407030712
インユアパレス,2021110126,C,202407030712
シンゼンヤマト,2022107357,C,202407030801
サファリ,2022102800,C,202407030801
カペルブリュッケ,2022105262,C,202407030801
コパノマロン,2022104326,B,202407030801
プライムクオリティ,2022102863,C,202407030801
スナークメスナー,2022101316,B,202407030801
テイエムバゴオウ,2022103749,C,202407030801
ドンパッショーネ,2022105965,B,202407030801
マルモリマジック,2022102776,B,202407030801
ディアマイハニー,2022104500,C,202407030802
ニヒトツーゼーア,2022102383,B,202407030802
ポセイドンバローズ,2022102752,B,202407030802
カルテシウス,2022105739,B,202407030802
ドリームジャック,2022104277,C,202407030802
マーウォルス,2022102394,C,202407030802
イージーゴーイング,2022103087,C,202407030802
スパイスマン,2022102960,C,202407030802
ヤングアメリカンズ,2022104311,B,202407030802
ハルフロンティア,2022104724,B,202407030802
レッドヴァリアート,2022105290,B,202407030802
シュパネントウィル,2022110090,B,202407030804
ローランドバローズ,2022101827,B,202407030804
ダイシンリンク,2022106699,B,202407030804
アグネスヒーロー,2022100180,B,202407030804
タガノビギニング,2022106565,B,202407030804
ジャストキングダム,2022101437,C,202407030804
メイショウスゴウデ,2022102548,C,202407030804
モルテンコア,2022101659,B,202407030804
ゴールデンカイト,2022110129,B,202407030804
ロワゾブルーチヌ,2022104140,C,202407030804
オドラニャソンソン,2022102756,C,202407030804
タイセイレグノ,2022101403,C,202407030804
エジプシャンブルー,2022110052,B,202407030804
スリーレジェンド,2022103602,C,202407030804
カレンスカーレル,2022105804,C,202407030804
ミスティマウンテン,2022101684,C,202407030804
レッドリベルタ,2021102436,B,202407030806
テイエムシップ,2019107031,B,202407030806
ピコニ,2021101727,B,202407030806
キングオブフジ,2021106164,B,202407030806
ウッドショック,2019106923,B,202407030806
ヴィアダクト,2021105142,B,202407030806
マリンバンカー,2021103129,B,202407030806
ミグラテール,2021106758,C,202407030806
ゲインサポート,2021104590,B,202407030806
リリーアロー,2019100689,C,202407030806
アメリカンビキニ,2022104957,B,202407030809
エコロアゼル,2022110107,B,202407030809
コスモストーム,2022104120,B,202407030809
スカイブルー,2022100136,B,202407030809
クレーキング,2022104743,B,202407030809
ケイアイマハナ,2022106584,B,202407030809
アースミューズ,2022105909,B,202407030809
カガバベル,2022106677,B,202407030809
ソロモン,2022104821,B,202407030809
ハッピーマン,2022100140,B,202407030809
ハギノアレグリアス,2017103290,B,202407030811
オメガギネス,2020102904,B,202407030811
エナハツホ,2019100094,B,202407030811
ロコポルティ,2018105503,B,202407030811
ヴァンヤール,2018101087,B,202407030811
フタイテンロック,2019102665,C,202407030811
グリューヴルム,2019105519,B,202407030811
サンデーファンデー,2020104136,B,202407030811
ビヨンドザファザー,2019101613,C,202407030811
カンピオーネ,2019100286,B,202407030811
ヴィクティファルス,2018104948,B,202407030811
サンライズアリオン,2019103419,B,202407030811
サンマルレジェンド,2018106259,C,202407030811
カフジオクタゴン,2019105656,B,202407030811
ハピ,2019100630,B,202407030811
タッケンイッキ,2020104524,B,202407030812
シンエン,2019105359,B,202407030812
ヨゾラノムコウニ,2021104191,B,202407030812
ポンピエ,2021104945,C,202407030812
フェールブリエ,2021101128,B,202407030812
グリーズマン,2021105610,B,202407030812
カズラポニアン,2019105148,C,202407030812
グラティアスミノル,2021104424,B,202407030812
カツラノキサノキ,2021101461,B,202407030812
エフエイト,2021109016,B,202407030812
カールスタード,2021105554,C,202407030812
タイセイアビリティ,2022102799,B,202407030901
ヒロノランド,2022104155,C,202407030901
フクキタテーラー,2022104292,C,202407030901
ダノンフェルゼン,2022104892,C,202407030901
ザハント,2022102929,B,202407030901
チムニートップス,2022110051,B,202407030901
アルデフォックス,2022110091,C,202407030901
ホワイトアッシュ,2022100882,C,202407030901
グランツリッター,2022107256,C,202407030901
ペプチドシナノ,2022101958,B,202407030901
ヤヌシサンダー,2022100591,C,202407030903
アートコレクション,2022101643,C,202407030903
ハギビス,2022106167,B,202407030903
ナムラジョコ,2022107247,D,202407030903
ワンダーブリング,2022100215,C,202407030903
マゴイチタ,2022105793,B,202407030903
サントモナルカ,2022105795,C,202407030903
キングコロネット,2022101583,C,202407030903
アメリカンビーチ,2022103728,C,202407030903
ウィッシュソング,2022101178,B,202407030903
テルモピュライ,2022102565,B,202407030903
テイエムファラオ,2022103747,B,202407030903
スピードイエロー,2022103068,C,202407030903
ユウメモリー,2022106850,C,202407030903
ウルスクローム,2022103630,C,202407030903
オールタイムハイ,2019106382,B,202407030904
アルベリック,2021101554,C,202407030904
ジュンラトゥール,2021104039,C,202407030904
スティーロポリス,2020103619,B,202407030904
ニホンピロゴルディ,2021103845,C,202407030904
ベファーナ,2020102757,B,202407030904
マサハヤウォルズ,2020103045,B,202407030904
ヒロピアーナ,2020105914,C,202407030904
スマートプレシャス,2021103939,B,202407030904
シウン,2019105420,C,202407030906
ルージュルミナス,2019105232,B,202407030906
シグルドリーヴァ,2019103953,B,202407030906
オアシスドール,2021103583,C,202407030906
スイープラン,2020102294,B,202407030906
ベレニーチェ,2021100680,C,202407030906
シャウラ,2020105124,B,202407030906
テンホワイトラブ,2020104052,C,202407030906
ラピダリア,2021100652,C,202407030906
ディクレアブルーム,2020106816,B,202407030906
リヤンドメテオール,2020102961,B,202407030906
オーケーミネルバ,2021100301,C,202407030906
ロンシャンクイーン,2020103274,B,202407030906
ランゲル,2021104512,C,202407030906
シャープソーン,2020101853,C,202407030906
カネトシフラム,2020100716,B,202407030906
ショウサンキズナ,2019102265,C,202407030908
メイショウマントル,2018100858,B,202407030908
モズアカボス,2020110069,C,202407030908
ワンダーブレット,2019102585,B,202407030908
カズタンジャー,2021101259,B,202407030908
テイエムシニスター,2019100083,B,202407030908
アコークロー,2019104478,B,202407030908
クールブロン,2020102724,B,202407030908
メイトースイ,2020100931,C,202407030908
ラミアストラーダ,2020101402,B,202407030908
リューデスハイム,2021105508,B,202407030908
シャンバラ,2019100615,B,202407030908
アナザーエース,2020104005,B,202407030908
スナークレジスト,2017102930,B,202407030908
ピエナパイロ,2020101335,B,202407030908
ガンウルフ,2020110120,B,202407030908
リチャ,2020105650,B,202407030910
ダイメイセブン,2020101919,B,202407030910
メイショウシナノ,2020106635,B,202407030910
ハビレ,2021100561,B,202407030910
サトノアポロン,2018105214,C,202407030910
ハッスルダンク,2020104632,B,202407030910
サンライズグルーヴ,2020104793,C,202407030910
コルドンルージュ,2019110007,C,202407030910
ジーサイクロン,2021106006,B,202407030910
フルオール,2019102143,B,202407030910
マリアナトレンチ,2020102737,B,202407030910
アスクビックスター,2019106414,C,202407030910
フームスムート,2017104238,C,202407030910
キュールエフウジン,2019102983,B,202407030910
ディープリボーン,2020100806,B,202407030910
メイショウミシガン,2021105328,B,202407030912
リンクスルーファス,2019105510,C,202407030912
スターペスカオリ,2020105929,C,202407030912
トウカイポワール,2021102389,B,202407030912
ストレングス,2021106658,B,202407030912
マイド,2020101879,B,202407030912
プロミシングスター,2021103073,B,202407030912
シゲルソロソロ,2020110100,B,202407030912
リンドラゴ,2019101200,B,202407030912
ヘルモーズ,2021105431,B,202407030912
サヴァイヴ,2017101804,B,202407030912
ライズンシャイン,2018100421,B,202407030912
リュクスウォリアー,2017100447,B,202407030912
ベルウッドウズメ,2019109138,C,202407030912
カナウ,2020103419,B,202407030912
トーホウキザン,2020101764,B,202407030912
メルローズ,2022106072,C,202407040101
ミストラルフェザー,2022104707,B,202407040101
サマーブライド,2022104090,B,202407040101
ロベルタカリーナ,2022104139,D,202407040101
ワイドレッド,2022100109,B,202407040101
ヒルノカーディフ,2022102687,C,202407040101
ユージュアーナ,2022102952,B,202407040101
フルドド,2022100630,B,202407040101
シュレン,2022102380,B,202407040101
リリードリーマー,2022106007,B,202407040101
ヴォルクメア,2022106628,B,202407040101
ペップトーク,2022104157,C,202407040101
ブリックダルジャン,2022105760,C,202407040101
チムニーパイプ,2022101656,B,202407040101
メイショウセツゲツ,2022103189,B,202407040101
ライツユーアップ,2022103527,C,202407040101
パワポケビー,2019107007,C,202407040102
フェールブリエ,2021101128,C,202407040102
ラセーヌシュメール,2021105260,C,202407040102
ゴイゴイスー,2018103388,C,202407040102
イミュータブル,2020104346,C,202407040102
ブリスフル,2021106070,B,202407040102
スターザサンライズ,2019101624,B,202407040102
シベリアンポラリス,2021101056,B,202407040102
ダミエ,2020103270,B,202407040102
ヴォンヌヴォー,2020106585,C,202407040102
チャコール,2021103257,C,202407040102
カツノテンス,2020105525,C,202407040102
クレイジーディス,2021102522,B,202407040102
イリュージョン,2020103975,C,202407040102
ジェットブレイク,2021100637,B,202407040102
スマイルバック,2019105174,C,202407040102
サイモンコーラル,2020100629,C,202407040103
グレイスオブゴッド,2020103967,C,202407040103
ミスサラワク,2021105923,C,202407040103
トゥピ,2020106776,C,202407040103
フイノマジワリ,2021101415,B,202407040103
リヴァイデント,2021103490,C,202407040103
ベルイストワール,2021100606,C,202407040103
ザブライド,2021104905,B,202407040103
タマモネモフィラ,2020103991,C,202407040103
サイモンブーケ,2020102317,B,202407040103
スナークサファイア,2021106176,C,202407040103
ローマンレイク,2021105976,C,202407040103
パルメリータ,2020102642,B,202407040103
ダストボウル,2022102389,C,202407040105
バルトゥール,2022100060,C,202407040105
ジューンアルテミス,2022110070,B,202407040105
イリバーレ,2022106834,C,202407040105
フロンティエール,2022105012,C,202407040105
レズルレクティオ,2022101442,B,202407040105
フィングステン,2022105758,B,202407040105
アファリン,2022110065,C,202407040105
アイファーファイト,2019101233,B,202407040106
タイキバルドル,2020106817,B,202407040106
クリノミニスター,2019103285,C,202407040106
スート,2021101652,C,202407040106
ダンツビガー,2020101712,B,202407040106
アメリカンチーフ,2021110123,C,202407040106
マイレーヌ,2020104676,B,202407040106
カンタベリーハヤテ,2020103766,D,202407040106
カルツァクライン,2021102933,C,202407040106
アンシール,2021106637,B,202407040106
ララマルシュドロワ,2020110116,B,202407040106
クアトロジャック,2021106105,C,202407040106
ソニックロプロス,2021104038,B,202407040106
ウィンウッドテール,2020106837,C,202407040106
ラウダブル,2021104752,B,202407040106
オリンポスカズマ,2020102013,B,202407040106
キタサンシデン,2021107047,C,202407040107
シュヴァルツナーガ,2020103897,C,202407040107
ザロック,2021106845,B,202407040107
フリーマントル,2021104868,C,202407040107
ウッドショック,2019106923,C,202407040107
ディアスポラ,2021102498,B,202407040107
カレンワッツアップ,2021104321,B,202407040107
スズカキング,2017105614,C,202407040107
アークレアル,2021103507,D,202407040107
ユメハハテシナク,2020106399,B,202407040107
ピエナオルフェ,2021101155,C,202407040107
ワンダーウィルク,2019103092,C,202407040107
クリニクラウン,2020100934,C,202407040109
ルナビス,2020106579,C,202407040109
メイショウポペット,2020106896,B,202407040109
ピュアグルーヴ,2020103444,B,202407040109
アルムエアフォルク,2020105540,B,202407040109
スカンジナビア,2019102794,B,202407040109
アルタビスタ,2020103579,B,202407040109
メロウヴォイス,2019102493,B,202407040109
ノーブルマルシェ,2020104636,C,202407040109
アコークロー,2019104478,B,202407040109
チカミリオン,2021103225,C,202407040109
タマモベローナ,2019100182,C,202407040109
ワイルドベティ,2019105073,C,202407040109
ルージュアベリア,2021105058,B,202407040109
アーレンダール,2019105063,B,202407040109
キタノブライド,2020106174,C,202407040109
サヨノミッキー,2022107059,C,202407040201
ゲンタツ,2022100932,B,202407040201
タナハシ,2022100195,B,202407040201
タイセイルシエル,2022103281,C,202407040201
アスタイクウス,2022106143,B,202407040201
エポエポサン,2022104636,B,202407040201
ミライヘノカギ,2022102062,C,202407040201
ロードシュヴァリエ,2022102639,C,202407040201
ダノンヴェステル,2022103242,C,202407040201
ウィズマスタング,2022106045,C,202407040201
シャトーホークビル,2022107268,D,202407040201
メイショウズイウン,2022100154,B,202407040201
シュテルンロット,2020102876,B,202407040202
ジャンヌローサ,2021103488,C,202407040202
イッツオンリーユー,2020102542,B,202407040202
プウスカンドゥール,2020104791,B,202407040202
ラピダリア,2021100652,C,202407040202
シウン,2019105420,C,202407040202
リオサラ,2021103454,B,202407040202
レーヴドレフォン,2021105895,B,202407040202
ホウオウジュビリー,2020103710,B,202407040202
ルミッキ,2021104911,B,202407040202
フォルテローザ,2021105706,C,202407040202
ディクレアブルーム,2020106816,B,202407040202
ホワイトターフ,2019105794,C,202407040202
エレガントギフト,2020101869,B,202407040202
イリディセント,2021105614,B,202407040202
ロンシャンクイーン,2020103274,B,202407040202
リリーアロー,2019100689,C,202407040203
ダブルジャッジ,2021105221,B,202407040203
バナマンテソーロ,2021102281,C,202407040203
ジーティージン,2021100119,D,202407040203
セレクティオ,2020100987,C,202407040203
タケルゴールド,2021100884,C,202407040203
ペンナヴェローチェ,2021104092,B,202407040203
カシノインディード,2020104175,D,202407040203
モルトヴェローチェ,2020100306,B,202407040203
クールソル,2021104325,B,202407040206
ズバットマサムネ,2021105711,B,202407040206
ヴォルスパシアル,2019102604,C,202407040206
グレイスカリヨン,2020100558,B,202407040206
レッドフランカー,2018105096,B,202407040206
テンホワイトラブ,2020104052,B,202407040206
グランプレジール,2019105338,B,202407040206
ケロシンドリームズ,2021100238,C,202407040206
レーベンヘルツ,2021103528,C,202407040206
ノーブルミステリー,2020106429,C,202407040206
ペプチドヒナタ,2021101240,B,202407040206
メイプルリーフラグ,2020103527,C,202407040206
シャドウダッチェス,2020102872,B,202407040206
ノアスペシャル,2021102784,B,202407040206
ゴルデールスカー,2020103625,B,202407040206
トルーマンテソーロ,2019102082,B,202407040206
サノノゴールド,2021102067,B,202407040207
ストーンズ,2021105583,B,202407040207
アークドール,2021110012,C,202407040207
デスティノ,2020106690,B,202407040207
サーティファイド,2019105857,C,202407040207
レリッシュ,2021101385,D,202407040207
ダオラダオラ,2020104336,C,202407040207
プルナチャンドラ,2021100329,C,202407040207
エースアビリティ,2021102098,C,202407040207
ホークフィールド,2021105004,B,202407040207
タナバタ,2021105969,C,202407040207
ポジティブガール,2019102229,B,202407040207
マヴォロンテ,2020103435,B,202407040210
ウインアウォード,2019101479,B,202407040210
ルージュスタニング,2021105775,B,202407040210
ロンズデーライト,2018105129,B,202407040210
ライジン,2020107082,B,202407040210
エブリモーメント,2021104649,B,202407040210
タイキエクセロン,2019103996,B,202407040210
フィルムアクトレス,2020101805,B,202407040210
サイレンスゴールド,2020105149,C,202407040210
ウォルラス,2020106687,C,202407040210
ヒルノピレネー,2020100673,B,202407040210
タカネノハナコサン,2020105415,B,202407040210
ライブリームーラン,2020106407,B,202407040210
ドゥータップ,2021110156,B,202407040210
アイファースキャン,2020101271,C,202407040210
ペプチドシュチク,2021102735,B,202407040210
クラウンプライド,2019104678,B,202407040211
レモンポップ,2018110015,A,202407040211
ハギノアレグリアス,2017103290,B,202407040211
ペプチドナイル,2018106084,B,202407040211
ペイシャエス,2019104245,B,202407040211
ドゥラエレーデ,2020103626,B,202407040211
セラフィックコール,2020103400,B,202407040211
ウィルソンテソーロ,2019102383,B,202407040211
テーオードレフォン,2019101324,B,202407040211
アーテルアストレア,2019104564,B,202407040211
ミトノオー,2020100273,B,202407040211
サンライズジパング,2021104756,B,202407040211
ミックファイア,2020104376,B,202407040211
スレイマン,2018105164,B,202407040211
グロリアムンディ,2018105251,B,202407040211
ガイアフォース,2019104476,A,202407040211
カネトシエテルノ,2022100167,C,202407040301
ダイタヴァルキリー,2022107358,C,202407040301
プリンセッサ,2022102138,B,202407040301
ミルキーハニー,2022104008,C,202407040301
トリュフチョコ,2022104675,C,202407040301
ジーナアクトレス,2022104842,C,202407040301
モンサンヴデット,2022101460,B,202407040301
デスティニーホープ,2022103625,C,202407040301
シウダーエヴィータ,2022105797,B,202407040301
マンノミューズ,2022106518,B,202407040301
ドリームクルーズ,2021104899,B,202407040302
スナイチゴールド,2020106457,C,202407040302
フォンメイリー,2019105287,C,202407040302
ドンアレス,2021104658,C,202407040302
リゼレインボー,2019102676,B,202407040302
ケンヴァイザッハ,2020109076,D,202407040302
エルプロフェッサー,2021101605,,202407040302
トクシーカイザー,2020100406,B,202407040302
マイネルトゥルネー,2021106820,C,202407040302
ハリウッドブルース,2021104514,B,202407040302
マクミランテソーロ,2021102276,B,202407040302
ベンダバール,2021101077,C,202407040302
インセプション,2020106664,C,202407040302
タガノエクレール,2021106540,B,202407040303
ルージュルリアン,2021105000,B,202407040303
ショーヴァロンス,2021103908,B,202407040303
モモンウールー,2021105984,B,202407040303
タマモネモフィラ,2020103991,C,202407040303
ヒラリーステップ,2020100652,C,202407040303
サクソンジェンヌ,2021106993,B,202407040303
ブルーペクトライト,2020103556,C,202407040303
ゲイルライダー,2022103684,B,202407040305
ホシクズロンリネス,2022107096,B,202407040305
スマートクラビ,2022103946,B,202407040305
ジュエルハウス,2022103150,B,202407040305
ラクスノカミカザリ,2022102673,C,202407040305
ウインエンデバー,2022106042,B,202407040305
トゥロン,2022105808,C,202407040305
フェアゴー,2022105174,B,202407040305
デザフィアドール,2022105172,C,202407040305
ララアヴリル,2022110087,C,202407040305
ゼンダンマイウェイ,2022106308,C,202407040305
オキョンピー,2022100220,C,202407040305
レインボーラッキー,2022106324,B,202407040305
カナメイシ,2022101613,B,202407040305
エコロレオナ,2022110110,B,202407040305
シヴァガミ,2022106388,B,202407040305
タケルルーク,2020106279,C,202407040306
レイワサンサン,2021102406,C,202407040306
ダノンタイムリー,2021105151,C,202407040306
ホウオウプレシャス,2020103939,C,202407040306
サンノーブル,2021100831,B,202407040306
ヒットアンドロール,2021104974,C,202407040306
ピンクイーグル,2021110052,B,202407040306
サーティファイド,2019105857,C,202407040306
コレクテイニア,2020110020,B,202407040306
メイショウソウタ,2021103263,B,202407040306
マテンロウタイム,2021106988,B,202407040306
メイショウコナン,2021103064,B,202407040306
ファルコンミノル,2020104748,B,202407040306
レッドライトニング,2021102200,B,202407040306
ジャスパーワールド,2020110107,C,202407040306
ヒロノラメール,2021104131,B,202407040306
トモジャアルマンド,2017103155,B,202407040308
フェスティヴルディ,2021106899,C,202407040308
ボタニカルガーデン,2020110044,B,202407040308
カツラノキサノキ,2021101461,B,202407040308
ヨシノヤッタルデー,2021102336,B,202407040308
ピカリ,2021110137,B,202407040308
ムコウジマランプ,2020104623,B,202407040308
フルラインナップ,2020104797,C,202407040308
テイエムタリスマ,2021109043,C,202407040308
ザウリ,2019101399,B,202407040308
ロマンスライト,2021102449,C,202407040308
パレフォーコン,2019100683,B,202407040308
コウユーユメノヨウ,2021101194,C,202407040308
ヨドノゴールド,2018103293,B,202407040308
サクソフィーナ,2021110042,B,202407040308
シャパリュ,2021104786,B,202407040310
メイショウフウドウ,2021104445,C,202407040310
タイセイミッション,2021101045,B,202407040310
コスモオピニオン,2020101258,B,202407040310
スナークラファエロ,2021103987,C,202407040310
スタボーンイメル,2020104853,C,202407040310
ラミアストラーダ,2020101402,B,202407040310
アルベリック,2021101554,B,202407040310
プレイサーゴールド,2020100053,B,202407040310
バンブーグローブ,2020102120,C,202407040310
メイショウジェンマ,2020106491,B,202407040310
ショウサンキズナ,2019102265,C,202407040310
アルファヒディ,2019105322,B,202407040310
ヘヴンリーハンド,2021106910,C,202407040310
レッドリベルタ,2021102436,C,202407040310
クロドラバール,2021101733,B,202407040310
ハルサメ,2022107294,B,202407040401
リクエイ,2022101398,B,202407040401
ヘッズアップ,2022104211,D,202407040401
フォラメン,2022102640,C,202407040401
スマートピリカ,2022103948,C,202407040401
コンパクトファイト,2022104110,C,202407040401
モズタチアガレ,2022106010,B,202407040401
リノベーション,2022101503,C,202407040401
ジークマインド,2022107319,C,202407040401
ビアンカネーヴェ,2022104410,B,202407040401
シュガープリンセス,2022107296,C,202407040401
テイエムバゴオウ,2022103749,C,202407040401
イエヤス,2022100864,C,202407040402
ルグランシャリオ,2022102611,C,202407040402
シュタールペスカ,2022104438,B,202407040402
ロードトルネード,2022100617,B,202407040402
トーセンディーン,2022110017,C,202407040402
カスミヅキ,2022103401,C,202407040402
トーアジョウトウ,2022105905,D,202407040402
メリトーリアス,2022105727,B,202407040402
バレアリックシー,2022105358,B,202407040402
ブレイクバウンズ,2022105592,B,202407040402
アルヴェッター,2022106139,B,202407040402
タイセイレグノ,2022101403,C,202407040402
オッフェンバック,2022106815,C,202407040402
アクロスザリバー,2022100481,C,202407040402
シンゼンマルノスケ,2022104057,C,202407040402
チェンジオブハート,2022101631,B,202407040402
サクラファシナンテ,2018104014,B,202407040403
ベニシア,2021100662,C,202407040403
マケズギライ,2021102516,B,202407040403
カンフーダンス,2020102639,B,202407040403
ヤマカツパトリシア,2017104086,B,202407040403
イノセントキャット,2021104745,B,202407040403
グリモワール,2019102371,C,202407040403
ゼンノツキヨミ,2021106983,B,202407040403
ブルーデイジー,2019101340,D,202407040403
サンマルブーケ,2021101120,B,202407040403
ドレシャス,2021100490,B,202407040403
サンダーアリュール,2021109069,C,202407040403
ソーニャシュニク,2021106923,B,202407040403
オンザヴィーナス,2021105057,C,202407040403
ペイシャスウィフト,2021102639,C,202407040403
シュヴァルツリーベ,2020106101,B,202407040403
クヴェレ,2021106940,B,202407040406
サンライズウェーヴ,2021102221,B,202407040406
リヴァイデント,2021103490,,202407040406
エスオーライジング,2021102631,C,202407040406
アルプスオジョー,2021100540,B,202407040406
ウヌボレヤサン,2021104052,B,202407040406
ゼンダンスカイ,2021106294,B,202407040406
レッドクレメンス,2021104970,D,202407040406
ロストボール,2019106972,C,202407040406
ルフトクス,2021105502,C,202407040406
アスクデビューモア,2021104824,B,202407040406
ミッキードラマー,2021104782,B,202407040408
エチャケナ,2021106673,B,202407040408
フレイムジョーカー,2019105745,B,202407040408
マリヨンヌ,2019104106,C,202407040408
メッエフアパラ,2021106066,B,202407040408
カネコメファミリー,2021104151,B,202407040408
エコロカレン,2021103484,B,202407040408
メイショウマジック,2020106995,D,202407040408
エンドレスロード,2019100665,B,202407040408
ポルトドール,2020102728,B,202407040408
ジャーニーメモリー,2020104437,B,202407040408
ブリッツクリーク,2021109125,B,202407040408
エテルネル,2020101830,B,202407040408
ノルドヴェスト,2020102711,B,202407040408
クリノミニスター,2019103285,C,202407040408
ヨドノルミナス,2021100897,C,202407040408
アイファーキャップ,2021107295,C,202407040409
ワンパット,2021102903,C,202407040409
スマートリアファル,2021102083,B,202407040409
ビルンバウム,2021104872,B,202407040409
ヒヒーン,2021105394,B,202407040409
レリッシュ,2021101385,C,202407040409
ブライテストドーン,2020102956,C,202407040409
キングオブフジ,2021106164,C,202407040409
キャストロペペ,2021100257,C,202407040409
ボル,2022103897,C,202407040501
ナックカイザー,2022101655,C,202407040501
テイエムファルクス,2022103742,C,202407040501
メイショウテンテン,2022105939,C,202407040501
スマートテンペスト,2022102734,B,202407040501
コウバイ,2022106919,B,202407040501
クラウンジュエル,2022101812,C,202407040501
カペルブリュッケ,2022105262,B,202407040501
ボーヌロマネ,2022102529,B,202407040501
ポッドバディ,2022106081,C,202407040501
エコロスヴァル,2022110109,B,202407040501
セルズパワー,2022102052,C,202407040501
マニーヒーロー,2022103035,B,202407040501
クリプトス,2022101637,B,202407040501
ショウナンヤッホー,2022104605,B,202407040501
シバノストムキット,2022107348,D,202407040501
アシセバイラ,2021104896,B,202407040502
スターチョウサン,2021102412,B,202407040502
サイモンブーケ,2020102317,C,202407040502
パルメリータ,2020102642,B,202407040502
エーリアル,2021104856,B,202407040502
ホーリーホック,2020106228,C,202407040502
オールウェズキズナ,2021105479,C,202407040502
キューティクローム,2021101176,B,202407040502
フィルムスコア,2018103063,B,202407040502
イッツオンリーユー,2020102542,C,202407040502
サンマルソムニア,2019106031,C,202407040502
ホウオウシンデレラ,2021103533,C,202407040502
シゲルオトヒメ,2019102986,B,202407040502
サイモンコーラル,2020100629,C,202407040502
ヒヒーン,2021105394,C,202407040502
マコトヴィエルジ,2021105783,B,202407040502
ブリスフル,2021106070,C,202407040503
ケイエイト,2020103673,C,202407040503
バスケットカウント,2020101400,C,202407040503
チェイスザウェイ,2020104111,C,202407040503
ヒデシンイメル,2021100678,C,202407040503
サリーピルエット,2020100462,C,202407040503
メイショウイヌワシ,2019104100,B,202407040503
トロピカルヒーロー,2020104960,C,202407040503
ビバップ,2021102700,C,202407040503
フェールブリエ,2021101128,C,202407040503
ミスエル,2021106986,B,202407040503
ドントレットゴー,2021103614,C,202407040503
レッドカメリア,2020100084,C,202407040503
ニホンピロトッティ,2021104210,B,202407040503
スターザサンライズ,2019101624,B,202407040503
フーレイ,2019103672,C,202407040503
イエルバブエナ,2020106899,B,202407040506
ララマルシュドロワ,2020110116,C,202407040506
ウインアルドーレ,2021106192,C,202407040506
ゴンザーゴ,2021105388,B,202407040506
アオカミ,2019101753,D,202407040506
ドゥライト,2020101390,C,202407040506
クインズアトリア,2021104549,B,202407040506
ミッドナイトラスタ,2021110041,B,202407040506
ディバイングレース,2020103410,B,202407040506
コネッシオーネ,2021100479,B,202407040506
ウィウィルウィン,2021102347,B,202407040506
メイプルギャング,2021110063,B,202407040506
ジーベック,2021103242,C,202407040506
グランデスフィーダ,2020104913,B,202407040506
テイエムボビーダン,2021100273,C,202407040506
モアリジット,2021104832,C,202407040506
テイクノーティス,2021104776,C,202407040507
ティエラサンタ,2020102658,C,202407040507
カレンワッツアップ,2021104321,B,202407040507
ゼンダンスカイ,2021106294,B,202407040507
テンカオーライ,2020102959,C,202407040507
ミスサラワク,2021105923,C,202407040507
エリカヴェネチア,2021110106,B,202407040507
ディアマンドロップ,2021103545,B,202407040507
ジュウオウ,2021110162,C,202407040507
ガルデルクラージュ,2021105480,C,202407040507
テイエムデンセツ,2021102160,B,202407040507
フイノマジワリ,2021101415,B,202407040507
アークドール,2021110012,C,202407040507
ソニックライン,2021105871,B,202407040507
ベルイストワール,2021100606,C,202407040507
イーサンハンター,2021104362,B,202407040507
アイオブザストーム,2020104160,B,202407040510
エムズマインド,2020101641,B,202407040510
アイファースキャン,2020101271,C,202407040510
ランスオブサターン,2020104772,C,202407040510
パンデアスカル,2020103369,C,202407040510
ロードオルデン,2019102656,B,202407040510
タイキエクセロン,2019103996,C,202407040510
ワイワイレジェンド,2021103812,B,202407040510
マコトゴコタイ,2018100991,C,202407040510
ノーブルマルシェ,2020104636,C,202407040510
ユイノイチゲキ,2020101943,B,202407040510
ファイヴレター,2017102043,B,202407040510
メイショウホオズキ,2018100595,C,202407040510
リンクスルーファス,2019105510,C,202407040510
クリノクリスタル,2020107081,B,202407040510
トウカイファクター,2019103692,C,202407040510
フルオール,2019102143,B,202407040511
ヘニータイフーン,2020104675,B,202407040511
マルブツプライド,2019103518,B,202407040511
メイショウカゲカツ,2019104044,C,202407040511
ベンテイガ,2019105996,D,202407040511
メイクザビート,2020102818,C,202407040511
コルドンルージュ,2019110007,B,202407040511
フジマサインパクト,2018104778,B,202407040511
メイショウコガシラ,2020100979,B,202407040511
フタイテンロック,2019102665,C,202407040511
レプンカムイ,2018109080,B,202407040511
リチャ,2020105650,B,202407040511
ハッスルダンク,2020104632,C,202407040511
ハイアップグレード,2022101326,C,202407040601
ヤングアメリカンズ,2022104311,B,202407040601
プリスクリプション,2022105782,C,202407040601
ジェイルブレイク,2022100831,C,202407040601
タイセイバンクール,2022104404,B,202407040601
エイユーファイヤー,2022102710,C,202407040601
レズルレクティオ,2022101442,B,202407040601
ウィズマスタング,2022106045,B,202407040601
ホウオウレイヴン,2022105322,C,202407040601
イリバーレ,2022106834,C,202407040601
バヤシーフェイス,2022101059,B,202407040601
サイモンベローチェ,2022102209,C,202407040601
エポエポサン,2022104636,B,202407040601
スウィープレジーナ,2022103972,B,202407040601
ボールドハーテッド,2022103551,C,202407040601
イエスウィズキャン,2020100472,B,202407040602
ゴーゴーケイコ,2021106562,C,202407040602
ジェットブレイク,2021100637,C,202407040602
メイショウキルギス,2021103155,B,202407040602
ペッパーミル,2021102745,C,202407040602
ヨドノゴールド,2018103293,B,202407040602
ペイシャニット,2021106326,C,202407040602
ピコサン,2021101730,B,202407040602
サンレイマリー,2021102326,C,202407040602
マーゴットファブ,2021106722,C,202407040602
カルツァクライン,2021102933,B,202407040602
スマートオリーブ,2019104059,B,202407040602
ワンリオン,2019101446,B,202407040602
オオゾラヒバリ,2021101793,C,202407040602
タガノヒナタ,2021106542,B,202407040602
レイワホマレ,2019105429,B,202407040602
リュケイオン,2021105853,B,202407040603
カビーリア,2020106639,C,202407040603
ダイユウファリーナ,2021101896,C,202407040603
オブシディアン,2020100307,C,202407040603
ゲインサポート,2021104590,C,202407040603
サトノルクソン,2020103378,A,202407040603
アルゴナヴィス,2021105750,B,202407040603
ジャマン,2019106333,B,202407040603
ガウラスパーク,2021103586,B,202407040603
カーマンライン,2021105329,C,202407040603
ボックスオフィス,2021101691,B,202407040603
ペンナヴェローチェ,2021104092,C,202407040603
デスティノ,2020106690,B,202407040603
スマイルヴィヴァン,2018100895,C,202407040603
ベストディシジョン,2021105718,C,202407040603
スノーブリザード,2021107138,C,202407040603
ワンパット,2021102903,B,202407040606
アンバードール,2021104448,B,202407040606
モーメントキャッチ,2020104725,C,202407040606
リリーアロー,2019100689,C,202407040606
キトゥンヒール,2021105607,,202407040606
ポルポラジール,2021102993,C,202407040606
メイショウコナン,2021103064,B,202407040606
アイファーキャップ,2021107295,C,202407040606
ホウオウプレシャス,2020103939,C,202407040606
シャハザマーン,2021105680,B,202407040606
ラキアレクサンダー,2021106128,B,202407040606
レグロスヴァーグ,2021106628,B,202407040606
ピエナオルフェ,2021101155,C,202407040606
ダブルジャッジ,2021105221,B,202407040606
モズバンディット,2020101268,C,202407040606
ジークシュベルト,2020106593,C,202407040607
カーリングホリデー,2021106982,C,202407040607
ロサンゼルス,2021103711,B,202407040607
テンフェリーチェ,2020105564,B,202407040607
レッドフランカー,2018105096,B,202407040607
ゴルデールスカー,2020103625,B,202407040607
ファストレーン,2021104678,B,202407040607
レディーエンジェル,2021103289,B,202407040607
リヤンドゥミラクル,2021105125,B,202407040607
ワンダーウィルク,2019103092,C,202407040607
オーサムデアラー,2020102952,B,202407040607
キタノライジン,2021104561,C,202407040607
スナークメモリー,2020105167,C,202407040607
ニシノアウェイク,2021107089,C,202407040607
フレイムジョーカー,2019105745,C,202407040607
マイレーヌ,2020104676,B,202407040607
アレスグート,2022101095,C,202407040609
サディーク,2022110063,B,202407040609
ピーチマカロン,2022103898,B,202407040609
ゼンダンマイウェイ,2022106308,C,202407040609
クニノハッピー,2022105990,B,202407040609
ポールセン,2022110140,B,202407040609
ユウトザユウト,2022110118,B,202407040609
サトノテンペスト,2018100388,B,202407040611
ハギノアトラス,2016102663,B,202407040611
エナジーグラン,2019104108,C,202407040611
ゴールドパラディン,2017103283,C,202407040611
タイセイブレイズ,2018102969,D,202407040611
サクセスローレル,2019102454,B,202407040611
レオノーレ,2019100629,B,202407040611
ゼルトザーム,2021103080,B,202407040611
エルバリオ,2019105075,B,202407040611
エミサキホコル,2020102751,B,202407040611
ユティタム,2020102891,B,202407040611
バトゥーキ,2020101373,B,202407040611
ミラクルティアラ,2020103070,B,202407040611
バグラダス,2020106015,B,202407040611
スマートフォルス,2020101707,B,202407040611
フリームファクシ,2020103661,B,202407040611
オスピタリテ,2021101723,C,202408010101
ヤルキゲンキフトシ,2021103972,C,202408010101
カフジテルビウム,2021102150,C,202408010101
メネラオス,2021105840,B,202408010101
フォートポータル,2021103251,C,202408010101
ルージュシュエット,2021105640,B,202408010101
タイセイサクシード,2021103496,C,202408010101
ソニック,2021106754,C,202408010101
メイショウアラセツ,2021102836,B,202408010101
メイショウムカバキ,2021100741,C,202408010101
カレンワッツアップ,2021104321,B,202408010101
スターチスブーケ,2021110075,B,202408010101
メイショウマツリ,2021103270,B,202408010101
アメリカンチーフ,2021110123,B,202408010101
セレブレイトエール,2021104109,A,202408010101
ヤマニンアラクリア,2021100284,B,202408010101
ハーバーライト,2021105477,B,202408010102
サンライズマウレア,2021102242,B,202408010102
キタノハヤブサ,2021104557,B,202408010102
マテンロウガーデン,2021103023,B,202408010102
ウインメラナイト,2021106196,C,202408010102
ピースウォリアー,2021101618,C,202408010102
ブルーメンコルソ,2021103915,C,202408010102
シュヴァイゲン,2021103886,C,202408010102
ノイヤーヘルト,2021105055,C,202408010102
クワッドルッツ,2021105147,C,202408010102
シュラハト,2021102507,B,202408010102
ハチャトリアン,2021102020,B,202408010102
テーオーカルドア,2021106761,B,202408010102
ダンツパルス,2021102961,C,202408010102
カズタンジャー,2021101259,C,202408010102
アイファーキャップ,2021107295,C,202408010102
ワンダーエトワール,2021102665,B,202408010103
ハッピーダンス,2021105916,B,202408010103
アルピニスト,2021106296,C,202408010103
グディンナ,2021102162,B,202408010103
グラス,2021101760,C,202408010103
カネコメファミリー,2021104151,C,202408010103
テイケイモハラ,2021101584,B,202408010103
オアシスドール,2021103583,B,202408010103
メイショウニコニコ,2021102031,C,202408010103
ネオアステーリ,2021106125,B,202408010103
リリーズブルーム,2021101725,B,202408010103
ランランガール,2021105003,B,202408010103
プレジャー,2021104454,B,202408010103
ワキノルーチェ,2021102156,C,202408010103
サンネリネ,2021101298,C,202408010103
フルリール,2021107178,B,202408010103
エクササイズ,2021103099,C,202408010104
ジャスティンライズ,2021103237,B,202408010104
ケーヴァラ,2021106054,B,202408010104
マテンロウブラボー,2021101422,B,202408010104
ナムラカメジロー,2021104305,C,202408010104
テーオーパスワード,2021102236,B,202408010104
ヤマニンステラータ,2021106603,C,202408010104
セルリアンジャガー,2021101892,C,202408010104
スターメイデン,2021110140,C,202408010104
ギマール,2021105931,B,202408010104
サンライズウェーヴ,2021102221,C,202408010104
スマートリアファル,2021102083,B,202408010104
タイセイクエスト,2021100262,C,202408010104
パカーラン,2021105073,B,202408010104
ニホンピロジェシカ,2021104211,C,202408010104
タガノアウル,2021106011,C,202408010104
ダノンフューチャー,2019105456,C,202408010107
ブライトホルン,2019100617,B,202408010107
シャンデルナゴル,2020103193,B,202408010107
ダークモード,2020110052,B,202408010107
セレクティオ,2020100987,B,202408010107
メイショウホーコン,2019104098,C,202408010107
ダンテバローズ,2020104661,B,202408010107
メジャークオリティ,2019104913,B,202408010107
マルカブリッツ,2020103123,C,202408010107
サンライズパスカル,2020102343,B,202408010107
ネッケツシャチョウ,2020105954,B,202408010107
ゼットノヴァ,2019106593,B,202408010108
ブラーヴ,2020106733,B,202408010108
ロードジャスティス,2019103027,C,202408010108
ジュンウィンダム,2020106062,B,202408010108
ナツイロノオトメ,2019103726,C,202408010108
オカリナ,2017101726,B,202408010108
エクサープト,2019102481,B,202408010108
テンメジャーガール,2019104549,B,202408010108
リュウ,2020101578,B,202408010108
フクノワカバ,2020106795,B,202408010108
タイキエクセロン,2019103996,B,202408010108
ベンダバリラビア,2020101968,B,202408010108
ビップシュプリーム,2019105241,B,202408010108
テイエムフェロー,2019103421,C,202408010108
スカーレットジンク,2018104333,C,202408010108
ディアサクセサー,2020103074,B,202408010108
サトノルフィアン,2019106575,B,202408010109
メイショウヒューマ,2018106560,A,202408010109
ヴァンデリオン,2017110173,B,202408010109
ウインアキレウス,2018101616,C,202408010109
フォーチュンテラー,2019100631,B,202408010109
モズリッキー,2019106699,C,202408010109
マイネルプロンプト,2012100683,B,202408010109
シアージスト,2019110009,B,202408010109
コパノパサディナ,2020100829,B,202408010109
ナムラフランク,2019101975,B,202408010109
インヒズアイズ,2020110147,B,202408010109
ブレーヴジャッカル,2018105187,B,202408010109
スマートレザルト,2021102722,B,202408010201
ケイアイアンタレス,2021106565,C,202408010201
マテンロウタイム,2021106988,C,202408010201
タイセイガスト,2021102304,C,202408010201
ジャスパーサン,2021107366,C,202408010201
ドレフォンエンゼル,2021103731,C,202408010201
サンティヨン,2021100421,B,202408010201
ベラジオラオウ,2021105021,B,202408010201
カツラノキサノキ,2021101461,B,202408010201
ジョーインテビット,2021100767,C,202408010201
クリノガリバー,2021102045,C,202408010201
ミナデオロ,2021104854,B,202408010201
メイショウモモタ,2021102568,D,202408010201
ケロシンドリームズ,2021100238,B,202408010201
レグロスヴァーグ,2021106628,C,202408010201
タイセイマーシャル,2021107056,C,202408010201
モニーレ,2021105299,C,202408010202
シンコーナホチャン,2021100471,B,202408010202
カンカール,2021102303,B,202408010202
アムールベル,2021106311,C,202408010202
ファストフライト,2021109089,B,202408010202
タマモナポリ,2021106177,C,202408010202
ラッキーマリリン,2021103318,C,202408010202
クリノルイーズ,2021103313,C,202408010202
ジョウショーローズ,2021105313,D,202408010202
バタフライロック,2021102058,C,202408010202
ナデナデ,2021107263,C,202408010202
ファセット,2021102913,C,202408010202
ミヤジブリヤン,2021101004,B,202408010202
アマンディーヌ,2021101124,C,202408010202
メイショウタムシバ,2021103268,B,202408010202
サンノーブル,2021100831,B,202408010203
メイショウポワロ,2021102547,C,202408010203
アスターエルビウム,2021103590,C,202408010203
タイセイファルクス,2021100510,C,202408010203
エーケーリターン,2021101381,B,202408010203
ナムラビオラ,2021100694,C,202408010203
リアルモハメド,2021100486,B,202408010203
ルディック,2021110008,B,202408010203
タイセイアレス,2021105333,B,202408010203
カフジホルミウム,2021100919,C,202408010203
パトジュニア,2021110135,C,202408010203
マーベリックシチー,2021100387,B,202408010203
クリノキングマン,2021101431,B,202408010203
ダイキリ,2021105947,C,202408010203
ハクサンシャトル,2021100791,B,202408010203
ピンネシリ,2021106304,C,202408010203
マイネルフォーコン,2020104523,B,202408010204
ルワンジュ,2019105798,C,202408010204
メイショウヒュウガ,2020106843,C,202408010204
カレンチャンキー,2020101162,B,202408010204
アインシュペンナー,2019102274,B,202408010204
ディアドコス,2020105409,B,202408010204
エメラルドビーチ,2020110055,B,202408010204
レインメーカー,2020103103,B,202408010204
グローバリスト,2020106874,C,202408010204
デアデルマーレ,2020100138,B,202408010204
ビリーズバウンス,2019105116,B,202408010204
ゴッドセンド,2020104469,C,202408010204
クラップアンドチア,2019103679,B,202408010204
マイネルサンテ,2020106021,C,202408010204
マルモリキング,2020100994,C,202408010204
エーティースピカ,2020103996,C,202408010204
ハローサブリナ,2019104644,B,202408010207
タッチャブル,2020105670,B,202408010207
アマートカヴァロ,2020103754,C,202408010207
リオンエトワール,2020102589,C,202408010207
ジョウショーパワー,2020105228,C,202408010207
サンデーヒーロー,2020100903,B,202408010207
アドマイヤソラ,2020103212,B,202408010207
エレアイム,2019105059,C,202408010207
サーティファイド,2019105857,C,202408010207
フェニックスループ,2019104918,B,202408010207
ハギノサステナブル,2020105639,B,202408010207
エアフォースワン,2019103506,C,202408010207
テンカオーライ,2020102959,B,202408010207
ヴァクストゥーム,2017106136,C,202408010208
グッドグロウス,2019105915,B,202408010208
シモズル,2020101797,B,202408010208
アドバンスドリーム,2019110087,B,202408010208
ダイリュウホマレ,2020104046,C,202408010208
シュガーフロート,2019110051,C,202408010208
カッティングジェム,2020104091,C,202408010208
カセノミオ,2020105306,B,202408010208
ジャスパージェット,2019106854,B,202408010208
テイエムファルコン,2017102599,C,202408010208
ヤマニンルリュール,2018102021,B,202408010208
スマートカリス,2020101708,B,202408010208
オーガスタスカイ,2019105161,C,202408010208
スズカコーズ,2020101035,C,202408010208
テキサスフィズ,2019105224,C,202408010208
ガラパゴス,2019102161,B,202408010208
ワルツフォーラン,2017103616,C,202408010211
サンライズアムール,2019101633,B,202408010211
サトノテンペスト,2018100388,C,202408010211
プルパレイ,2019104911,B,202408010211
クインズメリッサ,2018101984,C,202408010211
メタマックス,2020110131,B,202408010211
タガノクリステル,2019100541,B,202408010211
メイショウテンスイ,2017106084,C,202408010211
メイショウカズサ,2017106642,B,202408010211
エンペザー,2019102888,B,202408010211
ナンヨーアイボリー,2018105169,B,202408010211
タイセイアベニール,2015100822,C,202408010211
テーオーステルス,2019103472,B,202408010211
スマートフォルス,2020101707,C,202408010211
デシエルト,2019105039,B,202408010211
ソルトロック,2021101766,B,202408010301
ブリリアントスピカ,2021102731,C,202408010301
ルージュロンド,2021105045,B,202408010301
メイショウオオコ,2021102572,C,202408010301
ダノンクック,2021101017,C,202408010301
アジアノハナ,2021105621,B,202408010301
テイエムタリスマ,2021109043,B,202408010301
クリノカグヤ,2021100228,C,202408010301
キュールエカシス,2021100100,C,202408010301
ゼンダンスカイ,2021106294,C,202408010301
イエデゴロゴロ,2021103701,C,202408010301
ミルトコルサ,2021106345,B,202408010301
ボビーニクビッタケ,2021104316,C,202408010301
ウォーターストンプ,2021100969,B,202408010301
サムデイ,2021101033,B,202408010301
フタバ,2021102963,B,202408010301
フェイマスグラース,2021104688,C,202408010302
リエータメンテ,2021105887,B,202408010302
アンジェリュス,2021103315,B,202408010302
フォンローザ,2021105818,C,202408010302
テーオールビー,2021109027,C,202408010302
チアフルヴォイス,2021101634,C,202408010302
ルージュレイナス,2021105223,B,202408010302
アルサプーア,2021105222,C,202408010302
ポルラノーチェ,2021100646,B,202408010302
カリメロ,2021107185,B,202408010302
アプラド,2021100295,C,202408010302
テンノナウシカ,2021102382,C,202408010302
シャバツィ,2021105065,C,202408010302
テーオーダイヤ,2021102563,B,202408010302
ダイシンサンディー,2021106246,B,202408010302
ニシノメロディ,2021105101,C,202408010302
アンティシパル,2021104744,C,202408010303
ボールドチャー,2021104227,C,202408010303
カナサンドー,2021101746,B,202408010303
アーバンエア,2021110019,B,202408010303
メイショウアユカゼ,2021103357,C,202408010303
タイセイミニスター,2021104197,B,202408010303
アルナイル,2021105917,B,202408010303
ピエナフェリーチェ,2021105179,B,202408010303
パワーマックィーン,2021101585,C,202408010303
テイエムライメイ,2021104374,C,202408010303
ミッキースバル,2021101490,B,202408010303
デヴォート,2021106608,B,202408010303
エイルドゥノン,2021102810,B,202408010303
ハリウッドブルース,2021104514,B,202408010303
ペレグリン,2021100906,B,202408010303
アイビーイダテン,2021107301,D,202408010303
オーシンハーフ,2021101419,B,202408010304
ワイワイレジェンド,2021103812,B,202408010304
ブルーサン,2021106171,B,202408010304
ハリウッドパーク,2021104581,B,202408010304
ホルトバージ,2021102905,C,202408010304
ノットイナフ,2021106625,B,202408010304
ヴィアダクト,2021105142,C,202408010304
オウケンベリー,2021103010,C,202408010304
キャッシュブリッツ,2021106746,B,202408010304
ミスティカ,2021100098,B,202408010304
ナウズザタイム,2020103323,B,202408010307
ワイドアウェイク,2018104571,B,202408010307
タガノエヴリン,2020105549,C,202408010307
ハイランドリンクス,2020103595,B,202408010307
フライウィズミー,2020101845,B,202408010307
レクランスリール,2020101129,B,202408010307
ポジティブガール,2019102229,C,202408010307
タマモネモフィラ,2020103991,B,202408010307
アルタビスタ,2020103579,B,202408010307
クリノキューチャン,2019106815,C,202408010307
ベファーナ,2020102757,C,202408010307
ブルーペクトライト,2020103556,C,202408010307
ヒラリーステップ,2020100652,C,202408010307
ピッチパーフェクト,2020104134,B,202408010307
ノッテルーナ,2020104240,C,202408010307
ドンアチェカ,2020105542,B,202408010308
エムズマインド,2020101641,B,202408010308
グロズニーグラード,2019100612,C,202408010308
ウェザーコック,2020101850,C,202408010308
ダノンアーリー,2019105376,B,202408010308
グッドウッドガイ,2019105709,B,202408010308
モーニングパス,2019106388,C,202408010308
モカラエース,2020103979,B,202408010308
シュニー,2020103474,B,202408010308
エティエンヌ,2019105761,C,202408010308
カミーロ,2020102027,C,202408010308
コマンダンテ,2018102859,C,202408010308
イスラグランデ,2019104548,C,202408010308
トーホウキザン,2020101764,B,202408010308
グレアミラージュ,2017100426,C,202408010308
ペプチドハドソン,2020106409,B,202408010308
マリアナトレンチ,2020102737,B,202408010309
メイショウコガシラ,2020100979,B,202408010309
サウザンドスマイル,2017101783,C,202408010309
タイガースパーク,2020104561,C,202408010309
カレンマックナイト,2019105140,B,202408010309
シンヨモギネス,2018103711,B,202408010309
サンデーファンデー,2020104136,B,202408010309
マイネルシトラス,2019103542,B,202408010309
ウインメイフラワー,2019101930,C,202408010309
ダッシュダクラウン,2018104156,C,202408010309
ロードトラスト,2020106936,B,202408010309
ジルバーン,2019104761,B,202408010309
モズブーナー,2019110061,B,202408010309
メイショウシナノ,2020106635,C,202408010309
パンデアスカル,2020103369,B,202408010309
フーコサンライズ,2021102633,B,202408010401
ラヴィンローゼス,2021103997,C,202408010401
ドナミント,2021105249,B,202408010401
テンドウ,2021100898,C,202408010401
コスモビオラ,2021101050,C,202408010401
インペリオ,2021102915,C,202408010401
ユーベルメンシュ,2021103148,B,202408010401
テイエムミステリー,2021102827,C,202408010401
ピカリ,2021110137,C,202408010401
ムーンウォーク,2021106425,C,202408010401
フレンドマキ,2021103699,C,202408010401
パームブランチ,2021104107,B,202408010401
メッツガー,2021101027,B,202408010401
タマモナポリ,2021106177,C,202408010401
ナンヨーノーマル,2021103188,C,202408010401
クリノリヴィング,2021102916,C,202408010401
オルデラン,2021105392,C,202408010402
サクリファイス,2021103807,C,202408010402
ニホンピロゴルディ,2021103845,C,202408010402
ルパンモージュ,2021104679,C,202408010402
ハッピーマインド,2021102656,B,202408010402
ミグラテール,2021106758,B,202408010402
タイセイクエスト,2021100262,C,202408010402
ソルトロング,2021102960,B,202408010402
ギフテッドリーダー,2021104917,C,202408010402
ペロ,2021103283,B,202408010402
ニシノメロディ,2021105101,C,202408010402
ジーサイクロン,2021106006,B,202408010402
アンダーザバンブー,2021102968,B,202408010402
エスケイイーグル,2021100200,C,202408010402
ロードリレーション,2021100145,B,202408010403
ヒロアプリオリ,2021101954,C,202408010403
キャピタルサックス,2021106706,C,202408010403
サンダーバース,2021103582,B,202408010403
レッドクレメンス,2021104970,B,202408010403
グランドセントラル,2021104422,B,202408010403
メイショウタダカツ,2021101469,B,202408010403
ヘニーズネフュー,2021106566,C,202408010403
エレガントフルール,2021100388,C,202408010403
ウインアルドーレ,2021106192,B,202408010403
クリノアチーバー,2021106572,B,202408010403
ウォーターアレ,2021100600,B,202408010403
アストラカ,2021100639,C,202408010403
ストレングス,2021106658,B,202408010403
プレイフルデイズ,2021105030,C,202408010404
シユウブラック,2021103804,C,202408010404
メイショウカシワデ,2021103154,C,202408010404
スカイウィンザー,2021103001,B,202408010404
レッドアウェイク,2021102785,C,202408010404
ビルンバウム,2021104872,B,202408010404
ケイアイアルタイル,2021100711,B,202408010404
トモジャオッシュ,2021102618,B,202408010404
オメガナビゲーター,2021105247,B,202408010404
ダノンケイツー,2021103223,C,202408010404
メイショウマサムネ,2021107087,C,202408010404
サイモンクレスト,2021104123,B,202408010404
ワンパット,2021102903,C,202408010404
クリノオデッセイ,2021101859,B,202408010404
ニホンピロマリンバ,2021103841,C,202408010404
マジカルレイズ,2021103993,C,202408010404
アナベルヒマワリ,2020103310,B,202408010407
オンリーラヴ,2020106394,C,202408010407
スペキオサレジーナ,2020103316,B,202408010407
ジャミーレ,2020103412,A,202408010407
レッドリターン,2020105855,C,202408010407
アロットドリーム,2020106611,B,202408010407
シアープレジャー,2017103278,B,202408010407
モズアンタレス,2020106519,B,202408010407
シャウラ,2020105124,B,202408010407
オンマガトオル,2019106105,B,202408010407
ビナカントー,2020105084,C,202408010407
ラホーヤストーム,2020104780,B,202408010407
ピースキーパー,2019106028,C,202408010407
パイアイヤー,2020105327,B,202408010407
サイモンオリーブ,2020102640,C,202408010407
マルモリキング,2020100994,B,202408010408
パレフォーコン,2019100683,B,202408010408
バシレウスシチー,2019101643,B,202408010408
ジューンアース,2020100702,B,202408010408
ロードドミニオン,2017103656,C,202408010408
ムコウジマランプ,2020104623,C,202408010408
メイショウトール,2019104259,B,202408010408
クィーンアドバンス,2017100141,C,202408010408
キリシマタウン,2019106305,C,202408010408
チャオベッラ,2019104903,C,202408010408
ツークフォーゲル,2020105635,C,202408010408
ザウリ,2019101399,C,202408010408
サンガネーブ,2020104287,B,202408010408
イツモハラペコ,2020107203,C,202408010408
リッキーヤスオカ,2019101673,B,202408010408
ビヨンドザタイム,2019100677,C,202408010408
ダノンターキッシュ,2018100410,C,202408010409
サンライズグルーヴ,2020104793,B,202408010409
ミスティックロア,2020110075,B,202408010409
メイショウシロガネ,2018106220,B,202408010409
エンツォウーノ,2020104790,B,202408010409
イツカハシャチョウ,2018102279,B,202408010409
スマラグドス,2020102798,B,202408010409
ソリダリティ,2019105462,B,202408010409
ノボリクレバー,2020106393,B,202408010409
トリプルループ,2020110109,B,202408010409
フェリマール,2021104171,C,202408010501
テンノナウシカ,2021102382,C,202408010501
ヒロインズクレスト,2021105089,B,202408010501
ナイトプラネット,2021106220,C,202408010501
ウィンターガーデン,2021105857,C,202408010501
スナークサファイア,2021106176,C,202408010501
クラヴィコード,2021100150,B,202408010501
フェロニエール,2021105519,B,202408010501
カンカール,2021102303,C,202408010501
ミルフルール,2021100614,C,202408010501
クロスアヴァンセ,2021100811,C,202408010501
ゲンパチエトワール,2021100412,C,202408010501
ナムラバンチー,2021101826,B,202408010502
フェヴリエ,2021110080,B,202408010502
ツリーフロッグ,2021104179,B,202408010502
ドッビアーコ,2021110130,B,202408010502
ゴーディアンノット,2021104826,B,202408010502
ジュンラトゥール,2021104039,C,202408010502
タガノアウル,2021106011,C,202408010502
ザロック,2021106845,C,202408010502
シーリュウシー,2021106180,C,202408010502
シュレディンガー,2021107239,C,202408010502
ブルーワール,2021110097,B,202408010502
アスクナサニエル,2021110006,B,202408010502
ピースウォリアー,2021101618,C,202408010502
ダイヤモンドキララ,2021100849,C,202408010503
アルニラム,2021109088,C,202408010503
サヨノバクシン,2021100924,C,202408010503
グラスフラッグ,2021106444,D,202408010503
スカイミラージュ,2021106269,D,202408010503
タマモキャリコ,2021103197,C,202408010503
ヴェストラン,2021100695,B,202408010503
ダンデライオン,2021106631,C,202408010503
アイムプラウド,2021102362,D,202408010503
メイショウムラゲ,2021100992,C,202408010503
サイレントミニスタ,2021106151,B,202408010503
メイショウナニクソ,2021103264,C,202408010503
ディスタントスカイ,2021110067,B,202408010503
アスタールテニウム,2021101548,C,202408010503
リュウノシンクウハ,2021102906,B,202408010503
タッカーバレット,2021103994,B,202408010503
エスカル,2021110069,B,202408010504
ムーム,2021103061,B,202408010504
タガノヒナタ,2021106542,B,202408010504
パッシングシャワー,2021110033,B,202408010504
ドレシャス,2021100490,B,202408010504
ラストボーン,2021104639,B,202408010504
パドマ,2021102953,C,202408010504
ロードフロンティア,2021100161,B,202408010504
エンパス,2021106697,B,202408010504
カネトシゴウト,2021100709,B,202408010504
メイショウホウレン,2021103716,B,202408010504
エイシンレジューム,2020106518,C,202408010507
モズアカボス,2020110069,B,202408010507
シゲルスナイパー,2020100237,C,202408010507
ガウロン,2020105873,B,202408010507
ラスハンメル,2020103554,B,202408010507
イージスバローズ,2020101563,B,202408010507
ナムラスワガー,2018106715,C,202408010507
ヒロノオオゾラ,2020101200,B,202408010507
マルカブリッツ,2020103123,D,202408010507
グレン,2020110151,B,202408010507
スズノハマヤ,2020102880,C,202408010507
インザビギニング,2020105638,B,202408010507
アイルシャイン,2020104520,B,202408010507
ピュアマークス,2020106164,C,202408010507
ナムラテディー,2020101950,B,202408010507
ヴァクストゥーム,2017106136,C,202408010508
ディアサクセサー,2020103074,B,202408010508
パドカトル,2016101493,B,202408010508
ルシャリーブル,2018106429,B,202408010508
カンパニョーラ,2019104385,B,202408010508
ロングファイナリー,2016102801,B,202408010508
ロードラディウス,2020100168,C,202408010508
カンザシ,2019106704,B,202408010508
ボナンザ,2020101292,B,202408010508
ギーロカスタル,2020104845,C,202408010508
エナジーロッソ,2018106569,B,202408010508
フクノワカバ,2020106795,C,202408010508
リーゼントミニー,2020100914,B,202408010508
メンアットワーク,2019109100,B,202408010510
バハルダール,2019110015,B,202408010510
キュールエフウジン,2019102983,C,202408010510
インベルシオン,2019103148,B,202408010510
ミラクルティアラ,2020103070,B,202408010510
ヤマニンウルス,2020105599,A,202408010510
レガーメペスカ,2017104106,C,202408010510
クレメダンジュ,2020105627,C,202408010510
ルーカスミノル,2020102188,C,202408010510
クインズバジル,2018102087,C,202408010510
プリモスペランツァ,2019100108,C,202408010510
セイクリッドゲイズ,2018104746,C,202408010510
メテオリート,2020103648,B,202408010510
カフジホルミウム,2021100919,B,202408010601
タイセイファルクス,2021100510,B,202408010601
エコロセブン,2021103370,C,202408010601
テンロ,2021100115,D,202408010601
ミッキースバル,2021101490,B,202408010601
コパノアルベール,2021104310,B,202408010601
メイショウオオコ,2021102572,B,202408010601
ハリウッドブルース,2021104514,C,202408010601
ボールドチャー,2021104227,C,202408010601
ピエナフェリーチェ,2021105179,C,202408010601
シリウス,2021100086,B,202408010601
ドナレア,2021101864,C,202408010601
キュールエカシス,2021100100,C,202408010601
サイレントミニスタ,2021106151,B,202408010601
キングオブフジ,2021106164,C,202408010602
メネラオス,2021105840,B,202408010602
セクシーブーケ,2021110103,B,202408010602
フォージドブリック,2021104800,C,202408010602
レガッタ,2021102991,B,202408010602
メイショウマタベエ,2021100986,B,202408010602
ノイヤーヘルト,2021105055,B,202408010602
ハチャトリアン,2021102020,C,202408010602
ウインラウダ,2021106206,B,202408010602
アレナパラシオ,2021100752,C,202408010602
カーロアヴァンティ,2021103056,B,202408010602
メイショウマツリ,2021103270,C,202408010602
メタルハート,2021100565,B,202408010603
バルサミコ,2021103798,C,202408010603
トランジェント,2021103585,C,202408010603
ゼットシルヴィア,2021104414,B,202408010603
フィアマフルミネ,2021102972,C,202408010603
ヴィシェラ,2021100655,C,202408010603
クインズセレネ,2021103943,C,202408010603
スマイルサミット,2021107153,D,202408010603
レベルソ,2021105513,C,202408010603
カンタベリーローズ,2021105949,C,202408010603
モイラ,2021103300,B,202408010603
ジェニファー,2021103932,B,202408010603
テイエムスイジン,2021101941,C,202408010603
フレイミングパイ,2021106936,C,202408010603
ネグレスコ,2021103214,B,202408010603
ホーリーゴールド,2021105525,C,202408010603
エートラックス,2021104876,B,202408010604
オコタンペ,2021105849,B,202408010604
ワイワイレジェンド,2021103812,B,202408010604
ダノンスウィッチ,2021105598,B,202408010604
フラムリンガム,2021104910,B,202408010604
エフエイト,2021109016,B,202408010604
エコロエイト,2021110104,B,202408010604
アマートカヴァロ,2020103754,C,202408010607
サンデーヒーロー,2020100903,C,202408010607
シャンデルナゴル,2020103193,B,202408010607
コントリビューター,2020101841,B,202408010607
バンドマスター,2020103519,B,202408010607
タイクーン,2019104075,B,202408010607
キャロルビアンカ,2020100719,C,202408010607
サーティファイド,2019105857,B,202408010607
セレクティオ,2020100987,B,202408010607
ドンアチェカ,2020105542,C,202408010607
エーティーソブリン,2018101255,B,202408010608
マイレッドスター,2019105090,B,202408010608
カセノミオ,2020105306,B,202408010608
カマチョクイン,2020105950,B,202408010608
スピリットワールド,2019101860,B,202408010608
フェルヴェンテ,2020102045,B,202408010608
メイショウキッド,2019102824,C,202408010608
エアメテオラ,2020110118,B,202408010608
ワインワインレッド,2020110103,B,202408010608
ジャスパージェット,2019106854,B,202408010608
ハードワイヤード,2020110034,B,202408010608
エミサキホコル,2020102751,B,202408010608
カッティングジェム,2020104091,B,202408010608
インテンスフレイム,2018100679,C,202408010610
オラヴェリタス,2019103584,B,202408010610
ダッシュダクラウン,2018104156,B,202408010610
サダムゲンヤ,2016105750,B,202408010610
ダノンフロイデ,2019104080,C,202408010610
ダンテバローズ,2020104661,B,202408010610
パーサヴィアランス,2019105330,B,202408010610
シンヨモギネス,2018103711,B,202408010610
テンウォークライ,2018100247,C,202408010610
ヒノデテイオー,2019103420,B,202408010610
ビーアイオラクル,2019106691,B,202408010610
グーヴェルナイユ,2021106612,B,202408010701
ナムラカメジロー,2021104305,C,202408010701
カズタンジャー,2021101259,B,202408010701
ダイキリ,2021105947,C,202408010701
タイセイシンガー,2021105628,C,202408010701
サイモンクレスト,2021104123,C,202408010701
メイショウソウタ,2021103263,B,202408010701
カズヴィトシャ,2021107182,B,202408010701
フォートポータル,2021103251,C,202408010701
スマートリアファル,2021102083,B,202408010701
マルモリトマホーク,2021103831,C,202408010702
ジャミラヌール,2021110105,C,202408010702
ユウトザイースト,2021104661,C,202408010702
サンライズソレイユ,2021105104,B,202408010702
ジーティースピード,2021110102,C,202408010702
モズクマチー,2021101778,C,202408010702
オウケンボス,2021105310,C,202408010702
ケアラウレア,2021110073,B,202408010702
シントーキズナ,2021103928,C,202408010702
アドマイヤエイジア,2021100332,C,202408010702
ゼットサンダー,2021104406,C,202408010702
ノウリッジズパワー,2021100299,B,202408010702
ショウナンハルク,2021103895,C,202408010702
メイショウエレジー,2021103213,B,202408010702
ワンダーハヤセ,2021100546,B,202408010702
メイショウロッキー,2021103205,C,202408010702
リネアグローリア,2021106757,B,202408010703
ラブビーチ,2021104232,C,202408010703
パステルローズ,2021104592,C,202408010703
ヴォルスター,2021100677,B,202408010703
リアルモハメド,2021100486,C,202408010703
テーオードラッカー,2021102244,B,202408010703
ウッドバイン,2021104193,B,202408010703
アクロポリス,2021103247,B,202408010703
ダノンクック,2021101017,C,202408010703
カネコメファミリー,2021104151,B,202408010703
パワーマックィーン,2021101585,C,202408010703
タヌキダンス,2021100182,C,202408010703
ブルーサン,2021106171,C,202408010706
オーシンハーフ,2021101419,B,202408010706
ペイシャコパ,2021101090,B,202408010706
テンエースワン,2021105637,B,202408010706
エイカイソウル,2021105094,B,202408010706
クロダブシ,2021103866,B,202408010706
ウォーターリーダー,2020100948,C,202408010708
フスカル,2020110128,B,202408010708
ストロンゲスト,2019103780,C,202408010708
ルールザウイングス,2019104657,B,202408010708
ペプチドハドソン,2020106409,C,202408010708
テーオーヴァイナー,2020102321,B,202408010708
ビップソリオ,2019105655,B,202408010708
シゲルソロソロ,2020110100,B,202408010708
トロピカルヒーロー,2020104960,C,202408010708
ドラゴングライダー,2020105388,C,202408010708
フリークボンバー,2017103822,B,202408010708
ナゲットモンスター,2020103339,B,202408010708
ルンナノオクリモノ,2020101367,C,202408010708
クラウンハヴィ,2019101500,C,202408010708
シアープレジャー,2017103278,C,202408010708
エムズマインド,2020101641,B,202408010708
ウォームライト,2019105250,B,202408010710
ヒロノトウリョウ,2016100507,C,202408010710
ロックユアハート,2019106682,B,202408010710
ジェットエンブレム,2018100886,B,202408010710
アランチャータ,2019103064,C,202408010710
アシタバ,2018102264,B,202408010710
ラインガルーダ,2017106295,B,202408010710
カフジエニアゴン,2019102753,B,202408010710
ゼットレヨン,2019103065,B,202408010710
ダノンセシボン,2020101633,C,202408010710
ミラバーグマン,2018103738,C,202408010710
メルシー,2019100451,C,202408010710
ドンアミティエ,2020106006,B,202408010710
ヴァリアント,2016100952,C,202408010710
アルムラトゥール,2020105545,B,202408010710
ミラクル,2018100623,B,202408010710
ミッキーヌチバナ,2018105431,B,202408010711
ビヨンドザファザー,2019101613,C,202408010711
ヴィクティファルス,2018104948,B,202408010711
キリンジ,2020104239,C,202408010711
スマッシングハーツ,2016100617,B,202408010711
ペプチドナイル,2018106084,B,202408010711
サンライズウルス,2018102260,B,202408010711
ゲンパチルシファー,2016101745,C,202408010711
レッドファーロ,2019104983,B,202408010711
オメガギネス,2020102904,B,202408010711
タイセイドレフォン,2019105308,B,202408010711
バビット,2017103000,B,202408010711
ブライアンセンス,2020106565,B,202408010711
ウィリアムバローズ,2018100829,B,202408010711
ブラックアーメット,2018104059,B,202408010711
オーロイプラータ,2020103308,B,202408010711
クリノルイーズ,2021103313,B,202408020101
コンバットペスカ,2021103236,B,202408020101
ナデナデ,2021107263,C,202408020101
ダイシンサンディー,2021106246,B,202408020101
コーラルハート,2021101426,B,202408020101
アマンディーヌ,2021101124,C,202408020101
キムケンハッピー,2021102157,C,202408020101
ファセット,2021102913,B,202408020101
アキミューミュー,2021105344,B,202408020101
ミグラテール,2021106758,B,202408020102
カチドキ,2021103980,C,202408020102
ワンパット,2021102903,B,202408020102
ヤマニントレモロ,2021106606,C,202408020102
ルパンモージュ,2021104679,C,202408020102
シユウブラック,2021103804,B,202408020102
スカイウィンザー,2021103001,B,202408020102
シングンアーメット,2021106747,C,202408020102
スナークダリ,2021106175,C,202408020102
ギルティプレジャー,2021101682,B,202408020103
アジアノハナ,2021105621,B,202408020103
ショウナンマンテン,2021104240,C,202408020103
ペレグリン,2021100906,B,202408020103
メイショウポワロ,2021102547,C,202408020103
メイショウムーヴ,2021100994,C,202408020103
タイセイアルテミス,2021105699,C,202408020103
チアフルヴォイス,2021101634,B,202408020103
ナムラビオラ,2021100694,C,202408020103
ラピダリア,2021100652,C,202408020103
ファインプリンセス,2021101689,C,202408020103
ソルセルリ,2021105231,C,202408020103
フォーレ,2021104533,C,202408020103
ルミナスビューティ,2021103294,C,202408020103
テーオーダイヤ,2021102563,C,202408020103
マテンロウマルス,2021106974,C,202408020104
オクヤマ,2021102454,C,202408020104
シャンペートル,2021106528,C,202408020104
ニホンピロデルマー,2021104209,C,202408020104
ベイステート,2021105768,B,202408020104
ダンツニーヴァ,2021101425,B,202408020104
メイショウチュラカ,2021103157,B,202408020104
テイエムキャニー,2021106720,B,202408020104
スリークロス,2021100984,B,202408020104
ライスネイチャ,2021102742,B,202408020104
ラルンエベール,2021106681,B,202408020104
チョウガンバレ,2021106453,,202408020104
テリオスソラ,2021104037,B,202408020104
ファストレーン,2021104678,B,202408020104
ウインウィズハート,2021106210,C,202408020104
アレ,2021103287,B,202408020104
アガシ,2021100653,B,202408020106
フレンドマキ,2021103699,C,202408020106
ムーム,2021103061,B,202408020106
メイショウホウレン,2021103716,C,202408020106
テルセイラ,2021103995,,202408020106
ヒロアプリオリ,2021101954,C,202408020106
モンシェリ,2021102399,B,202408020106
クリノユキツバキ,2019102013,C,202408020107
ハイランドリンクス,2020103595,B,202408020107
テーオーティラミス,2019104747,C,202408020107
タマモネモフィラ,2020103991,C,202408020107
クラシカルスカラー,2020105430,B,202408020107
トゥーレツリー,2019104733,C,202408020107
ワイドアウェイク,2018104571,B,202408020107
キャロルビアンカ,2020100719,C,202408020107
ルージュメアリー,2020102985,B,202408020107
ラブリネスオーバー,2019101811,C,202408020109
ストリンジェンド,2020102702,B,202408020109
ユキゲシズク,2019103578,,202408020109
マヴォロンテ,2020103435,B,202408020109
ファーストソリスト,2018105405,B,202408020109
タカラマドンナ,2019104328,B,202408020109
ジェットマックス,2017110156,B,202408020109
サウンドサンビーム,2017106394,B,202408020109
ベンダバリラビア,2020101968,B,202408020109
ツークフォーゲル,2020105635,C,202408020109
エティエンヌ,2019105761,C,202408020109
ギーロカスタル,2020104845,C,202408020109
ディベルティール,2018104149,C,202408020109
ハンベルジャイト,2020103367,B,202408020109
リーゼントミニー,2020100914,B,202408020109
ロングファイナリー,2016102801,C,202408020109
サンライズシェリー,2017100992,B,202408020111
サンセットクラウド,2019100668,B,202408020111
シルバーエース,2017100451,B,202408020111
レッドプロフェシー,2020101579,B,202408020111
メイショウボサツ,2017106125,C,202408020111
バハルダール,2019110015,B,202408020111
クールミラボー,2020103387,B,202408020111
ヒミノフラッシュ,2018101337,B,202408020111
マイネルクロンヌ,2017102952,B,202408020111
ダッチマン,2017106012,C,202408020111
コパノリッチマン,2017104137,C,202408020111
ワセダハーツ,2018104729,C,202408020111
ハートオブアシティ,2018104698,C,202408020111
リファインドマナー,2018104754,C,202408020111
ナムラブリジット,2021102896,B,202408020301
イエデゴロゴロ,2021103701,B,202408020301
ファストチアフル,2021100744,C,202408020301
ワイドステラ,2021101522,B,202408020301
ボビーニクビッタケ,2021104316,B,202408020301
ミックスアップ,2021102519,D,202408020301
モイラ,2021103300,C,202408020301
フタバ,2021102963,C,202408020301
ベニスズメ,2021100777,C,202408020301
メイショウロージー,2021103211,B,202408020301
ハッピーダンス,2021105916,B,202408020301
ミルミナーヴァ,2021106332,B,202408020301
ダイメイゼット,2021100776,C,202408020302
ケイアイアンタレス,2021106565,B,202408020302
チョウガンバレ,2021106453,C,202408020302
ペロ,2021103283,B,202408020302
レガッタ,2021102991,B,202408020302
アンジョルラス,2021106682,B,202408020302
カフジテルビウム,2021102150,C,202408020302
ユウトザキンパツ,2021104597,B,202408020302
キングプリンス,2021104599,C,202408020302
グランドセントラル,2021104422,B,202408020303
アストラカ,2021100639,B,202408020303
ハニープリンセス,2021101714,C,202408020303
ダディーズアイル,2021104673,B,202408020303
メイショウユメカゼ,2021102837,C,202408020303
デクランシェ,2021102712,C,202408020303
タマモキャリコ,2021103197,C,202408020303
オウケンボス,2021105310,C,202408020303
ヨシノヤッタルデー,2021102336,B,202408020303
クリノオデッセイ,2021101859,B,202408020303
キングリッキー,2021107020,C,202408020303
キングツェッペリン,2021106521,B,202408020303
サンライズダマシイ,2021102215,C,202408020303
サンノーブル,2021100831,C,202408020303
ガブリエルアクア,2021110163,C,202408020304
レイドデザート,2021103065,C,202408020304
フレーズタルト,2021100742,B,202408020304
タイセイフォルテ,2021105345,B,202408020304
メイショウトレック,2021103355,C,202408020304
キッドストン,2021105146,C,202408020304
クロマク,2021103869,B,202408020304
エアサンサーラ,2021110159,B,202408020304
レーヴァテイン,2021103719,B,202408020304
キタノアベル,2021109064,C,202408020304
ローズエクスプレス,2021103469,C,202408020304
ミレフォス,2021104163,C,202408020304
テンカジョウ,2021102729,B,202408020304
バンドエース,2021105686,B,202408020304
ニューバラード,2021105692,B,202408020304
メイショウタイセツ,2021102834,C,202408020304
タイセイリアル,2021101448,B,202408020306
クロダブシ,2021103866,B,202408020306
ストームバンガード,2021103819,B,202408020306
コパノアントニオ,2021103125,C,202408020306
ドルチアーリア,2021105251,B,202408020306
バスタードサフラン,2021106610,C,202408020306
モアリジット,2021104832,C,202408020306
マルチャレアル,2021105430,B,202408020306
メイショウタムシバ,2021103268,B,202408020306
テイエムランウェイ,2019106632,B,202408020309
ステラフィオーレ,2019100590,B,202408020309
ナックドロップス,2019103274,C,202408020309
ジェットエンブレム,2018100886,B,202408020309
コパノハンプトン,2020104679,B,202408020309
ビーオンザマーチ,2019104451,B,202408020309
カフジテトラゴン,2019106184,B,202408020309
ボナンザ,2020101292,B,202408020309
ダテボレアス,2019103562,B,202408020309
ナンヨープランタン,2015104887,C,202408020309
オンザダブル,2019104621,B,202408020309
ドンアミティエ,2020106006,B,202408020309
ランドボルケーノ,2018102372,C,202408020309
タマモダイジョッキ,2018104332,B,202408020309
パワフルヒロコ,2014103514,C,202408020309
ラヴケリー,2018101514,B,202408020309
ハギノアトラス,2016102663,B,202408020311
サクラアリュール,2015105868,B,202408020311
ヒロイックテイル,2017104867,B,202408020311
メイショウドヒョウ,2017106376,C,202408020311
テーオーリカード,2020106884,B,202408020311
ヴィジョンオブラヴ,2015100274,C,202408020311
アスクドゥラメンテ,2019105400,B,202408020311
スマートサニー,2020104304,C,202408020311
ゼットリアン,2020104760,B,202408020311
ハピ,2019100630,B,202408020311
タイセイドレフォン,2019105308,B,202408020311
オーサムリザルト,2020110009,A,202408020311
ウイングスオブラヴ,2019106615,B,202408020312
プルートマスター,2019104632,B,202408020312
シャウラ,2020105124,B,202408020312
トーホウキザン,2020101764,B,202408020312
イグニション,2020103898,B,202408020312
シゲルスナイパー,2020100237,B,202408020312
ルショコラ,2019100786,C,202408020312
スナークシュンソウ,2018101592,B,202408020312
アイファーファイト,2019101233,B,202408020312
サンライズタイタン,2019102337,C,202408020312
ストロンゲスト,2019103780,B,202408020312
サラサハウプリティ,2020104126,C,202408020312
スターペスカオリ,2020105929,B,202408020312
ロンズデールベルト,2017100392,B,202408020312
ゴルデールスカー,2020103625,B,202408020312
ラホーヤストーム,2020104780,C,202408020312
グレイトフルペイン,2021101413,B,202408020401
リエータメンテ,2021105887,B,202408020401
ライーナシェリー,2021100033,C,202408020401
クリノトパーズ,2021102044,C,202408020401
メイショウエレジー,2021103213,B,202408020401
ウィンターガーデン,2021105857,B,202408020401
シントーキズナ,2021103928,C,202408020401
カンタベリーローズ,2021105949,D,202408020402
サウンドルミネ,2021106181,C,202408020402
エムアイマシュー,2021103623,C,202408020402
コスモビオラ,2021101050,B,202408020402
クイーンオブリリー,2021102512,C,202408020402
プロミシングスター,2021103073,B,202408020402
ルクスミッシェル,2021103938,C,202408020402
ワークソング,2021102462,C,202408020402
メイショウオオコ,2021102572,B,202408020402
テンドウ,2021100898,B,202408020402
エクステンシヴリー,2021100715,B,202408020402
エリカヴェネチア,2021110106,B,202408020403
フォーカルポイント,2021102073,B,202408020403
クーアフュルスト,2021104949,C,202408020403
ジーティースピード,2021110102,B,202408020403
メンドロントット,2021105023,C,202408020403
フェヴリエ,2021110080,B,202408020403
カズタンジャー,2021101259,C,202408020403
アスクナサニエル,2021110006,C,202408020403
フラッシング,2021105971,B,202408020404
ヴァリエンテシチー,2021100885,C,202408020404
スカイウィンザー,2021103001,C,202408020404
アスターエルビウム,2021103590,C,202408020404
メイショウカシワデ,2021103154,C,202408020404
マテンロウブラボー,2021101422,B,202408020404
アイアンパシュート,2021100108,C,202408020404
ピオニエーレ,2021104138,C,202408020404
ワンダージョイ,2021100545,C,202408020404
インザビギニング,2020105638,B,202408020407
オンリーラヴ,2020106394,C,202408020407
ルミナスフラックス,2019105142,C,202408020407
サヨノフィールド,2019104316,C,202408020407
スマートビクター,2019102202,B,202408020407
ヒラリーステップ,2020100652,C,202408020407
ナイトキャッスル,2020102655,B,202408020407
イージスバローズ,2020101563,C,202408020407
ヤマカツレオン,2017103384,B,202408020407
ヒロノオオゾラ,2020101200,B,202408020407
ドグマ,2019102522,C,202408020410
アッティーヴォ,2014104716,C,202408020410
ヴァガボンド,2018106074,B,202408020410
レッドゲイル,2019103976,C,202408020410
メイショウミツヤス,2018106147,B,202408020410
デュアリスト,2018105158,B,202408020410
ボイラーハウス,2018106183,B,202408020410
オセアダイナスティ,2018102362,B,202408020410
タイセイアベニール,2015100822,C,202408020410
サトノテンペスト,2018100388,B,202408020410
ナムラフランク,2019101975,B,202408020410
メディーヴァル,2018102360,C,202408020410
スマートフォルス,2020101707,B,202408020410
メイショウカズサ,2017106642,C,202408020410
メイショウミライ,2015103109,B,202408020410
クロジシジョー,2019102238,B,202408020410
スカーレットジンク,2018104333,B,202408020412
ブラーヴ,2020106733,B,202408020412
バルミュゼット,2019106701,B,202408020412
シンゼンイズモ,2020102993,B,202408020412
ユキゲシズク,2019103578,,202408020412
スキピオ,2018101032,B,202408020412
コンクエスト,2019100657,C,202408020412
ヴォードヴィル,2020105872,B,202408020412
カネコメシスター,2019101055,B,202408020412
サヴァイヴ,2017101804,B,202408020412
テイエムファルコン,2017102599,B,202408020412
キモンリッキー,2019106449,C,202408020412
アウグスト,2019100284,B,202408020412
ピジョンブラッド,2019100625,B,202408020412
ミスパープル,2021100685,B,202408020501
トリプレッタ,2021100003,D,202408020501
サウンドアレグリア,2021102079,B,202408020501
ジュンシオリ,2021107227,C,202408020501
マリリア,2021103782,B,202408020501
タマモポロネーズ,2021104523,C,202408020501
シャトーブレール,2021104859,C,202408020501
ダイシンサンディー,2021106246,B,202408020501
ヴァズレーヌ,2021106707,B,202408020501
エンカンターダ,2021106629,D,202408020501
トウカイレイナ,2021102390,C,202408020501
ファーマシャイン,2021101591,C,202408020501
シャローム,2021104141,B,202408020501
カールマジ,2021100221,C,202408020501
タキ,2021101428,C,202408020502
クラウンファラデー,2021101260,C,202408020502
ジュンラトゥール,2021104039,B,202408020502
アドマイヤエイジア,2021100332,C,202408020502
メイショウソウタ,2021103263,B,202408020502
クワッドルッツ,2021105147,C,202408020502
アンバードール,2021104448,B,202408020502
マテンロウノカゼ,2021107052,C,202408020502
ヒロイックロイ,2021102613,C,202408020502
カズヴィトシャ,2021107182,B,202408020502
ヤマニントレモロ,2021106606,C,202408020502
オーケーミネルバ,2021100301,C,202408020503
テイエムキャニー,2021106720,B,202408020503
イエローサファイア,2021104116,C,202408020503
ビーラヴゼアー,2021101908,B,202408020503
ウィズアリープ,2021103215,C,202408020503
ランランガール,2021105003,B,202408020503
ラピダリア,2021100652,C,202408020503
ディディット,2021104542,B,202408020503
ショウナンラジョア,2021103897,C,202408020503
クリノアクアマリン,2021102139,C,202408020503
シンボリノエル,2021101533,B,202408020503
リート,2021101376,C,202408020503
ラヴィンローゼス,2021103997,C,202408020503
ゼットシルヴィア,2021104414,B,202408020503
テイエムスマック,2021107332,C,202408020503
クインズセレネ,2021103943,B,202408020503
ニホンピロケイ,2021103844,B,202408020504
フラーケン,2021101917,D,202408020504
アーニャワクワク,2021101048,C,202408020504
ハイケンス,2021102813,B,202408020504
ヨーカイディスコ,2021101535,B,202408020504
キーシンガー,2021102566,C,202408020504
ポイントフォワード,2021101633,C,202408020504
タミゼ,2021100650,B,202408020504
マリーナサンライズ,2021103142,C,202408020504
ゴールデンチップス,2021107351,B,202408020504
エブライト,2021101443,B,202408020504
ブラッドショー,2021103696,B,202408020504
エルキュール,2021100288,D,202408020504
ドルドーニュ,2021100497,B,202408020504
ハートアンドソウル,2021104942,B,202408020504
エイシンボーノ,2021100091,C,202408020504
アンモード,2021105448,B,202408020506
インパルス,2021100066,C,202408020506
シンゼンハチマン,2021103613,B,202408020506
リネアグローリア,2021106757,B,202408020506
キタノアベル,2021109064,C,202408020506
パワーマックィーン,2021101585,C,202408020506
アリストロシュ,2021102341,C,202408020506
ピンネシリ,2021106304,C,202408020506
エピックナイト,2021106248,B,202408020506
ソニックロプロス,2021104038,B,202408020506
バティックオーレ,2021104664,C,202408020506
ベルウェザー,2021105425,B,202408020506
カレンアイバーソン,2021101578,C,202408020506
ヤエベニシダレ,2020101077,C,202408020507
ドンアチェカ,2020105542,B,202408020507
サンデーヒーロー,2020100903,B,202408020507
ダンツビガー,2020101712,B,202408020507
ダノンペドロ,2020103453,C,202408020507
レジェンドシップ,2020103910,C,202408020507
クールブロン,2020102724,C,202408020507
ルワンジュ,2019105798,C,202408020508
タイキスパルタン,2019104000,B,202408020508
サイモンオリーブ,2020102640,C,202408020508
ナスノカンゲツ,2020109094,B,202408020508
ゴットリープ,2020101319,C,202408020508
スーパーアグリ,2020103340,C,202408020508
ルンナノオクリモノ,2020101367,C,202408020508
グッジョブ,2020101182,B,202408020508
エイシンネクタル,2020100103,C,202408020508
エスジースパークル,2020100130,C,202408020508
トロピカルヒーロー,2020104960,B,202408020508
ソノママソノママ,2020101517,C,202408020508
リトルミム,2020102599,B,202408020508
ウイスキータイム,2019102282,B,202408020508
ロードガーディアン,2019103013,C,202408020508
ナンデフェスティヴ,2019101158,B,202408020508
レッツゴーローズ,2020106950,B,202408020512
エンツォウーノ,2020104790,B,202408020512
スズノマーベリック,2019102496,B,202408020512
トゥルブレンシア,2017103184,C,202408020512
キョウワウォール,2016100201,C,202408020512
プメハナ,2020105643,C,202408020512
シンヨモギネス,2018103711,B,202408020512
シェットランド,2020103566,B,202408020512
シャンバラ,2019100615,B,202408020512
エクセスリターン,2019101274,B,202408020512
メイショウシナノ,2020106635,C,202408020512
スタボーンイメル,2020104853,C,202408020512
フォーランマリア,2019104726,B,202408020512
ノボリクレバー,2020106393,B,202408020512
グランオース,2021100620,B,202408020601
チョウゲンキ,2021106139,C,202408020601
マイバンドーム,2021103304,C,202408020601
エスカルチャ,2021101673,C,202408020601
メイユーヴ,2021100132,C,202408020601
ダイゴホマレリュウ,2021100934,B,202408020601
レグロスヴァーグ,2021106628,B,202408020601
バスターショット,2021109062,D,202408020601
バウンドトゥウィン,2021104628,C,202408020601
スマッシュスルー,2021101612,B,202408020601
メードス,2021104792,B,202408020601
タロサンダー,2021106005,C,202408020601
バラン,2021110089,B,202408020602
ローガンパス,2021105677,B,202408020602
ミックスアップ,2021102519,,202408020602
エイルドゥノン,2021102810,C,202408020602
キュールエカシス,2021100100,C,202408020602
ヒデシンイメル,2021100678,B,202408020602
プレミアナイン,2021102309,C,202408020602
ヒロアプリオリ,2021101954,C,202408020602
デビルシズカチャン,2021105553,B,202408020602
インユアパレス,2021110126,B,202408020602
ウォーターアレ,2021100600,B,202408020602
エコロセブン,2021103370,B,202408020602
メイショウイチリン,2021103354,C,202408020602
リリーエクスプレス,2021101470,C,202408020602
ジャイサルメール,2021104090,C,202408020602
ハリウッドブルース,2021104514,B,202408020602
ガウラスパーク,2021103586,B,202408020603
サンマルキングダム,2021103653,C,202408020603
デルママントラ,2021101989,C,202408020603
トウエンノチカイ,2021101441,B,202408020603
サテフィカ,2021100464,C,202408020603
ポートカルタヘナ,2021104615,B,202408020603
ゴールドラン,2021106045,C,202408020603
ダノンザボルケーノ,2021101478,B,202408020603
エナアニマル,2021109073,B,202408020603
ラジエーション,2021102910,C,202408020603
リアルカラー,2021105843,B,202408020603
ワイドマイスター,2021103399,C,202408020603
バンリイックウ,2021104099,C,202408020603
ライペニング,2021102010,C,202408020603
タガノフルチャンス,2021107108,B,202408020603
ソーニャシュニク,2021106923,B,202408020604
フラムリンガム,2021104910,B,202408020604
ワキノノーブル,2021106394,B,202408020604
モズパシュート,2021102629,B,202408020604
オコタンペ,2021105849,B,202408020604
ホーリーブライト,2021102458,B,202408020604
ネグレスコ,2021103214,B,202408020604
アスタールテニウム,2021101548,B,202408020604
メイショウザンゲツ,2021105939,C,202408020604
スイッチオン,2020106221,C,202408020607
ソルトゴールド,2019102661,C,202408020607
ナウズザタイム,2020103323,B,202408020607
ウイニンググレイス,2020107143,B,202408020607
ナムラスワガー,2018106715,C,202408020607
ポンサン,2020100838,B,202408020607
サーティファイド,2019105857,C,202408020607
ジェミニキング,2016103252,B,202408020607
サイモンポーリア,2018101166,B,202408020607
ロードマゼラン,2019103036,B,202408020607
ロードラプソディ,2019103020,B,202408020607
サイモンザナドゥ,2020104497,B,202408020610
ゴーゴーユタカ,2019100167,C,202408020610
ガウラ,2020102195,B,202408020610
レガーメペスカ,2017104106,C,202408020610
ショウナンライシン,2020103148,B,202408020610
ミラクルティアラ,2020103070,B,202408020610
マイネルクロンヌ,2017102952,C,202408020610
アスクビックスター,2019106414,B,202408020610
オブジェダート,2019104460,C,202408020610
マナウス,2019103791,B,202408020610
サンデーファンデー,2020104136,B,202408020610
メテオリート,2020103648,B,202408020610
ロッキーサンダー,2017105982,B,202408020610
クレメダンジュ,2020105627,B,202408020610
ヒミノフラッシュ,2018101337,C,202408020610
サイレンスゴールド,2020105149,B,202408020612
ルシャリーブル,2018106429,B,202408020612
コウバコ,2018101928,C,202408020612
ロイヤルソウル,2019101680,B,202408020612
カイタロー,2019103063,B,202408020612
ロードラディウス,2020100168,B,202408020612
シャドウレディー,2020102990,B,202408020612
ロードミッドナイト,2018102120,B,202408020612
ナツイロノオトメ,2019103726,B,202408020612
ディベルティール,2018104149,B,202408020612
ゴッドセンド,2020104469,B,202408020612
グランデフィオーレ,2018105497,B,202408020612
スマートアイ,2020106877,B,202408020612
シラキヌ,2019110013,B,202408020612
リラックス,2020103044,B,202408020612
ワーズワース,2018104030,B,202408020612
アクロスザシーズ,2021104847,C,202408020701
ドナミント,2021105249,B,202408020701
ポンズ,2021109128,B,202408020701
ボビーニクビッタケ,2021104316,B,202408020701
メイショウロージー,2021103211,B,202408020701
ギルティプレジャー,2021101682,B,202408020701
プレヴィスト,2021101406,B,202408020701
シューンカイゼリン,2021103737,C,202408020701
メイショウチュラカ,2021103157,B,202408020701
ノイバラ,2021106320,C,202408020701
サザンカ,2021107281,C,202408020701
ミルミナーヴァ,2021106332,A,202408020701
ヒーリングピピ,2021107354,B,202408020701
ジェニファー,2021103932,B,202408020701
クワイトポッシブル,2021105462,B,202408020701
イナズマシルバー,2021106169,C,202408020702
テクネチウム,2021104280,B,202408020702
ギフテッドドリーム,2021100525,B,202408020702
クリノフィガロ,2021101226,B,202408020702
ギルトエッジ,2021104537,B,202408020702
レーウィン,2021100734,B,202408020702
カセノルーパス,2021102865,B,202408020702
タヌキダンス,2021100182,C,202408020702
マテンロウマルス,2021106974,B,202408020702
リューデスハイム,2021105508,B,202408020702
セクシーブーケ,2021110103,B,202408020702
メイショウロッキー,2021103205,C,202408020702
ロイドバローズ,2021101479,B,202408020702
ミレフォス,2021104163,B,202408020702
トモジャオッシュ,2021102618,B,202408020702
ダディーズアイル,2021104673,B,202408020703
リンガスロシェ,2021104400,B,202408020703
カセノラオー,2021106310,B,202408020703
マイティマイティー,2021103708,B,202408020703
アストラカ,2021100639,B,202408020703
ユウトザアシゲ,2021103442,C,202408020703
エーアイキリシマ,2021104083,C,202408020703
セルリアンジャガー,2021101892,C,202408020703
ラヴィンローゼス,2021103997,C,202408020703
クリノオデッセイ,2021101859,C,202408020703
アレ,2021103287,B,202408020703
ファイヤーウィップ,2021106003,B,202408020703
レーヴァテイン,2021103719,B,202408020703
ボールドチャー,2021104227,C,202408020703
ピストンボーイ,2021105447,B,202408020703
ネオクラウン,2021106120,C,202408020703
オメガキングダム,2021105009,C,202408020704
フェアクラウド,2021103497,B,202408020704
リュージュ,2021106065,B,202408020704
ウィレムスタット,2021104841,B,202408020704
デイムサンライズ,2021102223,C,202408020704
テリフィックプラン,2021110127,C,202408020704
ミッキークレスト,2021105112,A,202408020704
プレカーサー,2021105164,B,202408020704
ラスク,2021100280,B,202408020704
マルヨファーザ,2021100807,B,202408020704
ケンジョー,2021110152,B,202408020704
ボムポット,2021100870,D,202408020704
フィフティズ,2021105296,C,202408020704
ミルトヒーロー,2021106355,C,202408020704
アイアンウォール,2021102593,C,202408020704
フィールアライヴ,2021104775,C,202408020704
シャンダス,2019103512,C,202408020707
ラスティネイル,2018100903,C,202408020707
マリオンエール,2018101371,B,202408020707
スマートビクター,2019102202,B,202408020707
バッジオレディネロ,2020103404,B,202408020707
シュピカ,2018101572,B,202408020707
ケイエイト,2020103673,B,202408020707
バンベルク,2018105258,B,202408020707
ソウルユニバンス,2017105358,C,202408020707
オーバーザドリーム,2020105734,B,202408020707
クリノユキツバキ,2019102013,C,202408020707
シゲルソロソロ,2020110100,B,202408020708
メリタテス,2020110076,B,202408020708
アドバンスファラオ,2020110106,B,202408020708
モカラエース,2020103979,B,202408020708
オールスティール,2020107142,B,202408020708
メイショウイヌワシ,2019104100,B,202408020708
フィルムアクトレス,2020101805,A,202408020708
ナゲットモンスター,2020103339,B,202408020708
マイネルサンテ,2020106021,C,202408020708
エーデルサンライズ,2020102329,B,202408020708
エントラップメント,2020100688,B,202408020708
マンノライトニング,2020101113,B,202408020708
ゴットゴーゴー,2018105530,B,202408020708
ジャーヴィス,2020103902,C,202408020708
コンドリュール,2020105608,B,202408020708
ウィルフルネス,2019102460,B,202408020708
ウナギノボリ,2019107016,B,202408020710
ロードアウォード,2020100162,B,202408020710
エルゲルージ,2019102044,B,202408020710
スキピオ,2018101032,B,202408020710
ブルーシンフォニー,2018100693,B,202408020710
メイショウミカワ,2018106458,B,202408020710
メイショウヒューマ,2018106560,B,202408020710
アウリガテソーロ,2018100994,C,202408020710
ラクスバラディー,2019105514,B,202408020710
ヨドノビクトリー,2014103963,C,202408020710
パルデンス,2018104775,B,202408020710
マイネルプロンプト,2012100683,C,202408020710
ブレーヴジャッカル,2018105187,C,202408020710
スプラウティング,2019101907,B,202408020710
アルメイダミノル,2018105833,B,202408020710
レディフォース,2020103790,B,202408020710
スズカコーズ,2020101035,B,202408020712
ダブルジョーク,2020110026,B,202408020712
オーガスタスカイ,2019105161,B,202408020712
シンゼンイズモ,2020102993,B,202408020712
カセノミオ,2020105306,B,202408020712
ミセスバローズ,2018106529,B,202408020712
ジャスリー,2020102814,B,202408020712
エコロアレス,2020110136,B,202408020712
ロードオルデン,2019102656,B,202408020712
アウグスト,2019100284,B,202408020712
ワールドコネクター,2019110123,B,202408020712
ジャスパージェット,2019106854,B,202408020712
ライツフォル,2020103398,B,202408020712
コンクエスト,2019100657,B,202408020712
ヴァクストゥーム,2017106136,C,202408020712
スペクトログラム,2019105186,B,202408020712
ミオン,2021106288,C,202408020801
リエータメンテ,2021105887,B,202408020801
アマントアスク,2021107371,B,202408020801
レイクスター,2021105962,A,202408020801
メイショウムーヴ,2021100994,B,202408020801
リュクスブリランテ,2021102299,C,202408020801
ゴーゴーケイコ,2021106562,C,202408020801
クリノアクアマリン,2021102139,D,202408020801
デアパーディタ,2021100236,C,202408020801
ベレニーチェ,2021100680,C,202408020801
クリノトパーズ,2021102044,B,202408020801
モノノフゴールド,2021102307,C,202408020801
ヨシノヤッタルデー,2021102336,C,202408020802
キングムーン,2021107249,,202408020802
リュウノシンクウハ,2021102906,C,202408020802
コンスピリート,2021106705,B,202408020802
フタバ,2021102963,C,202408020802
ハッピーモンスター,2021100056,C,202408020802
カレンマウラー,2021101577,C,202408020802
カラツノ,2021102817,C,202408020802
ミルトコルサ,2021106345,B,202408020802
イーサンハンター,2021104362,B,202408020802
ヒロノワカ,2021103012,C,202408020802
ポジティブスピン,2021103516,C,202408020802
ワープエンジン,2021102579,D,202408020802
プロミシングスター,2021103073,B,202408020802
エクステンシヴリー,2021100715,B,202408020802
ジーティーパワー,2021105526,B,202408020803
エスシーヤマト,2021100845,B,202408020803
マジカルレイズ,2021103993,B,202408020803
ムルソー,2021103020,B,202408020803
マジックブルー,2021103682,C,202408020803
オイデレオ,2021104580,C,202408020803
カールスタード,2021105554,C,202408020803
ピオニエーレ,2021104138,B,202408020803
スナークダリ,2021106175,B,202408020803
メイショウトレック,2021103355,C,202408020803
フォージドブリック,2021104800,C,202408020803
ホワイトリバー,2021100679,C,202408020803
ユウトザキンパツ,2021104597,C,202408020803
レイドデザート,2021103065,C,202408020803
エターナルブルー,2021103608,B,202408020803
ビップジェンマ,2021105413,C,202408020804
ヴィライザベル,2021103589,C,202408020804
クールソル,2021104325,D,202408020804
キングヴァージル,2021104878,B,202408020804
ゼンカイパイロ,2021100337,C,202408020804
ルナプレス,2021104012,B,202408020804
スポットライト,2021102509,C,202408020804
ファセリア,2021103526,C,202408020804
デュアル,2021104063,B,202408020804
ペプチドアーニャ,2021102732,B,202408020804
ニホンピロトッティ,2021104210,C,202408020804
マーブルカリクロ,2021103606,C,202408020804
ブラッドサーガ,2021104912,D,202408020804
クインズアトリア,2021104549,B,202408020804
ミキノクラップス,2021102585,B,202408020804
セキテイレア,2021100226,B,202408020804
カンジ,2021110108,B,202408020806
タイセイリアル,2021101448,B,202408020806
ワンパット,2021102903,B,202408020806
メイプルタピット,2021103140,D,202408020806
シーリュウシー,2021106180,B,202408020806
クロダブシ,2021103866,B,202408020806
ドルチアーリア,2021105251,B,202408020806
ハーバーライト,2021105477,B,202408020806
ロードフォアエース,2021100130,B,202408020806
キングオブフジ,2021106164,B,202408020806
メイショウトム,2021110065,C,202408020806
ゼットカレン,2020104751,B,202408020808
クラシカルスカラー,2020105430,B,202408020808
ファイアネイド,2020101823,B,202408020808
コロル,2020104769,B,202408020808
ナンヨーノサラ,2020103050,B,202408020808
ネイト,2019102701,B,202408020808
アロットドリーム,2020106611,B,202408020808
フェリ,2020105156,B,202408020808
ロンシャンクイーン,2020103274,B,202408020808
サイモンオリーブ,2020102640,C,202408020808
パスカリ,2020102544,B,202408020808
スノーヴァース,2020100874,B,202408020808
クリノヴァニラ,2018101215,B,202408020808
スターペスカオリ,2020105929,C,202408020808
シゲルミライ,2020101777,C,202408020808
デームフォーチュン,2019105528,C,202408020808
ヴァンドゥラン,2020105991,B,202408020809
カネトシブルーム,2019106475,B,202408020809
ヴィブラツィオーネ,2019104928,B,202408020809
グレン,2020110151,B,202408020809
ラブスピール,2017100415,C,202408020809
スカンジナビア,2019102794,B,202408020809
ファイヴレター,2017102043,C,202408020809
シュプリンガー,2019104636,B,202408020809
パーティーベル,2019104853,B,202408020809
カレンマックナイト,2019105140,B,202408020809
サヴァビアン,2018103473,C,202408020809
ツウカイリアル,2020104872,B,202408020809
メイショウマントル,2018100858,C,202408020809
パラシュラーマ,2020105622,B,202408020811
ゼットレヨン,2019103065,B,202408020811
チェイスザドリーム,2019105968,B,202408020811
スズカコテキタイ,2019105967,C,202408020811
イスラアネーロ,2019105741,C,202408020811
ベルダーイメル,2017101380,B,202408020811
メイショウミツヤス,2018106147,B,202408020811
ボイラーハウス,2018106183,B,202408020811
ヴァガボンド,2018106074,B,202408020811
メイショウウズマサ,2016102177,B,202408020811
オーヴァーネクサス,2017101534,B,202408020811
タイセイブレイズ,2018102969,B,202408020811
ヘラルドバローズ,2019106521,B,202408020811
ベレニーチェ,2021100680,C,202408030101
バタフライロック,2021102058,C,202408030101
プレゼンティーア,2021102153,B,202408030101
タマモオペラ,2021103594,C,202408030101
キルケロッソ,2021106019,B,202408030101
ビーラヴゼアー,2021101908,B,202408030101
ルボートン,2021104973,B,202408030101
エピファドール,2021102710,B,202408030101
アンリーベイビー,2021103723,C,202408030101
ワンダーアレグリア,2021100754,C,202408030101
ピコリーナ,2021103521,C,202408030101
ランランガール,2021105003,B,202408030101
プレザントウインド,2021104573,C,202408030101
ウィスピースノー,2021100648,B,202408030101
レイム,2021106942,B,202408030101
ラシャンススウリ,2021106590,C,202408030101
ランドシュール,2021102660,C,202408030102
シェアホルダーズ,2021101250,B,202408030102
テイエムゴールドン,2021100707,B,202408030102
メイショウヘール,2021104622,B,202408030102
ピナーカ,2021103612,C,202408030102
ユウトザキンパツ,2021104597,C,202408030102
メイショウムカバキ,2021100741,C,202408030102
アンドゥーラ,2021100480,B,202408030102
クリノタンザナイト,2021101227,C,202408030102
ビーチハイボール,2021100878,C,202408030102
サンティヨン,2021100421,B,202408030102
ヴィラコースト,2021101948,B,202408030102
カシノテンダー,2021109143,C,202408030102
タマモキャリコ,2021103197,C,202408030102
スマッシュスルー,2021101612,B,202408030102
プルーフリーダー,2021104437,C,202408030102
ホークフィールド,2021105004,B,202408030105
リューデスハイム,2021105508,B,202408030105
ゼンダンスカイ,2021106294,B,202408030105
ジーサイクロン,2021106006,B,202408030105
タケノシンセイ,2021100376,B,202408030105
マッスルバック,2021103809,B,202408030105
オーシンハーフ,2021101419,B,202408030105
カツラノキサノキ,2021101461,B,202408030105
ポッドロゴ,2021104873,B,202408030105
レグロスヴァーグ,2021106628,B,202408030105
ペプチドハドソン,2020106409,B,202408030107
エンドレスロード,2019100665,B,202408030107
エクローサ,2020102834,B,202408030107
モズアカボス,2020110069,B,202408030107
モカラエース,2020103979,B,202408030107
ヘヴンズタイム,2020105624,B,202408030107
イエルバブエナ,2020106899,C,202408030107
フリークボンバー,2017103822,B,202408030107
エイムインライフ,2020110068,B,202408030107
カネトシフラム,2020100716,B,202408030107
プロテア,2020104206,B,202408030107
ブルーペクトライト,2020103556,B,202408030107
クリノミニスター,2019103285,C,202408030107
ハクアイアテナ,2020105240,C,202408030107
ピースオブザライフ,2020101024,B,202408030108
アウロス,2020106306,B,202408030108
エールミネルヴァ,2020102680,B,202408030108
ラブスピール,2017100415,B,202408030108
スカンジナビア,2019102794,B,202408030108
ノッテルーナ,2020104240,B,202408030108
ピエナパイロ,2020101335,B,202408030108
クリノクリスタル,2020107081,C,202408030108
ヴォードヴィル,2020105872,B,202408030108
ライジングラパス,2020109096,B,202408030108
ランスオブサターン,2020104772,B,202408030108
メイショウコガシラ,2020100979,B,202408030110
バリアントバイオ,2020101941,B,202408030110
エクセスリターン,2019101274,B,202408030110
ワセダハーツ,2018104729,C,202408030110
サンテックス,2020100635,A,202408030110
クレメダンジュ,2020105627,B,202408030110
チュウワハート,2020102964,B,202408030110
キュールエフウジン,2019102983,D,202408030110
ショウナンライシン,2020103148,C,202408030110
コンスタンティン,2019101291,B,202408030110
メイショウオキビ,2018105846,C,202408030110
スマラグドス,2020102798,B,202408030110
サンライズアムール,2019101633,A,202408030111
クインズメリッサ,2018101984,B,202408030111
ジレトール,2019105972,B,202408030111
サトノテンペスト,2018100388,B,202408030111
ナムラフランク,2019101975,B,202408030111
ヴァガボンド,2018106074,B,202408030111
アルファマム,2019103529,B,202408030111
メイショウテンスイ,2017106084,B,202408030111
パラシュラーマ,2020105622,B,202408030111
ゼットレヨン,2019103065,B,202408030111
ジャスパーゴールド,2018110126,C,202408030111
レッドゲイル,2019103976,C,202408030111
ジャスパープリンス,2015110073,B,202408030111
シスコスター,2021109091,B,202408030201
パイロズブリッジ,2021101239,C,202408030201
ヤマニンファリダ,2021106599,B,202408030201
ラッキーラン,2021106968,C,202408030201
マックスセレナーデ,2021101400,B,202408030201
フェイマスグラース,2021104688,B,202408030201
タガノエクレール,2021106540,B,202408030201
ナムラリーナ,2021104304,B,202408030201
ニホンピロトッティ,2021104210,B,202408030201
シャバツィ,2021105065,C,202408030201
フェロニエール,2021105519,B,202408030201
メイショウツバメ,2021103279,B,202408030201
ミリオンジェンヌ,2021103455,B,202408030201
チェルビック,2021105460,C,202408030201
フレイミングパイ,2021106936,B,202408030202
ゼンカイパイロ,2021100337,C,202408030202
ブラッドショー,2021103696,C,202408030202
グロリモーニ,2021100117,C,202408030202
カナサンドー,2021101746,C,202408030202
レーベンヘルツ,2021103528,C,202408030202
ジュンフィレンツェ,2021107270,C,202408030202
メイショウハッブル,2021102550,B,202408030202
キープライジング,2021103550,C,202408030202
ウインクメイド,2021100411,C,202408030202
ファストフライト,2021109089,B,202408030202
タミゼ,2021100650,B,202408030202
ユーベルメンシュ,2021103148,B,202408030202
イナズマホリデー,2021106173,C,202408030202
カネトシショウカ,2021100710,B,202408030202
ビーコング,2021103595,B,202408030202
ジュンラトゥール,2021104039,C,202408030203
テイエムドルオー,2021102039,D,202408030203
アイファーキャップ,2021107295,C,202408030203
ピースウォリアー,2021101618,B,202408030203
スターズウィーク,2021100407,C,202408030203
モズユイユイ,2021106702,C,202408030203
クラウンファラデー,2021101260,C,202408030203
アミュニション,2021104465,C,202408030203
ニホンピロゴルディ,2021103845,B,202408030203
デルマアートマン,2021104992,B,202408030203
ユウトザアシゲ,2021103442,C,202408030203
サトノギフテッド,2021105408,B,202408030203
オンザプラネット,2021104132,C,202408030203
オーヴァーマスター,2021101433,B,202408030203
クセノポン,2021104743,B,202408030203
アイアンウォール,2021102593,C,202408030203
マーベリックシチー,2021100387,C,202408030206
アスクアイルビゼア,2021102154,B,202408030206
フェリーニ,2021105862,B,202408030206
ヒルノドゴール,2021103786,B,202408030206
ヴァンヴィーヴ,2021101399,C,202408030206
ベネメレンティ,2021106648,B,202408030206
キャピタルサックス,2021106706,B,202408030206
クリノイザナミ,2021102118,C,202408030206
レディーエンジェル,2021103289,C,202408030206
ニホンピロカラット,2021103842,B,202408030206
ブループリマドンナ,2021100703,B,202408030206
マイネルディレクト,2021106805,C,202408030206
ファームツエンティ,2020104491,B,202408030208
クールジャーマン,2020100055,C,202408030208
レジェンドシップ,2020103910,C,202408030208
レタラ,2019106334,B,202408030208
ターゲサンブルック,2019105649,C,202408030208
メイショウクモイ,2020106922,C,202408030208
ムーンスカイ,2020102273,C,202408030208
テイエムシップ,2019107031,C,202408030208
ヤマカツレオン,2017103384,C,202408030208
ザアトム,2019101266,B,202408030212
サウンドサンビーム,2017106394,B,202408030212
アポロプラネット,2019101264,B,202408030212
ディキシーガンナー,2020110031,B,202408030212
コパノバークレー,2020104671,C,202408030212
ワーズワース,2018104030,B,202408030212
ビップシュプリーム,2019105241,B,202408030212
ストリンジェンド,2020102702,B,202408030212
ルヴェルジェ,2019110130,B,202408030212
ミキノプリンス,2019103418,B,202408030212
サイレンスゴールド,2020105149,C,202408030212
カミーロ,2020102027,B,202408030212
メイショウナナクサ,2020106913,B,202408030212
ディアサクセサー,2020103074,B,202408030212
ブルーノート,2019100871,C,202408030212
ツークフォーゲル,2020105635,C,202408030212
ウインドスピード,2021100154,C,202408030301
パシオンブロンド,2021101716,C,202408030301
ブレイブハートマン,2021102995,B,202408030301
グーヴェルナイユ,2021106612,B,202408030301
ヘニーズネフュー,2021106566,C,202408030301
ピナーカ,2021103612,C,202408030301
マルモリトマホーク,2021103831,C,202408030301
ナムラミック,2021102630,C,202408030301
チョウガンバレ,2021106453,B,202408030301
アイアンウォール,2021102593,C,202408030301
メイショウナオマサ,2021106889,C,202408030301
ミッションルース,2021101464,B,202408030301
ジュウオウ,2021110162,B,202408030301
モズブルーム,2021106336,C,202408030301
シセイダイキ,2021106728,C,202408030301
メイショウヨシノ,2021103207,C,202408030302
スピナテイル,2021100167,B,202408030302
ジャイロ,2021100918,C,202408030302
チリエージョドラマ,2021106342,B,202408030302
ナムラベティ,2021103093,C,202408030302
ソルアマゾン,2021104667,C,202408030302
ペレグリン,2021100906,B,202408030302
カフジホルミウム,2021100919,C,202408030302
ハッピーダンス,2021105916,C,202408030302
ヴェルヴ,2021104795,C,202408030302
ルクスミッシェル,2021103938,C,202408030302
タイセイファルクス,2021100510,B,202408030302
ブライトルピナス,2021103598,B,202408030302
エクセレンアーサー,2021107236,C,202408030302
シンパティカ,2021102331,C,202408030302
クレスコウェイ,2021102077,C,202408030302
カズヴィトシャ,2021107182,B,202408030303
エスオーライジング,2021102631,C,202408030303
トゥラッタッタ,2021102973,C,202408030303
ビーチハイボール,2021100878,C,202408030303
レイドデザート,2021103065,B,202408030303
カフジテルビウム,2021102150,C,202408030303
デュランヴェリテ,2021106656,B,202408030303
ライペニング,2021102010,B,202408030303
ダブルジャッジ,2021105221,B,202408030303
ジーベック,2021103242,B,202408030303
エクササイズ,2021103099,C,202408030303
コンプラセンシア,2020101807,B,202408030307
オーパンバル,2018100722,B,202408030307
ディクレアブルーム,2020106816,B,202408030307
タガノエリザベス,2020106035,B,202408030307
サルサディーバ,2019104461,C,202408030307
ヤエベニシダレ,2020101077,C,202408030307
キャロルビアンカ,2020100719,B,202408030307
サイモンコーラル,2020100629,C,202408030307
ザウリ,2019101399,B,202408030308
メイショウナラシバ,2019102886,B,202408030308
ロードドミニオン,2017103656,B,202408030308
フェニックスループ,2019104918,B,202408030308
サンガネーブ,2020104287,B,202408030308
マルモリキング,2020100994,D,202408030308
ビナカントー,2020105084,C,202408030308
ゴイゴイスー,2018103388,B,202408030308
ユリシーズ,2019103302,B,202408030308
レイナアレナ,2020105046,C,202408030308
シグルドリーヴァ,2019103953,B,202408030308
ルージュルミナス,2019105232,B,202408030308
メイショウアジロ,2019103407,C,202408030308
ワンダーヘイルネス,2016102446,C,202408030308
スナークラファエロ,2021103987,B,202408030311
ノットイナフ,2021106625,D,202408030311
マルチャレアル,2021105430,C,202408030311
ミッキーファイト,2021105615,B,202408030311
ラムジェット,2021106640,B,202408030311
サンライズソレイユ,2021105104,B,202408030311
ゼンダンスカイ,2021106294,B,202408030311
ラオラシオン,2021105262,B,202408030311
サトノエピック,2021105271,B,202408030311
エイカイソウル,2021105094,B,202408030311
クロドラバール,2021101733,B,202408030311
ムルソー,2021103020,B,202408030311
カゼノランナー,2021106611,C,202408030311
ピュアキアン,2021107001,B,202408030311
アラレタバシル,2021107192,B,202408030311
ハーバーライト,2021105477,C,202408030311
ジャスパージェット,2019106854,C,202408030312
バトゥーキ,2020101373,B,202408030312
ギーロカスタル,2020104845,C,202408030312
フクノワカバ,2020106795,B,202408030312
カッティングジェム,2020104091,C,202408030312
マイネルサハラ,2019103543,C,202408030312
ケイアイオメガ,2019106076,B,202408030312
リンドラゴ,2019101200,C,202408030312
メイショウキッド,2019102824,C,202408030312
ヤマニンルリュール,2018102021,B,202408030312
エムズマインド,2020101641,B,202408030312
パーティーベル,2019104853,B,202408030312
トモジャケーヤ,2020104650,B,202408030312
バスドラムガール,2020104363,B,202408030312
デルマカンノン,2018103611,B,202408030312
カッコヨカ,2019109159,B,202408030312
ヤマニンラベーラ,2021106607,C,202408030401
サウンドチアフル,2021102778,C,202408030401
ウイントールキン,2021101525,C,202408030401
アキノサザン,2021102517,B,202408030401
クレスコサンダー,2021105322,B,202408030401
エピックナイト,2021106248,B,202408030401
メイショウカンムリ,2021103003,B,202408030401
ブルーメンコルソ,2021103915,C,202408030401
スリーモーメント,2021100232,B,202408030401
フェールブリエ,2021101128,C,202408030401
スマートカナートス,2021103944,B,202408030401
ルクスルイナール,2021102060,B,202408030401
アストラカ,2021100639,B,202408030401
シユウブラック,2021103804,C,202408030401
カーロアヴァンティ,2021103056,B,202408030401
サンライズダマシイ,2021102215,C,202408030401
ヤマカツピーチ,2021104429,C,202408030402
ミスティッククイン,2021101745,C,202408030402
クリノオリオン,2021101243,B,202408030402
ココシャンパーニュ,2021105902,C,202408030402
ボンジーア,2021104034,C,202408030402
プリマディーバ,2021103485,C,202408030402
ジーティースピカ,2021104589,B,202408030402
スナークサファイア,2021106176,C,202408030402
ラブリーサイン,2021101098,B,202408030402
ヘップバーン,2021103729,B,202408030402
マベルシュシュット,2021104453,C,202408030402
レーヌガレット,2021101465,C,202408030402
スターターン,2021104991,B,202408030405
アイスリンディ,2021103575,C,202408030405
ドッビアーコ,2021110130,B,202408030405
キングヴァージル,2021104878,C,202408030405
テンドウ,2021100898,B,202408030405
オウケンベリー,2021103010,B,202408030405
カズゴルティス,2021105608,B,202408030405
リードアクトレス,2021102654,C,202408030405
テイエムリステット,2021103725,B,202408030405
オーケーミネルバ,2021100301,C,202408030405
アマミツツキ,2021103863,B,202408030405
ストームバンガード,2021103819,B,202408030405
タッチャブル,2020105670,B,202408030407
カズラポニアン,2019105148,C,202408030407
キュピドン,2020110065,C,202408030407
マサハヤウォルズ,2020103045,B,202408030407
モズミツボシ,2019103718,B,202408030407
ヒルノデプラーツ,2019106573,B,202408030407
マンノライトニング,2020101113,B,202408030407
ウォーターハウス,2020102664,B,202408030407
ジーニアスバローズ,2020100681,B,202408030407
ピューリファイ,2019104590,B,202408030407
メイショウカゲカツ,2019104044,B,202408030409
メジェド,2020105651,B,202408030409
シンリミテス,2019106148,B,202408030409
ベイパーコーン,2019104118,C,202408030409
ヒデノレインボー,2019102705,B,202408030409
サンマルパトロール,2020106370,B,202408030409
シュガーコルト,2019106364,C,202408030409
トーホウガレオン,2020103499,C,202408030409
バイス,2018101590,C,202408030409
ティルドーン,2020110132,B,202408030409
シュプリンガー,2019104636,B,202408030409
ダテボレアス,2019103562,B,202408030412
アルムラトゥール,2020105545,B,202408030412
ゴッドセンド,2020104469,B,202408030412
ブレーヴジャッカル,2018105187,B,202408030412
アロットドリーム,2020106611,B,202408030412
ミラバーグマン,2018103738,C,202408030412
ラヴケリー,2018101514,C,202408030412
ロレンツォ,2018103341,A,202408030412
ボナンザ,2020101292,B,202408030412
メイショウヒューマ,2018106560,B,202408030412
エティエンヌ,2019105761,B,202408030412
ジュンウィンダム,2020106062,B,202408030412
メイショウフジタカ,2018105860,B,202408030412
ルクルト,2017100452,B,202408030412
ステラフィオーレ,2019100590,B,202408030412
ドラゴンゴクウ,2019105587,B,202408030412
ドナミント,2021105249,C,202408030501
トウカイポワール,2021102389,B,202408030501
レイム,2021106942,B,202408030501
トゥームレイダー,2021106677,B,202408030501
アンリーベイビー,2021103723,B,202408030501
イナズマホリデー,2021106173,C,202408030501
カンカール,2021102303,B,202408030501
サンピアノソナタ,2021100074,C,202408030501
クインズアトリア,2021104549,B,202408030501
エデュース,2021100654,B,202408030501
ウキヨノユメ,2021101354,C,202408030501
ベレニーチェ,2021100680,C,202408030501
チュウワスペル,2021107181,B,202408030501
ミヤジテン,2021102531,C,202408030501
エピファドール,2021102710,C,202408030501
ランスオブセヘル,2021102754,B,202408030501
ジュンラトゥール,2021104039,B,202408030502
アーマルコライト,2021105811,B,202408030502
メイショウアンゾフ,2021103159,B,202408030502
ナムラミック,2021102630,C,202408030502
ミグラテール,2021106758,C,202408030502
アミュニション,2021104465,C,202408030502
アウローラルミエル,2021105183,C,202408030502
ドラゴンキッド,2021101713,C,202408030502
アスターエルビウム,2021103590,B,202408030502
シェアホルダーズ,2021101250,B,202408030502
エブリモーメント,2021104649,B,202408030503
タイセイアレス,2021105333,C,202408030503
デュアル,2021104063,B,202408030503
ダイシンバースディ,2021100104,B,202408030503
フォージドブリック,2021104800,C,202408030503
ダンツアバロン,2021104087,C,202408030503
ウォーターストンプ,2021100969,B,202408030503
ヒロブライト,2021103983,C,202408030503
スリーウエーブ,2021102990,B,202408030503
ビーコング,2021103595,B,202408030503
ルペルクス,2021103996,D,202408030503
アーニャワクワク,2021101048,C,202408030503
ゴールデンチップス,2021107351,B,202408030503
オースサイン,2021106295,B,202408030503
ソニック,2021106754,C,202408030503
ニホンピロドーバー,2021103843,C,202408030503
ミヤノキングリー,2021102513,C,202408030504
タプファーアイ,2021100717,B,202408030504
カラヲヤブレ,2021104500,B,202408030504
ウォーターアレ,2021100600,C,202408030504
ストレンジャー,2021107258,C,202408030504
タガノアウル,2021106011,C,202408030504
ウインラウダ,2021106206,C,202408030504
メネラオス,2021105840,C,202408030504
アンドゥーラ,2021100480,C,202408030504
アムールベル,2021106311,C,202408030504
モズユイユイ,2021106702,B,202408030504
スマートレガリア,2021103921,B,202408030504
メイショウヤーキス,2021102573,C,202408030506
ワークソング,2021102462,B,202408030506
シリウス,2021100086,B,202408030506
モンシェリ,2021102399,B,202408030506
タイセイミニスター,2021104197,B,202408030506
アスタールテニウム,2021101548,B,202408030506
イスラアズール,2021103552,B,202408030506
ハリウッドブルース,2021104514,B,202408030506
ランウインディ,2021106305,B,202408030506
ムーム,2021103061,B,202408030506
サムデイ,2021101033,C,202408030506
クリノイザナミ,2021102118,B,202408030506
プロミシングスター,2021103073,B,202408030506
ディスタントスカイ,2021110067,B,202408030506
シンゼンハット,2019103912,B,202408030508
アズマサクラエモン,2020101396,C,202408030508
アドマイヤソラ,2020103212,B,202408030508
バッジオレディネロ,2020103404,B,202408030508
ゼットスティール,2020100202,C,202408030508
ダイヤグラフ,2020103550,B,202408030508
レジェンドシップ,2020103910,C,202408030508
テイエムシップ,2019107031,B,202408030508
ソウルユニバンス,2017105358,C,202408030508
ガウロン,2020105873,B,202408030508
デリカダ,2019106929,B,202408030510
キングストンボーイ,2018102657,C,202408030510
アウトレンジ,2020105621,B,202408030510
アルーブルト,2018100763,B,202408030510
インプレス,2019104899,B,202408030510
カフジオクタゴン,2019105656,B,202408030510
テーオーリカード,2020106884,B,202408030510
ロコポルティ,2018105503,B,202408030510
サンデーファンデー,2020104136,B,202408030510
ワールドリバイバル,2018100026,B,202408030510
マリオロード,2019101198,C,202408030510
ロードヴァレンチ,2019103507,B,202408030510
オディロン,2019102490,B,202408030510
マサハヤニース,2015104589,B,202408030510
ゼットリアン,2020104760,B,202408030510
ドライゼ,2019104768,C,202408030510
プレゼンティーア,2021102153,C,202408030601
ブギーナイツ,2021103240,B,202408030601
ヤマニンファリダ,2021106599,B,202408030601
ナデナデ,2021107263,C,202408030601
アップルハウス,2021106911,C,202408030601
ゴーダンシング,2021102340,B,202408030601
ファセット,2021102913,C,202408030601
テイエムリベスト,2021101944,C,202408030601
ゼットレジーナ,2021105919,B,202408030601
ヴァーニャ,2021103070,C,202408030601
ヤマニントゥルシー,2021106602,C,202408030602
ズバットマサムネ,2021105711,B,202408030602
ガーデンオブエデン,2021103524,C,202408030602
パワーマックィーン,2021101585,B,202408030602
ガーデンカメリア,2021110139,B,202408030602
ジーティーウィンズ,2021104582,C,202408030602
ウインアルドーレ,2021106192,C,202408030602
エスタボニート,2021106918,B,202408030602
ノイヤーヘルト,2021105055,B,202408030602
エマニエル,2021100908,C,202408030602
カフジニホニウム,2021110098,B,202408030602
ポンヌフ,2021110141,B,202408030602
メイショウコナン,2021103064,B,202408030602
キャンドルマス,2021101624,B,202408030602
ゴーディアンノット,2021104826,C,202408030602
サンダーバース,2021103582,B,202408030602
アルミウス,2021102805,B,202408030603
テトラード,2021104999,B,202408030603
メイショウヘール,2021104622,B,202408030603
リリーピンシャー,2021102705,C,202408030603
ボックスオフィス,2021101691,C,202408030603
キタサンシデン,2021107047,C,202408030603
シンゼンワカミヤ,2021101167,C,202408030603
エクササイズ,2021103099,C,202408030603
ブリザードベアー,2021100406,B,202408030603
ツリーフロッグ,2021104179,B,202408030603
ユウトザキンパツ,2021104597,C,202408030603
タイセイフォルテ,2021105345,B,202408030603
ゴールドアローン,2021106874,C,202408030606
ハリウッドパーク,2021104581,C,202408030606
アンデスビエント,2021105387,B,202408030606
コンバットペスカ,2021103236,B,202408030606
リーチユアドリーム,2021105149,B,202408030606
メイショウリリー,2021103209,B,202408030606
バスタードサフラン,2021106610,B,202408030606
レシェルドランジュ,2021105386,B,202408030606
リアンクトワ,2021103293,B,202408030606
ドルチアーリア,2021105251,B,202408030606
オーケーカルメン,2021102380,B,202408030606
ベルメサイア,2021103776,B,202408030606
ウフフトルンナ,2021101193,B,202408030606
ラッキーマリリン,2021103318,C,202408030606
ペイシャコパ,2021101090,C,202408030606
サトノアイオライト,2021105569,B,202408030606
レッドベルアーム,2019105544,B,202408030608
ノッテルーナ,2020104240,B,202408030608
ダイメイセブン,2020101919,B,202408030608
クールブロン,2020102724,B,202408030608
ウイニンググレイス,2020107143,C,202408030608
ジョウショーパワー,2020105228,B,202408030608
ディープリボーン,2020100806,B,202408030608
シャンバラ,2019100615,B,202408030608
ダッシュダクラウン,2018104156,B,202408030608
ペイシャモノノフ,2020101020,B,202408030608
シンヨモギネス,2018103711,B,202408030608
ニャンチンノン,2019102799,B,202408030608
イルミネーター,2017105895,B,202408030608
ピエナパイロ,2020101335,C,202408030608
カズロレアート,2018105117,B,202408030608
メリタテス,2020110076,B,202408030612
ルージュシェノン,2019105541,B,202408030612
フォティック,2020100271,C,202408030612
カズペトシーン,2020105585,B,202408030612
ヴォランテ,2020100593,B,202408030612
レッドダンルース,2020103189,C,202408030612
メイショウタイゲイ,2019104169,B,202408030612
ウインドワンピース,2020103901,B,202408030612
モズアカボス,2020110069,B,202408030612
レゾルシオン,2020100747,B,202408030612
ブルーペクトライト,2020103556,B,202408030612
フリークボンバー,2017103822,B,202408030612
ナッカーフェイス,2019100110,C,202408030612
クリノミニスター,2019103285,C,202408030612
バイファーザベスト,2019109106,B,202408030612
ドライグ,2020101652,B,202408030612
ジューンナデシコ,2021100922,B,202408030701
タガノエクレール,2021106540,B,202408030701
ニホンピロデルマー,2021104209,B,202408030701
ローマンレイク,2021105976,C,202408030701
タマモナポリ,2021106177,B,202408030701
イエローサファイア,2021104116,B,202408030701
リエラ,2021106943,C,202408030701
メタルハート,2021100565,B,202408030701
チリエージョドラマ,2021106342,C,202408030701
フェイマスグラース,2021104688,C,202408030701
マックスセレナーデ,2021101400,B,202408030701
ゼットメルベーユ,2021100197,B,202408030701
ルージュシュエット,2021105640,B,202408030701
ニホンピロトッティ,2021104210,C,202408030702
テンマ,2021102109,C,202408030702
テイエムデンセツ,2021102160,C,202408030702
ダディーズアイル,2021104673,B,202408030702
ブラストバローズ,2021101393,B,202408030702
スラストアウェイ,2021109084,C,202408030702
フェールブリエ,2021101128,B,202408030702
メイショウマタベエ,2021100986,C,202408030702
ベストリターナー,2021106094,C,202408030702
シャッフルガール,2021103202,B,202408030702
スマイルアクセス,2021102589,B,202408030702
リアルモハメド,2021100486,B,202408030702
タミゼ,2021100650,C,202408030702
ラントリサント,2021105912,C,202408030702
サンノーブル,2021100831,C,202408030702
プライムブルー,2021103558,C,202408030702
シンゼンワカミヤ,2021101167,C,202408030703
トントンプー,2021109052,C,202408030703
ジーティースピード,2021110102,B,202408030703
ジュウオウ,2021110162,C,202408030703
ソルトロング,2021102960,C,202408030703
メイショウヨスガラ,2021102569,B,202408030703
シングマイブルース,2021110068,B,202408030703
ニホンピロゴルディ,2021103845,C,202408030703
ディアモミノル,2021104431,C,202408030703
ヤマニンラベーラ,2021106607,C,202408030703
クリティカルヒット,2021110096,B,202408030703
オーヴァーマスター,2021101433,B,202408030703
シングンアーメット,2021106747,D,202408030703
インザビギニング,2020105638,B,202408030706
モズアカボス,2020110069,B,202408030706
シンゼンハット,2019103912,C,202408030706
ナンヨークリスタル,2020103513,B,202408030706
メイショウクモイ,2020106922,B,202408030706
サンライズパスカル,2020102343,B,202408030706
ジャスパーワールド,2020110107,C,202408030706
ターゲサンブルック,2019105649,B,202408030706
シュピカ,2018101572,B,202408030706
クールシェルタ,2019103204,B,202408030706
メイショウオグマ,2019104261,C,202408030706
ヘヴンズタイム,2020105624,B,202408030706
エイムインライフ,2020110068,B,202408030706
ボルネオ,2020104375,B,202408030706
ソルトゴールド,2019102661,C,202408030706
マリアナトレンチ,2020102737,C,202408030710
アオイイーグル,2020101861,B,202408030710
フームスムート,2017104238,C,202408030710
サイモンザナドゥ,2020104497,B,202408030710
レガーメペスカ,2017104106,C,202408030710
ロッキーサンダー,2017105982,B,202408030710
メイショウコガシラ,2020100979,B,202408030710
アイファーテイオー,2020101275,B,202408030710
ジャスパーグレイト,2019110088,C,202408030710
ダンテバローズ,2020104661,C,202408030710
ヴアーサ,2018104481,B,202408030710
ラフストリーム,2018104959,C,202408030710
グーデンドラーク,2019105416,B,202408030710
ストライク,2020105869,B,202408030710
レッドエランドール,2017104972,B,202408030710
グランスピード,2017105403,B,202408030710
ワーズワース,2018104030,B,202408030712
ジョヴィアン,2020110127,B,202408030712
ダブルジョーク,2020110026,B,202408030712
シャドウレディー,2020102990,B,202408030712
マリブパイン,2019106239,B,202408030712
サイモンギフト,2020100639,C,202408030712
マイアミュレット,2019106730,C,202408030712
ナスノカンゲツ,2020109094,B,202408030712
ベンダバリラビア,2020101968,B,202408030712
ミキノプリンス,2019103418,C,202408030712
ゼットカレン,2020104751,B,202408030712
ディアサクセサー,2020103074,B,202408030712
ツークフォーゲル,2020105635,C,202408030712
キープライジング,2021103550,C,202408030801
ペプチドアーニャ,2021102732,B,202408030801
サンエルガー,2021104298,B,202408030801
エイルドゥノン,2021102810,C,202408030801
リオサラ,2021103454,B,202408030801
ムーンボウ,2021102921,B,202408030801
ラムテリオス,2021105178,B,202408030801
マリーナサンライズ,2021103142,C,202408030801
ワンダーセイレーン,2021100223,C,202408030801
ペレグリン,2021100906,B,202408030801
ピコリーナ,2021103521,C,202408030801
ノビル,2021102091,B,202408030801
ドスコ,2021109036,C,202408030801
テーオーダイヤ,2021102563,C,202408030801
ファストフライト,2021109089,C,202408030801
アクロスザシーズ,2021104847,B,202408030801
シーグリント,2021105511,B,202408030802
ブレイブハートマン,2021102995,B,202408030802
メイショウトレック,2021103355,B,202408030802
ココケイ,2021104263,C,202408030802
グランスカーレット,2021105109,B,202408030802
メイショウアラセツ,2021102836,B,202408030802
アキノサザン,2021102517,B,202408030802
タガノフルチャンス,2021107108,B,202408030802
フローラルセント,2021104857,C,202408030802
エスオーライジング,2021102631,C,202408030802
カレンワッツアップ,2021104321,B,202408030802
ペシュブロンシュ,2021102052,B,202408030802
ブリッジワン,2021105870,C,202408030802
メイショウアラジン,2021102570,B,202408030802
キコ,2021103579,B,202408030802
フラッシング,2021105971,B,202408030805
カツラノキサノキ,2021101461,B,202408030805
タケノシンセイ,2021100376,B,202408030805
エンセリオ,2021100300,B,202408030805
グランドセントラル,2021104422,B,202408030805
アスクヒロイズガイ,2021104952,C,202408030805
キングオブフジ,2021106164,B,202408030805
ガウラスパーク,2021103586,B,202408030805
クーアフュルスト,2021104949,B,202408030805
シーリュウシー,2021106180,B,202408030805
パフ,2021100292,B,202408030805
アセレラシオン,2021106689,B,202408030805
ポッドロゴ,2021104873,B,202408030805
ナムラエイハブ,2021102895,B,202408030805
グランアルティスタ,2021103557,B,202408030805
メイショウモモタ,2021102568,C,202408030805
ルールザウイングス,2019104657,C,202408030808
ノットファウンド,2020103462,B,202408030808
シゲルミライ,2020101777,C,202408030808
ライズンシャイン,2018100421,B,202408030808
ランスオブサウンド,2020104739,B,202408030808
イッツオンリーユー,2020102542,C,202408030808
エントラップメント,2020100688,B,202408030808
ラートリー,2019106677,C,202408030808
ヤマカツパトリシア,2017104086,C,202408030808
クリニエールグラス,2019103978,B,202408030808
ルージュルミナス,2019105232,B,202408030808
インクルードダイヤ,2020103418,C,202408030808
タガノクリステル,2019100541,B,202408030811
サンライズフレイム,2020101599,A,202408030811
ジャスパープリンス,2015110073,C,202408030811
サンライズアムール,2019101633,B,202408030811
サヴァ,2018103223,B,202408030811
デンコウリジエール,2017103165,B,202408030811
ペースセッティング,2020110007,B,202408030811
アイオライト,2017106279,C,202408030811
メイショウダジン,2017105789,B,202408030811
メイショウテンスイ,2017106084,C,202408030811
ロードアウォード,2020100162,B,202408030811
エルバリオ,2019105075,B,202408030811
サクセスローレル,2019102454,C,202408030811
マルモリスペシャル,2019100252,B,202408030811
サトノテンペスト,2018100388,B,202408030811
アルファマム,2019103529,B,202408030811
クリオミニーズ,2019105171,B,202408030812
マーブルロック,2020100960,B,202408030812
シンリミテス,2019106148,C,202408030812
アッチャゴーラ,2020102843,B,202408030812
ウィズザドリーム,2020102575,B,202408030812
レディーシス,2019106868,C,202408030812
サパテアール,2019102514,C,202408030812
ジャスパーバローズ,2020100665,B,202408030812
ワンダフルトゥデイ,2019106671,B,202408030812
ハイラブハンター,2018103195,C,202408030812
フロンタルクリス,2018104517,B,202408030812
オラヴェリタス,2019103584,B,202408030812
クリノグローリー,2020102360,B,202408030812
ジルバーン,2019104761,B,202408030812
ペイシャグレイス,2021102308,C,202408030901
アップルハウス,2021106911,C,202408030901
コーラルハート,2021101426,B,202408030901
ダイシンカーリー,2021101838,B,202408030901
ラヴベイ,2021106969,B,202408030901
テーオーエメラルド,2021102234,B,202408030901
ダンツドール,2021100112,B,202408030901
サンダーストライク,2021103164,B,202408030901
アムールベル,2021106311,B,202408030901
アルピニスト,2021106296,B,202408030901
フィールアライヴ,2021104775,C,202408030901
ベルダイナフェロー,2021102982,B,202408030901
エポペア,2021101672,B,202408030901
ラスク,2021100280,B,202408030901
シャローム,2021104141,B,202408030901
スナークサファイア,2021106176,C,202408030901
カフジニホニウム,2021110098,C,202408030902
ノボリサクラ,2021103071,C,202408030902
リュウノシンクウハ,2021102906,B,202408030902
イモータルウインド,2021103664,B,202408030902
ヤマニンブライトン,2021106593,C,202408030902
ミリオンタイムズ,2021100142,A,202408030902
エクセレンアーサー,2021107236,B,202408030902
サンネリネ,2021101298,B,202408030902
アメリカンマーチ,2021110136,B,202408030902
オーシンピーチ,2021102545,B,202408030902
ウィップスティッチ,2021105253,B,202408030902
エコロネオ,2021110131,B,202408030902
デュアル,2021104063,B,202408030902
アルテミーナ,2021104475,C,202408030902
アリーエテルネ,2021103687,C,202408030902
ショウナンマンテン,2021104240,B,202408030902
テトラード,2021104999,B,202408030903
マテンロウブラボー,2021101422,B,202408030903
オメガサミット,2021105218,B,202408030903
メードス,2021104792,B,202408030903
ウイントールキン,2021101525,C,202408030903
モズユイユイ,2021106702,B,202408030903
ロイドバローズ,2021101479,B,202408030903
ティンティンデオ,2021104302,C,202408030903
ケイアイアンタレス,2021106565,B,202408030903
ボックスオフィス,2021101691,C,202408030903
サイモンクレスト,2021104123,B,202408030903
オルドヴァイ,2021104968,B,202408030903
キセキヒカル,2021105950,B,202408030903
ヘニーズネフュー,2021106566,B,202408030903
ハセノビーバー,2021101389,C,202408030903
ランドシュール,2021102660,C,202408030903
ベント,2021104504,C,202408030906
アレ,2021103287,B,202408030906
メイショウミシガン,2021105328,B,202408030906
ブループリマドンナ,2021100703,B,202408030906
ストレングス,2021106658,B,202408030906
チアフルヴォイス,2021101634,B,202408030906
ゴールドサーベル,2021105039,B,202408030906
モズナイスバディー,2021102845,C,202408030906
ポマール,2021105972,C,202408030906
タイセイミニスター,2021104197,B,202408030906
レアンダー,2021100836,B,202408030906
カネトシゴウト,2021100709,C,202408030906
ハクサンツキミテイ,2021104564,C,202408030906
カズゴルティス,2021105608,B,202408030906
ヒルノドゴール,2021103786,B,202408030906
ハギノカノア,2020100978,C,202408030908
モズバンディット,2020101268,B,202408030908
タッチャブル,2020105670,B,202408030908
レジェンドシップ,2020103910,B,202408030908
ルージュメアリー,2020102985,B,202408030908
イエスウィズキャン,2020100472,B,202408030908
コトブキヘスペラス,2020100209,C,202408030908
セレクティオ,2020100987,B,202408030908
マサハヤウォルズ,2020103045,B,202408030908
ヒルノデプラーツ,2019106573,C,202408030908
テンカハル,2018105088,C,202408030911
ミトノオー,2020100273,B,202408030911
メイプルリッジ,2019105523,B,202408030911
サンデーファンデー,2020104136,C,202408030911
ハギノアレグリアス,2017103290,B,202408030911
ハピ,2019100630,B,202408030911
ミッキーヌチバナ,2018105431,B,202408030911
スレイマン,2018105164,B,202408030911
カフジオクタゴン,2019105656,C,202408030911
グロリアムンディ,2018105251,B,202408030911
ゼットリアン,2020104760,B,202408030911
メイショウフンジン,2018106571,C,202408030911
クリノドラゴン,2018101012,C,202408030911
オーロイプラータ,2020103308,B,202408030911
ヴィクティファルス,2018104948,B,202408030911
バハルダール,2019110015,C,202408030911
シゲルソロソロ,2020110100,B,202408030912
パーティーベル,2019104853,B,202408030912
ハクサンバード,2020100792,B,202408030912
サヴァイヴ,2017101804,C,202408030912
アーバンデザイン,2019104646,B,202408030912
エメラルドビーチ,2020110055,B,202408030912
マイネルサハラ,2019103543,B,202408030912
サザーランド,2020101575,B,202408030912
ギーロカスタル,2020104845,C,202408030912
トモジャケーヤ,2020104650,C,202408030912
メイショウキッド,2019102824,D,202408030912
エムズマインド,2020101641,B,202408030912
スピリットワールド,2019101860,B,202408030912
ペプチドハドソン,2020106409,B,202408030912
カッティングジェム,2020104091,B,202408030912
プリマヴィータ,2019100831,C,202408030912
ビップライアン,2021100938,B,202408031001
メイショウカンムリ,2021103003,B,202408031001
サンダーバース,2021103582,C,202408031001
スターアドミラル,2021109019,C,202408031001
シンゼンハチマン,2021103613,C,202408031001
カーロアヴァンティ,2021103056,B,202408031001
ベラコルサ,2021104783,C,202408031001
ペルセイズ,2021103546,C,202408031001
オーケーサンダー,2021100981,B,202408031001
モーニングコート,2021103224,B,202408031001
ウインオーブ,2021106200,C,202408031001
ドントレットゴー,2021103614,B,202408031001
グッドレイン,2021107046,C,202408031001
エナジーポケット,2021103298,C,202408031001
タガノフルチャンス,2021107108,C,202408031002
プレカーサー,2021105164,C,202408031002
テイエムゴールドン,2021100707,B,202408031002
メイショウヘール,2021104622,B,202408031002
クワッドルッツ,2021105147,C,202408031002
パワーマックィーン,2021101585,B,202408031002
メイショウコナン,2021103064,B,202408031002
マンチェスター,2021100483,B,202408031002
ブリザードベアー,2021100406,B,202408031002
テーオーロビンソン,2021103248,C,202408031002
レイドデザート,2021103065,B,202408031002
タンドレス,2021104593,C,202408031002
アウローラルミエル,2021105183,B,202408031002
アーマルコライト,2021105811,C,202408031002
ダブルジャッジ,2021105221,B,202408031002
テンエースワン,2021105637,C,202408031006
ギマール,2021105931,B,202408031006
パカーラン,2021105073,B,202408031006
オーケーカルメン,2021102380,B,202408031006
デトネイション,2021101661,B,202408031006
メイショウタムシバ,2021103268,B,202408031006
ヒロノラメール,2021104131,B,202408031006
アンバードール,2021104448,B,202408031006
シーリュウシー,2021106180,C,202408031006
ゴーダンシング,2021102340,B,202408031006
デルマアートマン,2021104992,C,202408031006
コスモジンバック,2021106797,B,202408031006
メイショウキルギス,2021103155,B,202408031006
ヘルモーズ,2021105431,B,202408031006
パーサヴィアランス,2019105330,C,202408031009
カズロレアート,2018105117,B,202408031009
プレッジ,2020104472,B,202408031009
ティルドーン,2020110132,B,202408031009
イルミネーター,2017105895,C,202408031009
メジェド,2020105651,B,202408031009
サヨノフィールド,2019104316,B,202408031009
ラブスピール,2017100415,C,202408031009
カレンマックナイト,2019105140,B,202408031009
ピエナパイロ,2020101335,B,202408031009
アイファーグローブ,2019101330,C,202408031009
ヒロノオオゾラ,2020101200,B,202408031009
ジーニアスバローズ,2020100681,B,202408031009
サンマルパトロール,2020106370,B,202408031009
シュガーコルト,2019106364,C,202408031009
コンティノアール,2020103785,B,202408031009
ブルースピリット,2018110037,B,202408031011
スキピオ,2018101032,B,202408031011
カセノミオ,2020105306,B,202408031011
イチネンエーグミ,2019106684,B,202408031011
フォーチュンテラー,2019100631,B,202408031011
アウグスト,2019100284,B,202408031011
ビアイ,2017106264,C,202408031011
ヨドノビクトリー,2014103963,C,202408031011
エルゲルージ,2019102044,B,202408031011
タイキフォース,2018106466,B,202408031011
エピックジョイ,2019103149,B,202408031011
フラップシグナス,2019104660,B,202408031011
スマートラプター,2019102521,B,202408031011
フェルヴェンテ,2020102045,B,202408031011
ケイアイアニラ,2020104228,B,202408031011
インヒズアイズ,2020110147,B,202408031011
ゴールドレコーダー,2020105836,C,202408031012
メイショウタイゲイ,2019104169,B,202408031012
ヤマカツパトリシア,2017104086,B,202408031012
レヴィアタン,2020100619,C,202408031012
パレフォーコン,2019100683,B,202408031012
フェニックスループ,2019104918,B,202408031012
スモーキンビリー,2020110145,B,202408031012
ザウリ,2019101399,B,202408031012
スターペスカオリ,2020105929,C,202408031012
クリノミニスター,2019103285,C,202408031012
ワンダーヘイルネス,2016102446,B,202408031012
オールスティール,2020107142,B,202408031012
テーオートルネード,2019104053,C,202408031012
ゴイゴイスー,2018103388,C,202408031012
ウィービースティ,2020104768,B,202408031012
タイセイランナー,2020101540,B,202408031012
メイショウハッブル,2021102550,B,202408031101
エイシンボーノ,2021100091,C,202408031101
ナムラアニカ,2021101827,C,202408031101
リアルカラー,2021105843,B,202408031101
タイヘイノヨ,2021103864,C,202408031101
シャッフルガール,2021103202,B,202408031101
タイセイアレス,2021105333,B,202408031101
ミッキースバル,2021101490,B,202408031101
アルシャリフ,2021100726,B,202408031101
ハクサンクリスタル,2021100883,B,202408031101
ミッドナッツソル,2021104322,B,202408031101
ポッドフラッター,2021104980,C,202408031101
カワキタボーダレス,2021106147,C,202408031101
プティサンティーユ,2021106110,C,202408031101
パルマノーヴァ,2021100859,C,202408031101
メイショウオオコ,2021102572,B,202408031101
クラウンアラビアン,2021101269,B,202408031102
ピンクイーグル,2021110052,B,202408031102
ドゥータップ,2021110156,A,202408031102
ジーティースピード,2021110102,B,202408031102
アルミウス,2021102805,B,202408031102
スズノアイスマン,2021100611,C,202408031102
ローズエクスプレス,2021103469,C,202408031102
ジョーインテビット,2021100767,B,202408031102
メイショウソウタ,2021103263,B,202408031102
ホワイトリバー,2021100679,C,202408031102
ホウショウディーバ,2021100268,C,202408031102
マチウマフローラ,2021101862,C,202408031102
イザナギ,2021110076,B,202408031102
サヴィヤン,2021102356,C,202408031102
リンドバーグ,2021105906,B,202408031102
ソルトロング,2021102960,B,202408031102
キクノジョワイユ,2021102850,C,202408031103
クリノオデッセイ,2021101859,B,202408031103
サンマルウォーリア,2021102693,C,202408031103
ワンダーガナンシア,2021107387,C,202408031103
オースサイン,2021106295,C,202408031103
ファセット,2021102913,B,202408031103
クリノフロンティア,2021107297,C,202408031103
タガノハスビナー,2021106547,B,202408031103
ベレニーチェ,2021100680,B,202408031103
カノティエ,2021104125,B,202408031103
ポンヌフ,2021110141,B,202408031103
ケイプグッドホープ,2021105281,B,202408031103
デクランシェ,2021102712,C,202408031103
セキテイレア,2021100226,B,202408031103
エクステンシヴリー,2021100715,C,202408031103
ブーヤカ,2021105211,B,202408031103
ルールシェーバー,2017109029,C,202408031106
ウインドワンピース,2020103901,C,202408031106
グランファラオ,2020110140,C,202408031106
ライズンシャイン,2018100421,B,202408031106
ジャーヴィス,2020103902,B,202408031106
レッドダンルース,2020103189,B,202408031106
アイキャンドウイッ,2019105793,B,202408031106
デアデルマーレ,2020100138,B,202408031106
マイド,2020101879,B,202408031106
レゾルシオン,2020100747,B,202408031106
プロテア,2020104206,B,202408031106
ナチュラルリバー,2020102559,C,202408031106
グラングスト,2020103525,B,202408031106
シャウラ,2020105124,B,202408031106
ウインバリオス,2019100195,B,202408031106
トーホウキザン,2020101764,B,202408031106
セブンスストリート,2020101594,C,202408031107
ルージュシェノン,2019105541,C,202408031107
メイショウタクボク,2020104000,B,202408031107
ダンツビガー,2020101712,B,202408031107
ガウロン,2020105873,C,202408031107
ハイランドリンクス,2020103595,B,202408031107
ゼットスティール,2020100202,C,202408031107
テイエムシップ,2019107031,B,202408031107
ピエトラサンタ,2018105284,B,202408031107
ウォーターリーダー,2020100948,B,202408031107
シュピカ,2018101572,B,202408031107
デトネイション,2021101661,B,202408031109
ノットイナフ,2021106625,C,202408031109
オウケンシルヴァー,2021103017,C,202408031109
ブルーサン,2021106171,B,202408031109
シークレットキー,2021105489,B,202408031109
カシマエスパーダ,2021106014,B,202408031109
コトホドサヨウニ,2021103306,B,202408031109
センチュリボンド,2021104158,B,202408031109
ミッキークレスト,2021105112,B,202408031109
ピカレスクノベル,2021106087,B,202408031109
モズミギカタアガリ,2021102868,B,202408031109
タガノエスコート,2019100539,B,202408031110
ゴールドバランサー,2020105835,B,202408031110
ビップスコーピオン,2020103199,C,202408031110
ミスティックロア,2020110075,B,202408031110
ワセダハーツ,2018104729,C,202408031110
スマラグドス,2020102798,C,202408031110
ペイシャモノノフ,2020101020,B,202408031110
オシゲ,2020106642,B,202408031110
ハンディーズピーク,2018102060,B,202408031110
シダー,2019100177,B,202408031110
マオノアラシ,2020100850,B,202408031110
クレメダンジュ,2020105627,B,202408031110
ジュタロウ,2019110053,C,202408031110
カネトシブルーム,2019106475,C,202408031110
マイネルクロンヌ,2017102952,B,202408031110
フジマサインパクト,2018104778,B,202408031110
ルージュロンサール,2021105542,B,202408031201
ココシャンパーニュ,2021105902,B,202408031201
メイショウベル,2021103302,B,202408031201
タマモナポリ,2021106177,B,202408031201
アスセナ,2021104645,B,202408031201
オテンバムスメ,2021103867,B,202408031201
メイショウエレジー,2021103213,B,202408031201
モニーレ,2021105299,C,202408031201
ワイドセレブ,2021103447,C,202408031201
セウタ,2021105376,C,202408031201
フリーセント,2021100599,C,202408031201
フレーズタルト,2021100742,B,202408031201
ヴィーナスウインズ,2021102688,C,202408031201
ゼットレジーナ,2021105919,B,202408031201
ハイウェイスター,2021106621,B,202408031201
ナムラリーナ,2021104304,B,202408031201
カチドキ,2021103980,B,202408031202
ノーブルエンペラー,2021102851,C,202408031202
テクノドラゴン,2021105277,C,202408031202
カフジテルビウム,2021102150,B,202408031202
アイファーキャップ,2021107295,C,202408031202
ベルベストランナー,2021103591,B,202408031202
テンマ,2021102109,B,202408031202
シュガーフリー,2021101655,B,202408031202
ブラックルチル,2021105530,B,202408031202
アイアンウォール,2021102593,C,202408031202
シャウトアウト,2021105140,C,202408031202
カスクノワール,2021104097,B,202408031202
ジュンラトゥール,2021104039,B,202408031202
ディアモミノル,2021104431,C,202408031202
クラウンファラデー,2021101260,C,202408031202
メイショウヨスガラ,2021102569,B,202408031202
アスクナサニエル,2021110006,B,202408031206
ノーブルゲイル,2021104283,B,202408031206
ラブディーヴァ,2021104074,C,202408031206
アスタールテニウム,2021101548,B,202408031206
ニュージェネラル,2021109087,C,202408031206
メイプルギャング,2021110063,B,202408031206
メイショウヨシノ,2021103207,B,202408031206
ディーノサンライズ,2021101289,B,202408031206
ディスタントスカイ,2021110067,B,202408031206
ベント,2021104504,C,202408031206
ポンピエ,2021104945,C,202408031206
ヴォルスター,2021100677,B,202408031206
プレイテシア,2019102491,B,202408031208
カゲマル,2020106458,B,202408031208
ルクスメテオール,2020102186,B,202408031208
アーサーテソーロ,2019106581,C,202408031208
グッドウッドガイ,2019105709,B,202408031208
トウカイファクター,2019103692,B,202408031208
サウンドサンビーム,2017106394,C,202408031208
フェリ,2020105156,B,202408031208
カリュウ,2019106714,B,202408031208
タイキエクセロン,2019103996,B,202408031208
ワーズワース,2018104030,B,202408031208
ジョヴィアン,2020110127,B,202408031208
ツークフォーゲル,2020105635,C,202408031208
サンガネーブ,2020104287,B,202408031208
フォルティーナ,2020100530,C,202408031208
ペプチドソレイユ,2020102095,B,202408031209
ツウカイリアル,2020104872,C,202408031209
ジョウショーパワー,2020105228,B,202408031209
クールブロン,2020102724,C,202408031209
タマモベローナ,2019100182,B,202408031209
シャンバラ,2019100615,B,202408031209
メイショウシナノ,2020106635,B,202408031209
インペリアルライン,2019104953,B,202408031209
シュガーコルト,2019106364,C,202408031209
レッドベルアーム,2019105544,B,202408031209
ウインメイフラワー,2019101930,B,202408031209
リーゼダムール,2021105468,C,202408040101
ピリー,2021100526,B,202408040101
タミゼ,2021100650,B,202408040101
アクロスザシーズ,2021104847,C,202408040101
アンナバローズ,2021103291,B,202408040101
テイエムバラード,2021103655,C,202408040101
ドナアフロディテ,2021100794,B,202408040101
ランスオブセヘル,2021102754,B,202408040101
エナノキセキ,2021104502,C,202408040101
ベルファスト,2021101414,B,202408040101
アジアノハナ,2021105621,C,202408040101
ウィンカラー,2021102702,B,202408040101
タガノハスビナー,2021106547,B,202408040101
ラントリサント,2021105912,B,202408040101
チュウワスペル,2021107181,B,202408040101
メイショウコフデ,2021100818,B,202408040101
セルリアンコバルト,2021101894,D,202408040102
ハルメネス,2021103059,B,202408040102
ルスディヴィナ,2021104771,C,202408040102
メイショウヘール,2021104622,B,202408040102
ケーヴァラ,2021106054,B,202408040102
ソーニーイシュー,2021101705,B,202408040102
アドマイヤエイジア,2021100332,B,202408040102
アスターエルビウム,2021103590,B,202408040102
ウォーターアレ,2021100600,B,202408040102
カームゲイズ,2021101871,C,202408040102
ファッシネイトパイ,2021103617,C,202408040102
トゥラッタッタ,2021102973,B,202408040102
オルデラン,2021105392,C,202408040102
メイショウトレック,2021103355,C,202408040102
ブレイブハートマン,2021102995,B,202408040102
キタサンシデン,2021107047,C,202408040102
インペリオ,2021102915,C,202408040103
テクネチウム,2021104280,B,202408040103
アーバンエア,2021110019,B,202408040103
ヨシノヤッタルデー,2021102336,C,202408040103
シャカシャカシー,2021101237,B,202408040103
オウケンボス,2021105310,C,202408040103
リュウノシンクウハ,2021102906,C,202408040103
ウォーターストンプ,2021100969,B,202408040103
ビーコング,2021103595,B,202408040103
ヴェストラン,2021100695,C,202408040103
マックスセレナーデ,2021101400,B,202408040103
イエデゴロゴロ,2021103701,B,202408040103
ペプチドアーニャ,2021102732,B,202408040103
ショウナンマリン,2021103907,B,202408040103
ゼンカイパイロ,2021100337,C,202408040103
ペイシャスペシャル,2021104214,C,202408040103
サイモンコーラル,2020100629,B,202408040106
ゴーフォマームード,2020106473,B,202408040106
アルムエアフォルク,2020105540,B,202408040106
ジュエリジュエリー,2020109086,B,202408040106
リアンクトワ,2021103293,B,202408040106
コーラルハート,2021101426,C,202408040106
サトノアイオライト,2021105569,B,202408040106
フェロニエール,2021105519,B,202408040106
バスタードサフラン,2021106610,B,202408040106
スライスヘリテージ,2020100508,C,202408040106
シゲルオトヒメ,2019102986,C,202408040106
マベルシュシュット,2021104453,B,202408040106
タガノエリザベス,2020106035,B,202408040106
マンノライトニング,2020101113,B,202408040109
リリーエクスプレス,2021101470,C,202408040109
パドマ,2021102953,B,202408040109
メイショウヤーキス,2021102573,B,202408040109
ハリウッドブルース,2021104514,B,202408040109
クリニエールグラス,2019103978,B,202408040109
シアープレジャー,2017103278,C,202408040109
スーパーアグリ,2020103340,B,202408040109
マルモリキング,2020100994,B,202408040109
メイショウタイゲイ,2019104169,B,202408040109
グレアミラージュ,2017100426,B,202408040109
ノースディーバ,2020105298,B,202408040109
プレヴィスト,2021101406,B,202408040109
エスカル,2021110069,B,202408040109
ゴイゴイスー,2018103388,B,202408040109
エコロエイト,2021110104,B,202408040109
テンウォークライ,2018100247,C,202408040110
バックトゥザライト,2020102687,B,202408040110
ダイシンクローバー,2016100158,C,202408040110
ヒロノオオゾラ,2020101200,C,202408040110
サンライズパスカル,2020102343,B,202408040110
パーサヴィアランス,2019105330,B,202408040110
ジルバーン,2019104761,B,202408040110
メイショウシナノ,2020106635,B,202408040110
エクストラノート,2017103267,C,202408040110
ティルドーン,2020110132,B,202408040110
カッコヨカ,2019109159,C,202408040112
エスパダアスール,2018103430,B,202408040112
シャイニーズラン,2017100728,C,202408040112
サイモンギフト,2020100639,D,202408040112
サウスジェラート,2018104022,B,202408040112
エコロアレス,2020110136,B,202408040112
スピリットワールド,2019101860,B,202408040112
ダークンストーミー,2020100656,C,202408040112
ベンダバリラビア,2020101968,B,202408040112
ピカリエ,2019104288,B,202408040112
プリティインピンク,2018104208,C,202408040112
ギーロカスタル,2020104845,C,202408040112
ロードフロンティア,2021100161,B,202408040112
ヤングワールド,2020101230,B,202408040112
インティメート,2021102586,C,202408040202
エデュース,2021100654,C,202408040202
ルヴォンサンライズ,2021102464,C,202408040202
タガノグランエース,2021106536,B,202408040202
パームブランチ,2021104107,B,202408040202
フェリマール,2021104171,C,202408040202
ミスズオンリーミー,2021102986,B,202408040202
ラロマネ,2021106578,B,202408040202
ルージュプリエール,2021107233,C,202408040202
アイレント,2021104742,C,202408040202
アンリーベイビー,2021103723,B,202408040202
シントーキズナ,2021103928,C,202408040202
ラスク,2021100280,C,202408040202
ウィンターガーデン,2021105857,B,202408040202
ラシャンススウリ,2021106590,B,202408040202
ウェイトゥゴー,2021104413,C,202408040202
ユーヴェリア,2021107278,B,202408040203
チョウゲンキ,2021106139,B,202408040203
アリスヴィクトリア,2021105409,C,202408040203
オジョウ,2021103857,C,202408040203
カズヴィトシャ,2021107182,B,202408040203
アクロポリス,2021103247,B,202408040203
ラインレインボー,2021104446,B,202408040203
トウカイエルデ,2021100365,B,202408040203
ミルトコルサ,2021106345,B,202408040203
フェールブリエ,2021101128,C,202408040203
クロマク,2021103869,C,202408040203
リリーズブルーム,2021101725,C,202408040203
ドレスウェル,2021102588,C,202408040203
ペルセイズ,2021103546,C,202408040203
ポッドコンティ,2021100573,B,202408040203
ライブリボイル,2021104299,C,202408040203
マジカルレイズ,2021103993,B,202408040206
ロイドバローズ,2021101479,C,202408040206
ローザリサリ,2021106560,C,202408040206
クリノエクリプス,2021103321,C,202408040206
メイショウアラセツ,2021102836,B,202408040206
ヘニーズネフュー,2021106566,C,202408040206
テーオーロビンソン,2021103248,C,202408040206
エイシンコロクル,2021102608,C,202408040206
メイショウコナン,2021103064,B,202408040206
ウィズキッド,2021104152,C,202408040206
ティンティンデオ,2021104302,B,202408040206
イマジンレノン,2021104044,C,202408040206
ベルノレイズ,2021104194,B,202408040206
ジーティーウィンズ,2021104582,C,202408040206
ラフォンテーヌ,2021102880,C,202408040206
カレンワッツアップ,2021104321,B,202408040206
バンベルク,2018105258,C,202408040208
ポルポラジール,2021102993,B,202408040208
カツラノキサノキ,2021101461,B,202408040208
リュクスドレフォン,2020106927,C,202408040208
タケノシンセイ,2021100376,C,202408040208
アシャカブラン,2021105933,B,202408040208
ジョータルマエ,2020100771,B,202408040208
バンボーレ,2018105842,B,202408040208
パカーラン,2021105073,B,202408040208
ナムラエイハブ,2021102895,B,202408040208
ポッドロゴ,2021104873,B,202408040208
シゲルホサヤク,2018103362,C,202408040211
アティード,2018103173,C,202408040211
ケイアイロベージ,2018103819,B,202408040211
ラプタス,2016106263,B,202408040211
マニバドラ,2020110105,B,202408040211
ドンアミティエ,2020106006,B,202408040211
メズメライザー,2019101894,B,202408040211
パラシュラーマ,2020105622,B,202408040211
イスラアネーロ,2019105741,B,202408040211
ジレトール,2019105972,B,202408040211
スマートフォルス,2020101707,C,202408040211
ロンドンプラン,2020101588,B,202408040211
ロードエクレール,2018105998,B,202408040211
アームズレイン,2020100484,B,202408040211
アーバンイェーガー,2014102562,C,202408040211
メイショウミツヤス,2018106147,B,202408040211
ステラマリーナ,2021107167,B,202408040301
ナムラリーナ,2021104304,B,202408040301
ハイウェイスター,2021106621,B,202408040301
オーロヴェール,2021103232,B,202408040301
ベレンガリア,2021104803,B,202408040301
ブギーナイツ,2021103240,C,202408040301
ジューンナデシコ,2021100922,C,202408040301
ラヴベイ,2021106969,B,202408040301
タガノエクレール,2021106540,B,202408040301
ペイシャグレイス,2021102308,C,202408040301
ダブルイプシロン,2021105832,C,202408040301
レイナドラーダ,2021104866,C,202408040301
タッケンウルル,2021104162,C,202408040301
キタノレガーロ,2021106455,C,202408040301
カプシーヌ,2021102917,C,202408040301
キタサンバンビーナ,2021103644,C,202408040301
フォージドブリック,2021104800,C,202408040302
クリノビックマロン,2021103827,B,202408040302
プルーフリーダー,2021104437,B,202408040302
レーベンヘルツ,2021103528,B,202408040302
ピコリーナ,2021103521,B,202408040302
ピエナクレスコ,2021101153,C,202408040302
クレスコウェイ,2021102077,C,202408040302
メイショウオオコ,2021102572,C,202408040302
コンスピリート,2021106705,B,202408040302
ルージュチルル,2021103801,B,202408040302
デュアル,2021104063,B,202408040302
マサレエトワール,2021104834,B,202408040302
シアーエレガンス,2021105165,B,202408040302
ダンデライオン,2021106631,B,202408040302
セールヴォラン,2021101057,B,202408040302
アーニャワクワク,2021101048,C,202408040302
ライスベリー,2021101565,B,202408040303
ケニルワース,2021109093,C,202408040303
ドリームライク,2021100928,B,202408040303
スティルザワン,2021100193,C,202408040303
タマモジャケット,2021106420,C,202408040303
トーレ,2021103161,B,202408040303
ハートオブロック,2021104518,C,202408040303
メイショウマドロス,2021102835,B,202408040303
パワーマックィーン,2021101585,C,202408040303
オメガナビゲーター,2021105247,B,202408040303
タイセイブロウ,2021104101,C,202408040303
ハイグッドワールド,2021104474,B,202408040303
モッドフレイム,2021104960,C,202408040303
トゥラッタッタ,2021102973,B,202408040303
オーケーサンダー,2021100981,C,202408040303
マサハヤヴォス,2021105047,C,202408040303
クリノフィガロ,2021101226,C,202408040307
ヒロピアーナ,2020105914,B,202408040307
ニホンピロゴルディ,2021103845,C,202408040307
ストラクチャー,2021101216,B,202408040307
ロードマグマ,2019101012,D,202408040307
ジョータルマエ,2020100771,C,202408040307
チェリーロシアン,2020100859,C,202408040307
ヒロノラメール,2021104131,B,202408040307
アンバードール,2021104448,B,202408040307
マサハヤウォルズ,2020103045,B,202408040307
カールスタード,2021105554,B,202408040307
メイショウカシワデ,2021103154,C,202408040307
ウインアラジン,2019106069,B,202408040307
ペロ,2021103283,B,202408040307
タマモマスラオ,2020103994,C,202408040307
イエスウィズキャン,2020100472,B,202408040307
スタティスティクス,2019104825,B,202408040308
プレッジ,2020104472,B,202408040308
クリノニキータ,2017102145,B,202408040308
エールミネルヴァ,2020102680,B,202408040308
メイショウホマレ,2019103401,B,202408040308
アウロス,2020106306,B,202408040308
ウインメイフラワー,2019101930,B,202408040308
テーオールビー,2021109027,B,202408040308
テンカジョウ,2021102729,B,202408040308
ランスオブサターン,2020104772,B,202408040308
カッティングジェム,2020104091,B,202408040310
ベレザニーニャ,2020106746,C,202408040310
エアメテオラ,2020110118,B,202408040310
テイエムリステット,2021103725,B,202408040310
ケイアイメビウス,2019100323,B,202408040310
ハクサンバード,2020100792,B,202408040310
プレシオーソ,2017104092,B,202408040310
シゲルソロソロ,2020110100,B,202408040310
ラヴオントップ,2021104399,B,202408040310
サザーランド,2020101575,B,202408040310
フラムリンガム,2021104910,B,202408040310
ストームバンガード,2021103819,B,202408040312
ジャーヴィス,2020103902,B,202408040312
ドライグ,2020101652,B,202408040312
ヴォルスター,2021100677,B,202408040312
ナチュラルリバー,2020102559,B,202408040312
ウインバリオス,2019100195,B,202408040312
クリノキングマン,2021101431,C,202408040312
カズゴルティス,2021105608,B,202408040312
タガノヒナタ,2021106542,B,202408040312
スターザサンライズ,2019101624,B,202408040312
レヴィアタン,2020100619,C,202408040312
ベンダバール,2021101077,C,202408040312
オコタンペ,2021105849,B,202408040312
テーオードラッカー,2021102244,B,202408040312
メイショウミシガン,2021105328,C,202408040312
フェリーニ,2021105862,B,202408040312
サリュエ,2021101650,B,202408040402
グラフ,2021101232,C,202408040402
フォーレ,2021104533,C,202408040402
チュウワレイク,2021102292,B,202408040402
レッドコート,2021102678,C,202408040402
アースアート,2021101690,B,202408040402
エクステンシヴリー,2021100715,C,202408040402
カーロアヴァンティ,2021103056,B,202408040402
ビッグアンサー,2021101524,C,202408040402
カセノラオー,2021106310,B,202408040402
スカイイズユアーズ,2021106634,C,202408040402
ケイティバトラー,2021107214,C,202408040402
パリッドキャリア,2021107230,B,202408040402
ダノンボーンレディ,2021101477,C,202408040402
ゼットシルヴィア,2021104414,C,202408040402
ナインストーンズ,2021105576,C,202408040402
テザリング,2021103973,B,202408040403
ヒロアプリオリ,2021101954,C,202408040403
ガブリエルアクア,2021110163,B,202408040403
スマートレザルト,2021102722,B,202408040403
リアルペガサス,2021103316,B,202408040403
ミグラテール,2021106758,C,202408040403
マーブルカリクロ,2021103606,C,202408040403
ギフテッドリーダー,2021104917,C,202408040403
テイエムデンセツ,2021102160,B,202408040403
ナムラミック,2021102630,C,202408040403
メイショウナニクソ,2021103264,B,202408040403
ワーキングアセット,2021104936,B,202408040403
カインドオブユー,2021106001,C,202408040403
メイショウタイセツ,2021102834,C,202408040403
クリティカルヒット,2021110096,B,202408040403
レイドデザート,2021103065,B,202408040403
フラッシング,2021105971,B,202408040407
モズバンディット,2020101268,B,202408040407
シャスティフォル,2020110017,B,202408040407
サークルオブジョイ,2021105796,B,202408040407
モズミツボシ,2019103718,B,202408040407
オペラプラージュ,2021104784,A,202408040407
タイトニット,2020102750,B,202408040407
ミッキーキング,2019105460,C,202408040407
ローザサンリヴァル,2021105910,B,202408040407
ギマール,2021105931,B,202408040407
ポンサン,2020100838,C,202408040407
アスクナサニエル,2021110006,B,202408040407
レアンダー,2021100836,B,202408040407
リトルミム,2020102599,B,202408040407
イサイアス,2020110073,B,202408040407
メイプルギャング,2021110063,B,202408040407
コパノハンプトン,2020104679,B,202408040410
ナスノカンゲツ,2020109094,B,202408040410
シラキヌ,2019110013,C,202408040410
クロデメニル,2019110103,B,202408040410
ペプチドヤマト,2019103605,B,202408040410
ジェットエンブレム,2018100886,C,202408040410
オーガスタスカイ,2019105161,C,202408040410
ダイリュウホマレ,2020104046,B,202408040410
イチネンエーグミ,2019106684,B,202408040410
タイセイブリリオ,2019101005,B,202408040410
グットディール,2019105446,B,202408040410
サザンエルフ,2019102011,B,202408040410
エコロアイ,2020110137,C,202408040410
ボナンザ,2020101292,B,202408040410
カネコメシスター,2019101055,C,202408040410
スクーバー,2020102565,B,202408040410
オメガギネス,2020102904,A,202408040411
マカオンドール,2018105293,C,202408040411
ゴールドハイアー,2018102195,B,202408040411
ヴィジョンオブラヴ,2015100274,C,202408040411
ザイツィンガー,2016103730,B,202408040411
メイショウドヒョウ,2017106376,C,202408040411
エクロジャイト,2020103295,C,202408040411
レガーメペスカ,2017104106,B,202408040411
アルーブルト,2018100763,B,202408040411
ラインオブソウル,2019105993,C,202408040411
デシエルト,2019105039,C,202408040411
オディロン,2019102490,B,202408040411
マリオロード,2019101198,B,202408040411
ウェルカムニュース,2019105537,C,202408040411
アルドーレ,2015103217,C,202408040411
スパイラルノヴァ,2018106795,B,202408040411
ケルンピュール,2021101752,B,202408040502
ウィンターガーデン,2021105857,B,202408040502
ワクワクドリーム,2021100748,C,202408040502
アルピニスト,2021106296,B,202408040502
フォンローザ,2021105818,B,202408040502
アークレアル,2021103507,B,202408040502
アンジュトレゾール,2021102994,B,202408040502
オテンバムスメ,2021103867,C,202408040502
ビターメサイア,2021103826,C,202408040502
エクレシア,2021106024,B,202408040502
アンビシュー,2021102756,B,202408040502
クラリオ,2021106644,C,202408040502
ルミエールドゥース,2021104755,B,202408040502
クリノトパーズ,2021102044,B,202408040502
トルタディメーレ,2021105891,B,202408040502
レイピカケ,2021106904,B,202408040502
オラクル,2021101556,C,202408040503
ツーエムピシュー,2021107078,B,202408040503
カリンテラス,2021105226,C,202408040503
レオナルドスター,2021104806,C,202408040503
メイショウムラゲ,2021100992,B,202408040503
セブンセコンズ,2021100135,C,202408040503
レーベンヘルツ,2021103528,B,202408040503
モズセブンキー,2021100022,C,202408040503
ウインオーブ,2021106200,C,202408040503
メイショウマダケ,2021102548,B,202408040503
メイユーヴ,2021100132,C,202408040503
パイレートシップ,2021107274,C,202408040503
キャンドルマス,2021101624,B,202408040503
バラスルビー,2021105666,B,202408040503
サンマルウォーリア,2021102693,B,202408040503
ゼンカイパイロ,2021100337,B,202408040503
スマートシエラ,2022102055,B,202408040505
シナモンショコラ,2022104461,B,202408040505
テーオーテバルディ,2022102208,B,202408040505
ラヴィングユー,2022100359,C,202408040505
テイエムパイロット,2022103775,C,202408040505
ロイヤルイブキ,2022101511,B,202408040505
アメリカンビキニ,2022104957,B,202408040505
ハッピーマン,2022100140,B,202408040505
タマモアオゾラ,2022104511,C,202408040505
エハバンディーア,2022100541,C,202408040505
ジュウオウ,2021110162,B,202408040506
ナスカラインズ,2021104164,B,202408040506
ケーヴァラ,2021106054,B,202408040506
ディアモミノル,2021104431,C,202408040506
メイショウヨスガラ,2021102569,B,202408040506
クールクラバート,2021105177,C,202408040506
シュンプウ,2021102762,C,202408040506
ショウナンガチ,2021105434,C,202408040506
アミュニション,2021104465,C,202408040506
ゴルトツィーゲル,2021105593,B,202408040506
アドマイヤエイジア,2021100332,C,202408040506
リノラナキラ,2021101025,C,202408040506
カズタンジャー,2021101259,B,202408040506
ダイナスティシチー,2021106582,B,202408040506
メイショウコナン,2021103064,B,202408040506
アイファーキャップ,2021107295,B,202408040506
ハギノカノア,2020100978,B,202408040508
グラティアスミノル,2021104424,B,202408040508
カネトシゴウト,2021100709,B,202408040508
リュクスドレフォン,2020106927,B,202408040508
バンベルク,2018105258,B,202408040508
タキ,2021101428,B,202408040508
ゼットスティール,2020100202,B,202408040508
パシアンジャン,2021104503,C,202408040508
ピエトラサンタ,2018105284,B,202408040508
ロードマグマ,2019101012,C,202408040508
オールデュスヴラン,2021104891,B,202408040508
ガウロン,2020105873,B,202408040508
ミッドナイトホーク,2021105889,B,202408040508
ミッキークレスト,2021105112,B,202408040508
メイショウタイゲイ,2019104169,B,202408040512
モズパシュート,2021102629,C,202408040512
パドマ,2021102953,B,202408040512
インユアパレス,2021110126,B,202408040512
エブライト,2021101443,C,202408040512
メイショウミシガン,2021105328,B,202408040512
プロテア,2020104206,B,202408040512
ザウリ,2019101399,B,202408040512
タイセイレスポンス,2021105646,B,202408040512
ナリタヴィクトリー,2021102726,B,202408040512
マイネルフォーコン,2020104523,B,202408040512
ビバップ,2021102700,B,202408040512
タイガークリスエス,2019102292,B,202408040512
ストライクオン,2021102912,B,202408040512
ピストンボーイ,2021105447,B,202408040512
ヤマカツパトリシア,2017104086,B,202408040512
ナムラアニカ,2021101827,B,202408040601
スマートヌーメン,2021103934,B,202408040601
サンノゼシズル,2021101172,B,202408040601
セキテイレア,2021100226,B,202408040601
プティサンティーユ,2021106110,C,202408040601
レーヌガレット,2021101465,B,202408040601
カワキタボーダレス,2021106147,B,202408040601
ベルダイナフェロー,2021102982,B,202408040601
ウィップスティッチ,2021105253,A,202408040601
マリーナサンライズ,2021103142,C,202408040601
ハッピーダンス,2021105916,C,202408040601
ラムテリオス,2021105178,B,202408040601
メイショウニコニコ,2021102031,B,202408040601
キュルビス,2021100413,B,202408040601
ミルミナーヴァ,2021106332,B,202408040601
アスクアメージモア,2021105128,B,202408040602
メイショウマサムネ,2021107087,B,202408040602
アレナパラシオ,2021100752,B,202408040602
ローズエクスプレス,2021103469,C,202408040602
タイセイマーシャル,2021107056,B,202408040602
キタノベルモント,2021107035,B,202408040602
サトノスフィア,2021103252,B,202408040602
ルージュロンサール,2021105542,B,202408040602
モズユイユイ,2021106702,B,202408040602
アインハーディ,2021105044,C,202408040602
バルログ,2021100290,C,202408040602
アルベリック,2021101554,B,202408040602
ソルトロング,2021102960,B,202408040602
ブレイブハートマン,2021102995,B,202408040602
リクサニー,2021101170,C,202408040602
メイショウソウタ,2021103263,B,202408040602
オランジェロ,2021101409,B,202408040603
ヴァルタリ,2021106753,C,202408040603
フェールブリエ,2021101128,C,202408040603
カラリパヤット,2021105681,B,202408040603
マテンロウタイム,2021106988,B,202408040603
ルージュロンド,2021105045,B,202408040603
ソルアマゾン,2021104667,B,202408040603
シデン,2021103871,C,202408040603
ベストリターナー,2021106094,B,202408040603
タイセイフォルテ,2021105345,A,202408040603
クイーンモーガン,2021110035,C,202408040603
ペルセイズ,2021103546,B,202408040603
イーブンナウ,2021110007,B,202408040603
ライペニング,2021102010,B,202408040603
フォーレ,2021104533,C,202408040603
メイショウマタベエ,2021100986,B,202408040603
コンプラセンシア,2020101807,B,202408040606
カフェノワール,2020100683,B,202408040606
キスオンザチーク,2020102790,B,202408040606
メイショウノブカ,2020106925,B,202408040606
シゲルミライ,2020101777,C,202408040606
チアフルヴォイス,2021101634,B,202408040606
ミスティカ,2021100098,C,202408040606
シャープソーン,2020101853,B,202408040606
ヴァルトラウテ,2020105892,B,202408040606
シアープレジャー,2017103278,C,202408040606
ブリーズオンチーク,2021105958,B,202408040606
ランランガール,2021105003,B,202408040606
ルージュルミナス,2019105232,B,202408040606
ジョニール,2021102503,B,202408040606
イエデゴロゴロ,2021103701,B,202408040606
モイラ,2021103300,C,202408040606
ダディーズウォリア,2020106770,C,202408040610
トラモント,2017105506,C,202408040610
キュールエフウジン,2019102983,C,202408040610
ヘニータイフーン,2020104675,B,202408040610
クリノホノオ,2017101036,B,202408040610
ロッキーサンダー,2017105982,B,202408040610
ヒミノフラッシュ,2018101337,B,202408040610
ジオフロント,2018104881,B,202408040610
ペンティメント,2020102641,B,202408040610
ペプチドソレイユ,2020102095,B,202408040610
カネトシブルーム,2019106475,B,202408040610
オメガタキシード,2020102988,B,202408040610
ゼウスバイオ,2019101964,C,202408040610
グランスピード,2017105403,C,202408040610
カンピオーネ,2019100286,B,202408040610
ヨリノサファイヤ,2020102315,B,202408040610
ジャスパーバローズ,2020100665,C,202408040612
ワンダーブレット,2019102585,B,202408040612
マコトヴィクラント,2020104940,C,202408040612
コトホドサヨウニ,2021103306,B,202408040612
イルミネーター,2017105895,C,202408040612
ヒロノオオゾラ,2020101200,C,202408040612
ダイメイセブン,2020101919,B,202408040612
ワールドハート,2019100251,C,202408040612
タイセイウォリアー,2020104148,B,202408040612
ミヤジシャルマン,2020101766,B,202408040612
ナリタザクラ,2017104985,B,202408040612
モズタンジロウ,2019103776,B,202408040612
ジーサイクロン,2021106006,B,202408040612
クロドラバール,2021101733,A,202408040612
ドンアチェカ,2020105542,C,202408040612
ブレバ,2020101115,C,202408040612
リッカローラ,2021103779,B,202408040702
アンリーベイビー,2021103723,B,202408040702
ラスク,2021100280,C,202408040702
エコテーラー,2021101116,B,202408040702
ステラマリーナ,2021107167,B,202408040702
ルミナスボディ,2021100133,B,202408040702
カレンウユ,2021105001,C,202408040702
ルージュプリエール,2021107233,C,202408040702
フィールアライヴ,2021104775,C,202408040702
アンナバローズ,2021103291,B,202408040702
ナムラリーナ,2021104304,B,202408040702
タニオブカンナ,2021100987,C,202408040702
ジューンナデシコ,2021100922,C,202408040702
シンコーナホチャン,2021100471,C,202408040702
シャローム,2021104141,C,202408040702
サウンドカノン,2021106183,C,202408040702
バンリイックウ,2021104099,B,202408040703
ボイラーメーカー,2021100335,B,202408040703
ウインアルドーレ,2021106192,B,202408040703
ユーヴェリア,2021107278,B,202408040703
リーゼントジェイド,2021104285,B,202408040703
ゲーベル,2021100786,B,202408040703
ニホンピロケイ,2021103844,C,202408040703
クレスコサンダー,2021105322,B,202408040703
マイネルトゥルネー,2021106820,B,202408040703
エーケーリターン,2021101381,B,202408040703
レイム,2021106942,C,202408040703
カセノラオー,2021106310,C,202408040703
オールオンフリーク,2021104190,C,202408040703
カーロアヴァンティ,2021103056,B,202408040703
カラヲヤブレ,2021104500,B,202408040703
ブーヤカ,2021105211,B,202408040703
サンライズマウレア,2021102242,C,202408040704
スズノアイスマン,2021100611,B,202408040704
ベリーク,2021105446,B,202408040704
ヴィーナスウインズ,2021102688,D,202408040704
ポッドコンティ,2021100573,C,202408040704
ホワイトリバー,2021100679,B,202408040704
ニホンピロマリンバ,2021103841,C,202408040704
テクノドラゴン,2021105277,C,202408040704
ヘニーズネフュー,2021106566,C,202408040704
カフジテルビウム,2021102150,C,202408040704
アウトドライブ,2021100868,B,202408040704
クセノポン,2021104743,B,202408040704
ハギノアネラ,2021100990,B,202408040704
ロイドバローズ,2021101479,C,202408040704
スマートレザルト,2021102722,B,202408040704
ダブルジャッジ,2021105221,B,202408040704
クロダブシ,2021103866,B,202408040707
セブンスストリート,2020101594,C,202408040707
ダズリングダンス,2020105957,C,202408040707
ウォーターハウス,2020102664,B,202408040707
リューデスハイム,2021105508,B,202408040707
キングオブフジ,2021106164,B,202408040707
ポルポラジール,2021102993,B,202408040707
タイトニット,2020102750,B,202408040707
レッドリベルタ,2021102436,C,202408040707
ウインアラジン,2019106069,C,202408040707
ペロ,2021103283,C,202408040707
ケイアイアルタイル,2021100711,B,202408040707
エアサンサーラ,2021110159,B,202408040707
ヒロピアーナ,2020105914,B,202408040707
サンライズスコール,2019101621,C,202408040707
ハットリ,2020101056,C,202408040707
ジャーヴィス,2020103902,B,202408040708
キタノズエッジ,2021100505,B,202408040708
ナッカーフェイス,2019100110,B,202408040708
フェリーニ,2021105862,B,202408040708
ビップジーニー,2021105812,B,202408040708
ファストレーン,2021104678,B,202408040708
ナチュラルリバー,2020102559,B,202408040708
ボブズヤアンクル,2019110026,B,202408040708
ローガンパス,2021105677,C,202408040708
ルディック,2021110008,B,202408040708
ポンピエ,2021104945,B,202408040708
ロードリレーション,2021100145,C,202408040708
パトジュニア,2021110135,C,202408040708
クリノキングマン,2021101431,C,202408040708
プエルトボニータ,2020103095,B,202408040708
スターターン,2021104991,B,202408040708
タッチャブル,2020105670,B,202408040709
ネイチャーシップ,2018102917,B,202408040709
オメガエリタージュ,2017104706,C,202408040709
クリノフィガロ,2021101226,B,202408040709
バンドマスター,2020103519,B,202408040709
レッドベルアーム,2019105544,B,202408040709
パーサヴィアランス,2019105330,C,202408040709
フルングニル,2020102929,B,202408040709
シュプリンガー,2019104636,C,202408040709
ツウカイリアル,2020104872,B,202408040709
エイトワン,2020110112,B,202408040709
ディープリボーン,2020100806,B,202408040709
ベジャール,2019103826,B,202408040711
レオノーレ,2019100629,B,202408040711
エーティーマクフィ,2019105859,B,202408040711
スマートフォルス,2020101707,B,202408040711
メイショウテンスイ,2017106084,C,202408040711
エルゲルージ,2019102044,B,202408040711
ロードラディウス,2020100168,B,202408040711
テーオーステルス,2019103472,B,202408040711
サトノルフィアン,2019106575,B,202408040711
コパノパサディナ,2020100829,B,202408040711
コパノニコルソン,2019104116,C,202408040711
ピンシャン,2017110120,B,202408040711
メイショウダジン,2017105789,B,202408040711
ハチメンロッピ,2020106756,B,202408040711
ロードアウォード,2020100162,B,202408040711
アルファマム,2019103529,B,202408040711
シャインネイト,2021101484,C,202408040801
ラスダシャン,2021104509,C,202408040801
スピナテイル,2021100167,C,202408040801
ブラックリバー,2021104484,C,202408040801
リリーズブルーム,2021101725,B,202408040801
テイエムスマック,2021107332,B,202408040801
ピリー,2021100526,B,202408040801
スポットライト,2021102509,C,202408040801
タミゼ,2021100650,B,202408040801
アジアノハナ,2021105621,B,202408040801
エピファドール,2021102710,B,202408040801
ユウスペシャル,2021100274,B,202408040801
ゼットシルヴィア,2021104414,B,202408040801
フォルテローザ,2021105706,B,202408040801
カシノシャンデリア,2021104529,D,202408040801
タマモオペラ,2021103594,C,202408040801
ピンネシリ,2021106304,B,202408040802
ライスベリー,2021101565,B,202408040802
ダイメイオトヒメ,2021102260,B,202408040802
ガブリエルアクア,2021110163,C,202408040802
メイショウユメカゼ,2021102837,B,202408040802
ヤマニンブライトン,2021106593,B,202408040802
ホットエンペラー,2021103581,C,202408040802
カポデテュティカピ,2021110043,B,202408040802
ブルーパール,2021105173,B,202408040802
パワーマックィーン,2021101585,C,202408040802
アオレレ,2021100298,C,202408040802
マグノオンゾウシ,2021100970,C,202408040802
バトンインディ,2021106359,C,202408040802
ワーキングアセット,2021104936,B,202408040802
アルベリック,2021101554,B,202408040802
リリーピンシャー,2021102705,C,202408040802
タイセイアレス,2021105333,B,202408040803
マリーナサンライズ,2021103142,C,202408040803
ハイケンス,2021102813,B,202408040803
サイレントミニスタ,2021106151,C,202408040803
ルクスアルム,2021103945,B,202408040803
ファイヤーウィップ,2021106003,C,202408040803
スマッシュヒット,2021106485,B,202408040803
マックスセレナーデ,2021101400,C,202408040803
シュトローム,2021101284,C,202408040803
クリノオリオン,2021101243,B,202408040803
メイショウオオコ,2021102572,C,202408040803
レーヌガレット,2021101465,C,202408040803
ファインスカート,2021101217,C,202408040803
ミスズサンダスノー,2021102987,B,202408040803
ダンデライオン,2021106631,B,202408040803
スライスヘリテージ,2020100508,C,202408040807
オーパンバル,2018100722,B,202408040807
オーケーカルメン,2021102380,B,202408040807
バガリーロータス,2021101602,B,202408040807
スウィートスカー,2019106251,B,202408040807
エリカグロリア,2020104120,B,202408040807
シゲルオトヒメ,2019102986,C,202408040807
ヒロインズクレスト,2021105089,B,202408040807
スマートプレシャス,2021103939,B,202408040807
サイモンコーラル,2020100629,C,202408040807
ハリウッドパーク,2021104581,B,202408040807
スナークメモリー,2020105167,B,202408040807
ヴィラーゴスリーブ,2020103599,B,202408040807
コンバットペスカ,2021103236,B,202408040807
サウンドアレグリア,2021102079,C,202408040807
オンザダブル,2019104621,B,202408040810
ラヴケリー,2018101514,B,202408040810
フォトスフィア,2019105773,C,202408040810
カミーロ,2020102027,B,202408040810
メイショウヒューマ,2018106560,B,202408040810
グッドウッドガイ,2019105709,B,202408040810
メイショウジブリ,2019103917,B,202408040810
マルカラピッド,2020102776,C,202408040810
ジュストコル,2018110001,B,202408040810
ローズスター,2020102061,B,202408040810
ライツフォル,2020103398,B,202408040810
バトゥーキ,2020101373,B,202408040810
ベンダバリラビア,2020101968,B,202408040810
テイエムランウェイ,2019106632,B,202408040810
マナウス,2019103791,C,202408040810
エスカル,2021110069,B,202408040812
サクハル,2019103556,B,202408040812
アスクアイルビゼア,2021102154,B,202408040812
ディキシーガンナー,2020110031,B,202408040812
スペシャルナンバー,2019103825,B,202408040812
マイド,2020101879,B,202408040812
ギーロカスタル,2020104845,C,202408040812
カンパニョーラ,2019104385,B,202408040812
プレイテシア,2019102491,B,202408040812
リュウ,2020101578,B,202408040812
ジョヴィアン,2020110127,B,202408040812
ネグレスコ,2021103214,B,202408040812
ピカリエ,2019104288,B,202408040812
サイレンスタイム,2020104198,B,202408040812
メイショウヒヅクリ,2019103902,B,202408040812
プレシオーソ,2017104092,C,202408040812
テーオーエルビス,2022110081,B,202408050101
メイショウマサツラ,2022103101,B,202408050101
テイエムパイロット,2022103775,C,202408050101
ドラマツルギー,2022100213,B,202408050101
ゴッドペイズリー,2022103275,C,202408050101
セントールビースト,2022100371,C,202408050101
ソイジャガー,2022100451,B,202408050101
テイエムダイタカ,2022103678,C,202408050101
リケアマキアート,2022106491,C,202408050101
スナークサンダー,2022106191,C,202408050101
ストームレーン,2022105447,B,202408050101
ブラックデザイア,2022101233,B,202408050101
バルミラクル,2022106177,C,202408050102
マゴイチタ,2022105793,C,202408050102
プリスクリプション,2022105782,C,202408050102
ランワールドワン,2022106323,D,202408050102
カガセブンスター,2022103119,B,202408050102
シュラザック,2022102117,B,202408050102
ノーザトゥルース,2022102414,D,202408050102
メレサンク,2022105168,B,202408050102
アートレスマインド,2022105987,C,202408050102
シャドーストライク,2022101273,B,202408050102
アルムウーリエ,2022106563,C,202408050104
ヨーグルトナン,2022100188,C,202408050104
ゴームズ,2022103701,C,202408050104
アスコットアイ,2022103485,B,202408050104
ジーナアクトレス,2022104842,B,202408050104
ワンダーキュイラス,2022100164,C,202408050104
メイショウヤマハギ,2022102840,C,202408050104
テーオーマルコーニ,2022102228,C,202408050104
ジューンアレグロ,2022100377,B,202408050104
ドラゴンウェルズ,2022110137,B,202408050104
マジカルシャイン,2022110012,B,202408050104
ポジティビティ,2022101910,C,202408050104
ヒフミバンダム,2022103446,C,202408050104
タマモジャスミン,2022103619,C,202408050104
カンタカナリート,2022105630,B,202408050104
ジャスパーノベル,2022110113,B,202408050104
ダズリングダンス,2020105957,C,202408050106
シリウス,2021100086,B,202408050106
エレガントギフト,2020101869,B,202408050106
イナウィンク,2020100800,B,202408050106
ダディーズアイル,2021104673,B,202408050106
ナッカーフェイス,2019100110,B,202408050106
グラティアスミノル,2021104424,C,202408050106
ブーヤカ,2021105211,B,202408050106
アドマイヤジェイ,2019105487,B,202408050106
クアトロジャック,2021106105,B,202408050106
トウカイエルデ,2021100365,C,202408050106
レゾルシオン,2020100747,C,202408050106
ジャーヴィス,2020103902,B,202408050106
ラストボーン,2021104639,B,202408050106
メイショウヒメゴゼ,2019104097,C,202408050107
ジョータルマエ,2020100771,C,202408050107
テンエースワン,2021105637,B,202408050107
キタノハヤブサ,2021104557,B,202408050107
パカーラン,2021105073,B,202408050107
エスオーライジング,2021102631,C,202408050107
エアフォースワン,2019103506,B,202408050107
マジックブルー,2021103682,B,202408050107
タケノシンセイ,2021100376,B,202408050107
サリュエ,2021101650,B,202408050107
オーロベルディ,2019103162,B,202408050110
アイファーシアトル,2020107113,B,202408050110
コパノハンプトン,2020104679,C,202408050110
オンザダブル,2019104621,C,202408050110
ウラカワノキセキ,2019103428,B,202408050110
アルムラトゥール,2020105545,B,202408050110
スターターン,2021104991,A,202408050110
グラストンベリー,2019103004,B,202408050110
ダイリュウホマレ,2020104046,B,202408050110
ミレヴィーナス,2019105847,B,202408050110
エコロガイア,2021110056,B,202408050110
メイショウフジタカ,2018105860,B,202408050110
ナスノカンゲツ,2020109094,B,202408050110
ブルーシンフォニー,2018100693,B,202408050110
ジュストコル,2018110001,B,202408050110
ジェットエンブレム,2018100886,C,202408050110
スマートビクター,2019102202,B,202408050112
バガリーロータス,2021101602,C,202408050112
モズアカボス,2020110069,C,202408050112
ワンダフルトゥデイ,2019106671,B,202408050112
シュピカ,2018101572,B,202408050112
マルチャレアル,2021105430,B,202408050112
ダブルジョーク,2020110026,C,202408050112
リミットバスター,2020101537,B,202408050112
バックスクリーン,2019104922,B,202408050112
ヒデノレインボー,2019102705,C,202408050112
トーアライデン,2020103168,B,202408050112
オメガエリタージュ,2017104706,B,202408050112
キョウエイゲイル,2020104721,C,202408050112
スマートカリス,2020101708,B,202408050112
モレポブラーノ,2022105443,B,202408050201
アスタイクウス,2022106143,C,202408050201
マテンロウコマンド,2022103622,B,202408050201
ゼンダントモニ,2022101327,C,202408050201
ダノンフィーゴ,2022100623,B,202408050201
テイエムダイスター,2022103744,C,202408050201
ブギウギウギ,2022103105,C,202408050201
リリードリーマー,2022106007,B,202408050201
ピースシャイニー,2022106509,B,202408050201
リトルサムシング,2022105636,D,202408050201
ショウナンアトレ,2022103909,C,202408050201
ツリートップムーン,2022105887,C,202408050203
メイショウカジボウ,2022102554,C,202408050203
エポエポサン,2022104636,B,202408050203
マヘーシュヴァラ,2022102006,C,202408050203
レアルシチー,2022101190,C,202408050203
コシュデリ,2022107069,B,202408050203
ゼンノソブリン,2022106992,B,202408050203
ロングロングロング,2022103916,B,202408050203
メイショウタイピン,2022102828,B,202408050203
ユアマイスター,2022101017,C,202408050203
カフジアッサム,2022105881,B,202408050203
マルカベント,2022105362,B,202408050203
ピコビジュー,2022106248,B,202408050203
ステイクオール,2022105848,B,202408050203
コパノハワード,2022104086,B,202408050203
アリュールテーラー,2022105567,B,202408050203
キャピタルサックス,2021106706,B,202408050206
ウインラウダ,2021106206,C,202408050206
ヒロノラメール,2021104131,B,202408050206
アリエスキング,2021101468,B,202408050206
ソーニーイシュー,2021101705,B,202408050206
サンデーヒーロー,2020100903,B,202408050206
メイショウカシワデ,2021103154,C,202408050206
ウインバリオス,2019100195,B,202408050206
カマチョクイン,2020105950,C,202408050208
アイオブザストーム,2020104160,D,202408050208
ピースキーパー,2019106028,B,202408050208
テーオーアリエス,2019105337,C,202408050208
オースミリン,2019102635,B,202408050208
ブリーズオンチーク,2021105958,B,202408050208
ローズバルサム,2020105625,B,202408050208
ランタナヒルズ,2021101241,B,202408050208
リジル,2021101457,B,202408050208
サザーランド,2020101575,B,202408050208
キャプテンネキ,2021101523,B,202408050208
スターペスカオリ,2020105929,C,202408050208
ケイアイロベージ,2018103819,B,202408050210
ロードベイリーフ,2017103005,B,202408050210
ダノンセシボン,2020101633,C,202408050210
マニバドラ,2020110105,B,202408050210
ロードラディウス,2020100168,C,202408050210
ボナンザ,2020101292,B,202408050210
カルネアサーダ,2019104841,B,202408050210
パラシュラーマ,2020105622,B,202408050210
ファーンヒル,2019106293,B,202408050210
イスラアネーロ,2019105741,B,202408050210
アッティーヴォ,2014104716,B,202408050210
ドンアミティエ,2020106006,B,202408050210
エーティーマクフィ,2019105859,B,202408050210
ジレトール,2019105972,A,202408050210
ピアシック,2016110131,B,202408050210
クインズメリッサ,2018101984,B,202408050210
サイヤダンサー,2017101571,C,202408050212
オースミメッシーナ,2019105860,C,202408050212
エヴィダンシア,2019106932,C,202408050212
カッコヨカ,2019109159,C,202408050212
メイデンタワー,2020103198,B,202408050212
メイショウホウレン,2021103716,B,202408050212
プリンセスカレン,2021103602,B,202408050212
ツークフォーゲル,2020105635,B,202408050212
サンガネーブ,2020104287,B,202408050212
ジョヴィアン,2020110127,B,202408050212
サザンカ,2021107281,B,202408050212
ドンレパルス,2019100553,C,202408050212
ネバレチュゴー,2020106983,B,202408050212
サウンドサンビーム,2017106394,C,202408050212
サイモンギフト,2020100639,C,202408050212
デュアルロール,2022106189,B,202408050301
テーオーテバルディ,2022102208,B,202408050301
コパノマロン,2022104326,C,202408050301
パリコレジェンヌ,2022104501,C,202408050301
クーデール,2022100648,B,202408050301
ユウトザドリーム,2022102561,C,202408050301
カフェロワイヤル,2022106717,B,202408050301
サブアトミック,2022101636,B,202408050301
ルルーディ,2022100883,C,202408050301
メイショウバスク,2022103193,B,202408050301
バストス,2022102919,B,202408050301
ブライアーヒル,2022106016,B,202408050301
トゥインクルアップ,2022100065,B,202408050301
サイラモナムール,2022105539,A,202408050301
ロワン,2022101499,C,202408050301
コパノハワード,2022104086,C,202408050302
ヴェーヌドール,2022105708,B,202408050302
レアルシチー,2022101190,C,202408050302
ジェントルバローズ,2022100133,C,202408050302
ディープボウ,2022101123,B,202408050302
ロングロングロング,2022103916,C,202408050302
ヴァンアグレアブル,2022105058,B,202408050302
ロイヤルイブキ,2022101511,B,202408050302
アルマリアルト,2022100121,C,202408050302
タガノビギニング,2022106565,B,202408050302
エッグハント,2022101654,B,202408050302
キタサンブローチ,2022100570,C,202408050304
ウォーターエルピス,2022102796,B,202408050304
デルマサクラサク,2022105343,C,202408050304
メイケイロゼッタ,2022105878,B,202408050304
リリーライナー,2022104249,B,202408050304
メイショウトサンコ,2022100206,C,202408050304
ミドラーシュ,2022102008,B,202408050304
ポッドフォルク,2022100736,C,202408050304
クリノバーグマン,2022102236,B,202408050304
パーフェクト,2022101504,B,202408050304
メイショウサトノヒ,2022103634,C,202408050304
インターアーバン,2022104880,B,202408050304
タガノミナミ,2022106572,C,202408050304
ドンインザムード,2022106942,B,202408050304
エコロスヴァル,2022110109,B,202408050304
ルヴァロワール,2022106755,B,202408050304
シンコーナホチャン,2021100471,B,202408050306
ブライトサイン,2020103191,B,202408050306
サイモンコーラル,2020100629,C,202408050306
スナークメモリー,2020105167,B,202408050306
ペイシャコパ,2021101090,B,202408050306
グレイスオブゴッド,2020103967,C,202408050306
フローラルセント,2021104857,B,202408050306
タガノエクレール,2021106540,B,202408050306
ラッキーマリリン,2021103318,C,202408050306
フェルンマンボ,2019105975,B,202408050306
ヒヒーン,2021105394,B,202408050306
ネバーモア,2021100294,B,202408050306
シゲルオトヒメ,2019102986,C,202408050306
ポンピエ,2021104945,C,202408050307
ボブズヤアンクル,2019110026,B,202408050307
タイセイブロウ,2021104101,B,202408050307
フォルテローザ,2021105706,B,202408050307
ディスタントスカイ,2021110067,B,202408050307
ハリウッドブルース,2021104514,B,202408050307
ジェネラーレ,2021110153,B,202408050307
フェゲフォイア,2020106355,B,202408050307
ララマルシュドロワ,2020110116,B,202408050307
モズナイスバディー,2021102845,B,202408050307
カツラノキサノキ,2021101461,C,202408050307
タガノミスト,2021106554,B,202408050307
ワキノノーブル,2021106394,C,202408050307
シグルドリーヴァ,2019103953,B,202408050307
グレアミラージュ,2017100426,C,202408050307
カセノラオー,2021106310,B,202408050307
ワンダーブレット,2019102585,B,202408050309
イスカンダル,2019103346,B,202408050309
イルミネーター,2017105895,C,202408050309
ピエナパイロ,2020101335,B,202408050309
クリノフィガロ,2021101226,C,202408050309
クリノグローリー,2020102360,B,202408050309
モンブランミノル,2021100838,D,202408050309
ジルバーン,2019104761,B,202408050309
エンツォウーノ,2020104790,B,202408050309
ミッキークレスト,2021105112,B,202408050309
メイショウマントル,2018100858,C,202408050309
バックスクリーン,2019104922,C,202408050309
パーサヴィアランス,2019105330,B,202408050309
ウェルカムニュース,2019105537,B,202408050311
ロードアヴニール,2020100142,B,202408050311
ヴィジョンオブラヴ,2015100274,D,202408050311
シダー,2019100177,C,202408050311
リリーミニスター,2017103688,B,202408050311
テーオーシリウス,2018106834,B,202408050311
ミラクルティアラ,2020103070,B,202408050311
アルーブルト,2018100763,B,202408050311
キングストンボーイ,2018102657,B,202408050311
オシゲ,2020106642,B,202408050311
デリカダ,2019106929,B,202408050311
トウセツ,2019104589,C,202408050311
ミスティックロア,2020110075,B,202408050311
バハルダール,2019110015,B,202408050311
メイショウユズルハ,2019104089,B,202408050311
クールミラボー,2020103387,C,202408050311
キョラムン,2022107147,B,202408050401
マテンロウコマンド,2022103622,C,202408050401
サントモナルカ,2022105795,C,202408050401
アンノドミニ,2022106643,C,202408050401
メイショウアイク,2022103134,B,202408050401
インマイブラッド,2022104165,B,202408050401
メイショウセオト,2022102552,B,202408050401
シャドウキャッスル,2022105474,B,202408050401
ヤヌシサンダー,2022100591,C,202408050401
ペプチドシナノ,2022101958,B,202408050401
テルモピュライ,2022102565,B,202408050401
フェイトライン,2022104992,C,202408050402
ヒルノカーディフ,2022102687,C,202408050402
ワンダーエバー,2022100420,C,202408050402
ヒフミバンダム,2022103446,C,202408050402
ドクターサクラ,2022100847,C,202408050402
マテンロウブレイブ,2022105021,B,202408050402
ブライトイメル,2022106179,B,202408050402
レイナデアルシーラ,2022104628,B,202408050402
クリノエニシ,2022101147,D,202408050402
ウルスクローム,2022103630,B,202408050402
トモジャオッシュ,2021102618,C,202408050406
ピストンボーイ,2021105447,B,202408050406
バトンインディ,2021106359,C,202408050406
ウォーターリーダー,2020100948,B,202408050406
テイエムシップ,2019107031,B,202408050406
レイワサンサン,2021102406,B,202408050406
カシノインディード,2020104175,C,202408050406
タイセイミニスター,2021104197,B,202408050406
アドマイヤソラ,2020103212,B,202408050406
ホークフィールド,2021105004,B,202408050406
クリノオリーブ,2021102259,B,202408050409
レインメーカー,2020103103,B,202408050409
オコタンペ,2021105849,B,202408050409
エブリモーメント,2021104649,B,202408050409
メイショウタイゲイ,2019104169,B,202408050409
ロードドミニオン,2017103656,C,202408050409
モーデン,2018100442,B,202408050409
セールヴォラン,2021101057,B,202408050409
ピンクムーン,2019103965,B,202408050409
タガノヒナタ,2021106542,B,202408050409
タイセイアレス,2021105333,C,202408050409
ドレシャス,2021100490,B,202408050409
トモジャアルマンド,2017103155,B,202408050409
エブライト,2021101443,B,202408050409
インヒズアイズ,2020110147,C,202408050410
メイショウシナノ,2020106635,C,202408050410
アスクビックスター,2019106414,C,202408050410
マリアナトレンチ,2020102737,B,202408050410
ヨリノサファイヤ,2020102315,C,202408050410
レッドプロフェシー,2020101579,C,202408050410
フームスムート,2017104238,C,202408050410
サイモンザナドゥ,2020104497,B,202408050410
オンザライン,2018104646,B,202408050410
レアンダー,2021100836,B,202408050410
セクシーブーケ,2021110103,B,202408050410
メイショウコガシラ,2020100979,B,202408050410
ダンテバローズ,2020104661,B,202408050410
ギーロカスタル,2020104845,C,202408050412
コパノアントニオ,2021103125,C,202408050412
ピースキーパー,2019106028,C,202408050412
ベッサラビア,2017106222,C,202408050412
クリノキングマン,2021101431,B,202408050412
タイセイウォリアー,2020104148,B,202408050412
トーホウキザン,2020101764,B,202408050412
シンエン,2019105359,C,202408050412
ラブコメディ,2021110087,B,202408050412
ブラックサウザー,2019105678,B,202408050412
タヴァネスタン,2022110074,B,202408050501
アメリカンステージ,2022110105,B,202408050501
レイザリオ,2022104910,B,202408050501
マジカルシャイン,2022110012,B,202408050501
モレポブラーノ,2022105443,B,202408050501
ショウナンアトレ,2022103909,B,202408050501
ストームレーン,2022105447,B,202408050501
タイキフェニックス,2022103145,C,202408050501
ヒマラヤベロス,2022101159,B,202408050501
ナムラジョコ,2022107247,C,202408050501
サラサハウナイス,2022102743,C,202408050501
ワンダーキュイラス,2022100164,C,202408050501
グラブビクトリー,2022103064,C,202408050504
サンポウヨッシー,2022104510,C,202408050504
ゴールドストーム,2022102708,C,202408050504
サンコンクエスト,2022104970,C,202408050504
ビーコ,2022106172,D,202408050504
エマージェンス,2022105448,C,202408050504
バレンシア,2022106663,C,202408050504
スーパージョック,2022103733,B,202408050504
ランスオブコメット,2022104412,B,202408050504
ルクスメンデス,2022102037,D,202408050504
アイヅワカマツ,2022105888,D,202408050504
ニホンピロカスター,2022103863,B,202408050504
ピーチマカロン,2022103898,C,202408050504
コパノデーヴィド,2022103077,D,202408050504
マンノデュエット,2022102385,B,202408050504
ベルシエル,2022100965,C,202408050504
ミグラテール,2021106758,C,202408050507
メイショウイコマ,2021102599,B,202408050507
ウインラウダ,2021106206,B,202408050507
ミントマーク,2020103731,B,202408050507
パシアンジャン,2021104503,C,202408050507
ヘヴンリーハンド,2021106910,C,202408050507
メイショウヴァイゼ,2021102981,C,202408050507
ソウルユニバンス,2017105358,B,202408050507
マテンロウブラボー,2021101422,B,202408050507
エスオーライジング,2021102631,C,202408050507
キタノハヤブサ,2021104557,C,202408050507
カールスタード,2021105554,B,202408050508
オンリーラヴ,2020106394,B,202408050508
ピストンボーイ,2021105447,C,202408050508
イナウィンク,2020100800,C,202408050508
チークタイム,2021103859,C,202408050508
ヒデシンイメル,2021100678,B,202408050508
ウィップスティッチ,2021105253,A,202408050508
ナッカーフェイス,2019100110,B,202408050508
バンベルク,2018105258,B,202408050508
ウイングスオブラヴ,2019106615,B,202408050508
アシャカブラン,2021105933,B,202408050508
エフエイト,2021109016,B,202408050508
ケイエイト,2020103673,C,202408050508
ブーヤカ,2021105211,B,202408050508
ブラックリバー,2021104484,C,202408050508
テイエムシニスター,2019100083,C,202408050509
タイトニット,2020102750,B,202408050509
カレンマックナイト,2019105140,B,202408050509
レッドリベルタ,2021102436,B,202408050509
ジョータルマエ,2020100771,B,202408050509
シャンバラ,2019100615,C,202408050509
ロードジャスティス,2019103027,B,202408050509
ノットイナフ,2021106625,C,202408050509
スカイドゥエラー,2018100961,B,202408050509
トゥルブレンシア,2017103184,C,202408050509
メジェド,2020105651,B,202408050509
デルマグレムリン,2019105877,B,202408050509
ハギノアトラス,2016102663,C,202408050511
ゼルトザーム,2021103080,B,202408050511
リキサントライ,2018101796,C,202408050511
サクセスローレル,2019102454,B,202408050511
メイショウドヒョウ,2017106376,B,202408050511
エルゲルージ,2019102044,B,202408050511
グレイイングリーン,2018105454,C,202408050511
グラティアス,2018105277,B,202408050511
リプレーザ,2018103238,B,202408050511
サトノテンペスト,2018100388,B,202408050511
ライツフォル,2020103398,B,202408050511
ジュンウィンダム,2020106062,B,202408050511
スマートフォルス,2020101707,B,202408050511
ロードエクレール,2018105998,B,202408050511
サイレンスゴールド,2020105149,B,202408050512
リュウ,2020101578,B,202408050512
ロープスピニング,2019104952,C,202408050512
ルクスメテオール,2020102186,B,202408050512
カッコヨカ,2019109159,B,202408050512
ツークフォーゲル,2020105635,B,202408050512
サウンドサンビーム,2017106394,C,202408050512
プリンセスカレン,2021103602,B,202408050512
ルアル,2019103641,B,202408050512
オースミメッシーナ,2019105860,C,202408050512
ディベルティール,2018104149,B,202408050512
ビップシュプリーム,2019105241,B,202408050512
プレシオーソ,2017104092,C,202408050512
セッテイロク,2021102709,B,202408050512
スペシャルナンバー,2019103825,B,202408050512
ダイシンレアレア,2022106566,B,202408050601
サンダーロード,2022102966,B,202408050601
カガセブンスター,2022103119,B,202408050601
セルズパワー,2022102052,C,202408050601
タイセイアビリティ,2022102799,B,202408050601
クリノランシャーク,2022102943,C,202408050601
カンタカナリート,2022105630,C,202408050601
アートレスマインド,2022105987,B,202408050601
アイファーモービル,2022101117,B,202408050603
キュールエアザミ,2022100578,C,202408050603
マルモジーニー,2022102654,B,202408050603
ヴェントインコーダ,2022103195,B,202408050603
フェデラー,2022103211,B,202408050603
ノアファースト,2022102350,C,202408050603
ワイドレッド,2022100109,D,202408050603
タガノテツ,2022107135,C,202408050603
ライブリエクレール,2022106115,C,202408050603
マキシマムビスタ,2022103746,B,202408050603
アイドルアイズ,2022104653,B,202408050603
トップレジェンド,2022103282,B,202408050603
ブラックエンパイア,2022104343,C,202408050603
ツルギトイシヅチ,2022101860,D,202408050603
バイアンドホールド,2022101712,C,202408050603
コントリビュート,2022103681,B,202408050603
サクラトップラン,2019106340,B,202408050606
シーリュウシー,2021106180,C,202408050606
ロスティチェーレ,2020102919,C,202408050606
メイショウトム,2021110065,B,202408050606
パカーラン,2021105073,B,202408050606
アウトドライブ,2021100868,B,202408050606
ユウトザキンパツ,2021104597,C,202408050606
エアサンサーラ,2021110159,B,202408050606
チカミリオン,2021103225,C,202408050607
トウカイポワール,2021102389,C,202408050607
キープスマイリング,2020103248,B,202408050607
バスタードサフラン,2021106610,B,202408050607
テーオールビー,2021109027,B,202408050607
モントブレッチア,2019106419,C,202408050607
ヴォードヴィル,2020105872,B,202408050607
ワイルドベティ,2019105073,C,202408050607
ヴァンルーラー,2019105141,B,202408050607
ランスオブサターン,2020104772,B,202408050607
ウィンターダフネ,2020103246,C,202408050607
アーレンダール,2019105063,C,202408050607
ナウズザタイム,2020103323,B,202408050607
タガノチョコラータ,2020105533,C,202408050607
コパノエビータ,2021102219,B,202408050607
スカンジナビア,2019102794,C,202408050607
アーデルリーベ,2022104633,B,202408050608
コウユーモジョカー,2022109164,B,202408050608
ミッドナイトゲイル,2022105724,C,202408050608
モカラマーズ,2022103609,B,202408050608
ジャスパーソレイユ,2022110111,B,202408050608
スリーピース,2022104972,B,202408050608
サニーサルサ,2022105407,C,202408050608
ザクシス,2022102711,C,202408050608
スカイブルー,2022100136,B,202408050608
コスモストーム,2022104120,B,202408050608
サディーク,2022110063,B,202408050608
ヴアーサ,2018104481,B,202408050612
テイエムランウェイ,2019106632,B,202408050612
グレートサンドシー,2020110153,B,202408050612
マルカラピッド,2020102776,B,202408050612
モズミギカタアガリ,2021102868,B,202408050612
アルトシュタット,2019105449,B,202408050612
イチネンエーグミ,2019106684,B,202408050612
ローズスター,2020102061,B,202408050612
フェルヴェンテ,2020102045,B,202408050612
タマモダイジョッキ,2018104332,B,202408050612
エメラルドビーチ,2020110055,B,202408050612
テイエムリステット,2021103725,B,202408050612
フームスムート,2017104238,C,202408050612
デュアルロール,2022106189,B,202408050701
オデット,2022101925,C,202408050701
モンテディアーナ,2022104597,B,202408050701
ルルーディ,2022100883,B,202408050701
コパノマロン,2022104326,C,202408050701
メイショウバスク,2022103193,B,202408050701
キャリーグレイス,2022100091,B,202408050701
ドナポンド,2022100696,B,202408050701
ブギウギウギ,2022103105,C,202408050701
キョラムン,2022107147,B,202408050701
エイシンサイネリア,2022103167,C,202408050701
アンズアメ,2022106689,C,202408050701
ダイヤノゴトク,2022105125,B,202408050701
ジューンエオス,2022110069,B,202408050702
タマモジャスミン,2022103619,C,202408050702
ロックウイズユー,2022103143,B,202408050702
エコロスヴァル,2022110109,B,202408050702
シュパネントウィル,2022110090,A,202408050702
メイケイロゼッタ,2022105878,C,202408050702
メイショウカジボウ,2022102554,C,202408050702
ブルックリンダンス,2022105791,B,202408050702
マヘーシュヴァラ,2022102006,B,202408050702
ハヤテノツバサ,2022100194,B,202408050702
デュジャック,2022107273,C,202408050702
ヤマニンチェルキ,2022106610,B,202408050704
ニネンエフグミ,2022102490,B,202408050704
ゲンタツ,2022100932,D,202408050704
ヴィリアリート,2022105853,B,202408050704
グランキングオー,2022100664,C,202408050704
エンジョイドライブ,2022102713,B,202408050704
エイミーショコラ,2022100545,C,202408050704
バフェ,2022106314,B,202408050704
ニシノジェダイ,2022106998,B,202408050704
キュードス,2022106312,C,202408050704
ポッドドンナー,2022100018,B,202408050704
チュンビーム,2022104467,C,202408050704
ヒロスズラン,2022107214,B,202408050704
チムニーパイプ,2022101656,C,202408050704
スマートラウンド,2022102059,C,202408050704
テーオーヴァルナイ,2022102210,B,202408050704
キャピタルサックス,2021106706,B,202408050706
ケイアイアルタイル,2021100711,B,202408050706
カネトシゴウト,2021100709,D,202408050706
タマモキャリコ,2021103197,C,202408050706
オーシンハーフ,2021101419,C,202408050706
メイショウヴァイゼ,2021102981,B,202408050706
シャンデルナゴル,2020103193,B,202408050706
エミサソウツバサ,2019104882,C,202408050706
マリアナトレンチ,2020102737,C,202408050710
ダイメイセブン,2020101919,B,202408050710
マルブツプライド,2019103518,B,202408050710
シゲルバクハツ,2018103470,C,202408050710
シゲルショウグン,2020101694,B,202408050710
メイショウシナノ,2020106635,B,202408050710
レッドラグラス,2020103183,B,202408050710
キュールエフウジン,2019102983,B,202408050710
メテオリート,2020103648,B,202408050710
クーアフュルスト,2021104949,C,202408050712
ワンダフルトゥデイ,2019106671,B,202408050712
ドンアチェカ,2020105542,C,202408050712
バロンドール,2021105276,B,202408050712
ダブルジョーク,2020110026,B,202408050712
クリノフィガロ,2021101226,C,202408050712
ワンダーブレット,2019102585,B,202408050712
ミヤジシャルマン,2020101766,C,202408050712
ヒノデテイオー,2019103420,C,202408050712
ヴィンテージボンド,2019105095,B,202408050712
メイショウマントル,2018100858,B,202408050712
カズロレアート,2018105117,B,202408050712
ヒデノレインボー,2019102705,C,202408050712
モンドプリューム,2020103876,C,202408050712
キョウエイゲイル,2020104721,B,202408050712
ロードフロイデ,2022100613,C,202408050801
リトルサムシング,2022105636,C,202408050801
モズタチアガレ,2022106010,B,202408050801
ワイルドブッター,2022105077,C,202408050801
ゴッドペイズリー,2022103275,C,202408050801
アイルビリーヴ,2022103176,B,202408050801
コスモベルツリー,2022104545,C,202408050801
セントールビースト,2022100371,B,202408050801
イヤーワーム,2022100210,C,202408050801
エポエポサン,2022104636,B,202408050802
レベリオン,2022101537,C,202408050802
メイショウタイピン,2022102828,B,202408050802
コパノデーヴィド,2022103077,C,202408050802
ポッドフォルク,2022100736,B,202408050802
パーフェクト,2022101504,C,202408050802
コシュデリ,2022107069,C,202408050802
フクキタテーラー,2022104292,C,202408050802
ハギノデュエット,2022106652,C,202408050802
ホウオウアンジュ,2022100125,B,202408050802
アスクコモンタレヴ,2022102303,B,202408050802
ウルスクローム,2022103630,C,202408050802
ヒロノランド,2022104155,C,202408050802
ケイアイワイラーパ,2022103053,A,202408050802
キタノボンボヤージ,2022100556,B,202408050804
ボヤージュアウト,2022107293,B,202408050804
ボルダーオパール,2022104634,C,202408050804
エイシンクァンタム,2022103976,B,202408050804
ハナカホノカ,2022100187,B,202408050804
ダノンヴェステル,2022103242,B,202408050804
ニホンピロマーベル,2022103861,B,202408050804
レイヤー,2022106646,B,202408050804
ギンガエクスプレス,2022106161,C,202408050804
カナルビーグル,2022104877,B,202408050804
スウィープレジーナ,2022103972,C,202408050804
アバヨナミダ,2022104105,B,202408050804
ダウントゥアース,2022106694,C,202408050804
ゴールデンクラウド,2022110121,B,202408050804
ユージュアーナ,2022102952,B,202408050804
ジャスティンロング,2022100537,B,202408050804
ミクロフィラム,2021105652,B,202408050806
ランスオブプライム,2021104426,B,202408050806
スウィートスカー,2019106251,B,202408050806
シャイニングローズ,2021100448,B,202408050806
ハギノインスパイア,2021106641,B,202408050806
アナスタシス,2021100493,C,202408050806
ドナアフロディテ,2021100794,B,202408050806
シュテルンロット,2020102876,C,202408050806
ビリーヴサンライズ,2021102237,B,202408050806
エレガントギフト,2020101869,B,202408050806
ベルダイナフェロー,2021102982,B,202408050806
マサハヤヴァンス,2020103084,C,202408050806
メイショウザンゲツ,2021105939,C,202408050806
ロンシャンクイーン,2020103274,B,202408050806
ワキノノーブル,2021106394,B,202408050806
ヒルノアントラ,2017102084,C,202408050807
マサハヤウォルズ,2020103045,B,202408050807
レッドクレメンス,2021104970,C,202408050807
メイショウヘール,2021104622,B,202408050807
ジーベック,2021103242,B,202408050807
ジュンラトゥール,2021104039,B,202408050807
マジックブルー,2021103682,C,202408050807
ニホンピロゴルディ,2021103845,B,202408050807
テイエムシップ,2019107031,B,202408050807
キャストロペペ,2021100257,A,202408050807
タキ,2021101428,C,202408050807
グレアミラージュ,2017100426,C,202408050808
メイショウナラシバ,2019102886,B,202408050808
セールヴォラン,2021101057,B,202408050808
レゾルシオン,2020100747,B,202408050808
タマモブリリオ,2021104407,B,202408050808
モーデン,2018100442,C,202408050808
ゴイゴイスー,2018103388,C,202408050808
ビーコング,2021103595,C,202408050808
タイセイアレス,2021105333,C,202408050808
シリウス,2021100086,B,202408050808
アナレクタ,2021103532,B,202408050808
アガシ,2021100653,B,202408050808
ラピッドベル,2020106813,B,202408050808
イミュータブル,2020104346,B,202408050808
ホウオウトランプ,2021105886,B,202408050808
リジル,2021101457,B,202408050812
ジャーヴィス,2020103902,B,202408050812
スナークレジスト,2017102930,C,202408050812
クリノキングマン,2021101431,B,202408050812
メイショウヒヅクリ,2019103902,B,202408050812
ブループリマドンナ,2021100703,B,202408050812
グッドグロウス,2019105915,B,202408050812
ピースキーパー,2019106028,B,202408050812
シゲルソロソロ,2020110100,B,202408050812
ラブコメディ,2021110087,B,202408050812
ピエナパイロ,2020101335,B,202408050812
オースミリン,2019102635,B,202408050812
レイナデアルシーラ,2022104628,B,202408060101
ナリタボニー,2022101488,B,202408060101
デルマサクラサク,2022105343,C,202408060101
ミドラーシュ,2022102008,C,202408060101
アンヘリート,2022103841,C,202408060101
ショウナンカゼルタ,2022103910,B,202408060101
リンゲルブルーメ,2022105011,C,202408060101
タガノテツ,2022107135,C,202408060102
ブラックエンパイア,2022104343,B,202408060102
ゴッドペイズリー,2022103275,C,202408060102
ゼンソレイユ,2022110136,B,202408060102
クリノボタンチャン,2022106499,B,202408060102
モズノセイギ,2022102648,B,202408060102
アメリカンステージ,2022110105,A,202408060102
ウォーターアデル,2022100405,B,202408060102
ウォーターパラディ,2022103229,B,202408060102
アイファーモービル,2022101117,C,202408060102
トップレジェンド,2022103282,B,202408060102
ダンツナディア,2022104183,C,202408060105
ナリタヒカリ,2022102739,C,202408060105
チャロ,2022105158,B,202408060105
トモジャイブ,2022101223,C,202408060105
ダンツアトム,2022103175,C,202408060105
リードプリンシパル,2022105748,B,202408060105
テルモプシス,2022100295,C,202408060105
テイエムトップバン,2022103761,B,202408060105
ストップヤーニング,2022107306,B,202408060105
ディーエスショウマ,2022100226,B,202408060105
キャットデイ,2022110124,C,202408060105
ルブリアン,2022106320,B,202408060105
ジャコドール,2022107347,C,202408060105
ラマンシュ,2022105201,C,202408060105
バトンロード,2022103285,B,202408060105
ミライエイゴウ,2022102133,B,202408060105
ウォーターリーダー,2020100948,B,202408060107
ヒロノラメール,2021104131,B,202408060107
バトンインディ,2021106359,B,202408060107
エアサンサーラ,2021110159,B,202408060107
スノーライトニング,2021105828,C,202408060107
アンドゥーラ,2021100480,B,202408060107
ミントマーク,2020103731,B,202408060107
メイショウコナン,2021103064,B,202408060107
ロードトラスト,2020106936,B,202408060109
メイショウコジョウ,2017106319,C,202408060109
イルミネーター,2017105895,C,202408060109
ノットイナフ,2021106625,B,202408060109
アウトドライブ,2021100868,B,202408060109
レタラ,2019106334,B,202408060109
ルナビス,2020106579,B,202408060109
バックトゥザライト,2020102687,B,202408060109
キョウエイゲイル,2020104721,C,202408060109
シュガーコルト,2019106364,B,202408060109
プレシオーソ,2017104092,B,202408060110
カミーロ,2020102027,B,202408060110
ドンレパルス,2019100553,B,202408060110
インユアパレス,2021110126,B,202408060110
スマートラプター,2019102521,B,202408060110
ベンダバリラビア,2020101968,C,202408060110
ホッコーカリュウ,2018103147,C,202408060110
ハイアムズビーチ,2019105478,B,202408060110
エコロアイ,2020110137,B,202408060110
ブルーシンフォニー,2018100693,C,202408060110
エコロガイア,2021110056,B,202408060110
ゴッドセンド,2020104469,C,202408060110
ハッピースワニー,2019101222,C,202408060110
オンザダブル,2019104621,B,202408060110
ギーロカスタル,2020104845,B,202408060110
カネコメシスター,2019101055,B,202408060110
テイエムダイタカ,2022103678,C,202408060201
ケイアイブイスリー,2022106583,B,202408060201
クーデール,2022100648,B,202408060201
マンノデュエット,2022102385,B,202408060201
エルモッソペンドロ,2022105304,C,202408060201
サニースマイル,2022100238,B,202408060201
ハクアイローラ,2022106267,B,202408060201
パドメ,2022107339,B,202408060201
テーオーマルコーニ,2022102228,B,202408060201
メイショウサトノヒ,2022103634,B,202408060201
マテンロウコマンド,2022103622,B,202408060201
ダブルシルバー,2022101080,C,202408060201
ロイヤルイブキ,2022101511,B,202408060201
ヒルノカーディフ,2022102687,B,202408060202
リリーライナー,2022104249,C,202408060202
メイショウトサンコ,2022100206,C,202408060202
ルクスメンデス,2022102037,C,202408060202
ホーネッツネスト,2022101672,B,202408060202
クリノバーグマン,2022102236,B,202408060202
ニホンピロカスター,2022103863,B,202408060202
サンライズフーガ,2022104429,B,202408060202
シュネーグロッケン,2022104944,C,202408060202
ワイドメテオール,2022104420,B,202408060202
テーオーシュタイン,2022104879,C,202408060202
ドウジギリ,2022106891,B,202408060202
クリノクーチャン,2022105528,B,202408060202
バレンシア,2022106663,B,202408060202
サクソンジェンヌ,2021106993,C,202408060206
オーロヴェール,2021103232,B,202408060206
シャイニングローズ,2021100448,C,202408060206
ハリウッドパーク,2021104581,C,202408060206
デンタルフロス,2021102645,D,202408060206
シンコーナホチャン,2021100471,B,202408060206
シゲルオトヒメ,2019102986,C,202408060206
キャロルビアンカ,2020100719,C,202408060206
ペイシャコパ,2021101090,C,202408060206
ヨーカイディスコ,2021101535,C,202408060207
オバケノキンタ,2020109129,B,202408060207
メイショウタイゲイ,2019104169,B,202408060207
ベッサラビア,2017106222,C,202408060207
ディキシーガンナー,2020110031,B,202408060207
メイショウオトギ,2020102331,B,202408060207
タカラマドンナ,2019104328,B,202408060207
ルアル,2019103641,C,202408060207
サンガネーブ,2020104287,B,202408060207
ツークフォーゲル,2020105635,C,202408060207
サウンドサンビーム,2017106394,B,202408060207
フォルティーナ,2020100530,C,202408060207
ローズバルサム,2020105625,B,202408060208
クリニエールグラス,2019103978,B,202408060208
ブリーズオンチーク,2021105958,B,202408060208
サザーランド,2020101575,B,202408060208
サウンドアレグリア,2021102079,B,202408060208
カマチョクイン,2020105950,C,202408060208
プリンセスカレン,2021103602,C,202408060208
エンプレスペイ,2020103779,B,202408060208
アネモス,2020104164,B,202408060208
ルージュマローネ,2022105569,A,202408060209
ロードラビリンス,2022100653,B,202408060209
クァンタムウェーブ,2022106395,B,202408060209
マテンロウブレイブ,2022105021,B,202408060209
トリポリタニア,2022104928,B,202408060209
ニヒトツーゼーア,2022102383,B,202408060209
ドンインザムード,2022106942,B,202408060209
ベルベルコンパス,2022103059,C,202408060209
トルショー,2022103766,B,202408060209
マテンロウサン,2022110093,B,202408060209
アートコレクション,2022101643,B,202408060209
パワーストーン,2022103882,C,202408060209
プロミストウォリア,2017101184,B,202408060211
ゲンパチルシファー,2016101745,C,202408060211
ドゥラエレーデ,2020103626,B,202408060211
ミッキーヌチバナ,2018105431,B,202408060211
デリカダ,2019106929,B,202408060211
ダンテバローズ,2020104661,B,202408060211
ロードアヴニール,2020100142,B,202408060211
オメガギネス,2020102904,B,202408060211
ハピ,2019100630,B,202408060211
トウセツ,2019104589,C,202408060211
ロコポルティ,2018105503,B,202408060211
ミトノオー,2020100273,B,202408060211
アウトレンジ,2020105621,B,202408060211
リプレーザ,2018103238,B,202408060211
サンライズジパング,2021104756,B,202408060211
ナムラクレープ,2022100145,D,202408060301
ニシノオーブ,2022102705,C,202408060301
エニグマティーク,2022104676,B,202408060301
レーニス,2022109114,C,202408060301
エイミーショコラ,2022100545,C,202408060301
テーオーヴァルナイ,2022102210,B,202408060301
レイチェルバローズ,2022103230,B,202408060301
フェニーチェドーロ,2022101408,B,202408060301
コパノマロン,2022104326,C,202408060301
アイズミサクラ,2022104364,B,202408060301
シャンパンゴールド,2022101104,B,202408060301
ニネンエフグミ,2022102490,B,202408060301
セサンパ,2022106915,B,202408060301
ブラゾンロワイヤル,2022105586,C,202408060302
アールオブケント,2022105788,C,202408060302
ロードトルネード,2022100617,B,202408060302
サヨノミッキー,2022107059,C,202408060302
クリノラピダス,2022109038,C,202408060302
エンジョイドライブ,2022102713,B,202408060302
スーパージョック,2022103733,B,202408060302
ダイシンレアレア,2022106566,C,202408060302
ウォーターエルピス,2022102796,B,202408060302
キタノボンボヤージ,2022100556,C,202408060302
サルタール,2022106617,B,202408060302
ボルダーオパール,2022104634,C,202408060302
アイヅワカマツ,2022105888,B,202408060302
スピントロニクス,2022104658,C,202408060302
アナポリス,2022100049,C,202408060304
ピストルスター,2022106937,C,202408060304
テンダリー,2022104827,D,202408060304
ナルカミ,2022101638,B,202408060304
ゼンエスポワール,2022110135,B,202408060304
プリンセッサ,2022102138,B,202408060304
トモジャシック,2022104293,B,202408060304
ザックザク,2022100476,B,202408060304
ダンスデュヴァン,2022105841,B,202408060304
ボーマン,2022107196,C,202408060304
サファイアブルー,2022104506,C,202408060304
メイショウオオワニ,2022102792,C,202408060304
ミライヘノカギ,2022102062,B,202408060304
サンマイメ,2022103878,B,202408060304
リアルクィーン,2022107288,B,202408060304
ペプチドヒナタ,2021101240,C,202408060306
グレイスオブゴッド,2020103967,D,202408060306
オーシンハーフ,2021101419,C,202408060306
タナバタ,2021105969,C,202408060306
レイワサンサン,2021102406,C,202408060306
シャドウルパン,2021104797,B,202408060306
メイショウヴァイゼ,2021102981,B,202408060306
マテンロウタイム,2021106988,B,202408060306
ルシュヴァルドール,2021105630,C,202408060306
ミグラテール,2021106758,C,202408060306
メイショウヘール,2021104622,B,202408060306
キャストロペペ,2021100257,C,202408060306
トーレ,2021103161,B,202408060306
ホルトバージ,2021102905,B,202408060306
キレナイカ,2020103001,C,202408060306
ピンクムーン,2019103965,B,202408060307
ザウリ,2019101399,B,202408060307
キーウィル,2020105470,B,202408060307
パトジュニア,2021110135,C,202408060307
ワンダーヘイルネス,2016102446,C,202408060307
ケイエイト,2020103673,C,202408060307
ノビル,2021102091,C,202408060307
ルールシェーバー,2017109029,C,202408060307
ゴイゴイスー,2018103388,C,202408060307
ロードドミニオン,2017103656,B,202408060307
ナゲットモンスター,2020103339,B,202408060307
メイショウイヌワシ,2019104100,B,202408060307
アメリカンチーフ,2021110123,B,202408060307
モーデン,2018100442,B,202408060307
クリノオリーブ,2021102259,B,202408060307
エブライト,2021101443,B,202408060307
ペースセッティング,2020110007,B,202408060310
ヒビキ,2020105517,B,202408060310
ナムラフランク,2019101975,C,202408060310
メイショウカズサ,2017106642,D,202408060310
エティエンヌ,2019105761,B,202408060310
スズカコテキタイ,2019105967,B,202408060310
イスラアネーロ,2019105741,B,202408060310
ドンアミティエ,2020106006,B,202408060310
ステラフィオーレ,2019100590,B,202408060310
コパノパサディナ,2020100829,B,202408060310
ゼットレヨン,2019103065,B,202408060310
コパノニコルソン,2019104116,B,202408060310
クロジシジョー,2019102238,B,202408060310
エスカル,2021110069,B,202408060310
ワールズコライド,2020110062,B,202408060310
カルロヴェローチェ,2020103434,B,202408060310
インターアーバン,2022104880,C,202408060401
ペイシャケイプ,2022104219,C,202408060401
センビトウリョウ,2022102747,B,202408060401
イヤーワーム,2022100210,B,202408060401
ダイシンリンク,2022106699,C,202408060401
ポッドドンナー,2022100018,B,202408060401
ロードフロイデ,2022100613,C,202408060401
アスゴッド,2022103704,C,202408060401
ミユンガー,2022106201,B,202408060401
タナノイナリー,2022100740,C,202408060401
ベルエアキング,2022104961,B,202408060401
メルローズ,2022106072,C,202408060401
ゼンダンスバシリ,2022103424,C,202408060401
ベルヴィオレット,2022100786,C,202408060401
ニホンピロマーベル,2022103861,B,202408060401
ショウナンアトレ,2022103909,C,202408060401
チムニートップス,2022110051,B,202408060402
ハナカホノカ,2022100187,C,202408060402
タマモジャスミン,2022103619,C,202408060402
コンテナライン,2022105954,C,202408060402
アスクコモンタレヴ,2022102303,B,202408060402
サンライズアレス,2022105967,C,202408060402
メイケイレイン,2022101043,B,202408060402
カルテシウス,2022105739,B,202408060402
クリノチャールズ,2022101440,C,202408060402
シーク,2022100785,C,202408060402
キュアフローラ,2022102191,C,202408060404
フルセンド,2022105391,B,202408060404
アスタールフナ,2022101557,B,202408060404
ラブリヴ,2022101136,C,202408060404
ブロンドエール,2022105017,B,202408060404
スノーサウンド,2022107088,C,202408060404
カネトシエテルノ,2022100167,C,202408060404
タウングー,2022102986,C,202408060404
シャンクドール,2022104060,B,202408060404
バシリス,2022106631,B,202408060404
ヒミノエトワール,2022102388,C,202408060404
フェアリアルギフト,2022104014,D,202408060404
ファンシーデイ,2022104986,C,202408060404
セカンドフラッシュ,2022106121,D,202408060404
マーブルマウンテン,2021110084,B,202408060407
サパテアール,2019102514,B,202408060407
クーアフュルスト,2021104949,D,202408060407
トゥルブレンシア,2017103184,B,202408060407
カズロレアート,2018105117,C,202408060407
スカイドゥエラー,2018100961,C,202408060407
フルングニル,2020102929,B,202408060407
オーバーザドリーム,2020105734,C,202408060407
ダブルジョーク,2020110026,B,202408060407
ルージュシュエット,2021105640,B,202408060407
パシアンジャン,2021104503,C,202408060407
コルデアニル,2020103154,C,202408060407
フォルティーナ,2020100530,C,202408060408
スマートカリス,2020101708,B,202408060408
タイセイウォリアー,2020104148,B,202408060408
スピリットワールド,2019101860,B,202408060408
シンエン,2019105359,C,202408060408
マイド,2020101879,C,202408060408
ヘルモーズ,2021105431,B,202408060408
ダノンスウィッチ,2021105598,B,202408060408
ウインアウォード,2019101479,B,202408060408
ロードオルデン,2019102656,B,202408060408
ペプチドハドソン,2020106409,B,202408060408
プロミシングスター,2021103073,B,202408060408
バックスクリーン,2019104922,D,202408060408
サイモンザナドゥ,2020104497,B,202408060410
チュウワハート,2020102964,A,202408060410
ダイメイセブン,2020101919,B,202408060410
ヘニータイフーン,2020104675,B,202408060410
クレメダンジュ,2020105627,C,202408060410
ラップスター,2020110104,B,202408060410
ボールドゾーン,2020110130,B,202408060410
メイショウコガシラ,2020100979,C,202408060410
サンライズグルーヴ,2020104793,B,202408060410
レアンダー,2021100836,B,202408060410
メイショウシナノ,2020106635,C,202408060410
オメガタキシード,2020102988,B,202408060410
リューデスハイム,2021105508,B,202408060410
マーブルロック,2020100960,B,202408060410
ジューンアレグロ,2022100377,B,202408060501
ロイヤルイブキ,2022101511,B,202408060501
レディココア,2022103658,B,202408060501
ヤマニンチェルキ,2022106610,B,202408060501
シンギタイ,2022100458,C,202408060501
モズタチアガレ,2022106010,B,202408060501
ユニークカラー,2022102556,B,202408060501
ドナポンド,2022100696,B,202408060501
モズノセイギ,2022102648,C,202408060501
ダイメイハマダ,2022104001,B,202408060501
ローレルゼロ,2022106939,B,202408060501
ベレーザフィン,2022105092,C,202408060501
ワイルドブッター,2022105077,B,202408060501
タガノテツ,2022107135,C,202408060501
ジャコドール,2022107347,C,202408060501
ルブリアン,2022106320,B,202408060501
ベイラム,2022105505,B,202408060502
ハヤテノツバサ,2022100194,B,202408060502
メイケイロゼッタ,2022105878,B,202408060502
マイユニバース,2022104902,B,202408060502
メイショウマクジキ,2022102576,C,202408060502
ラマンシュ,2022105201,C,202408060502
サマーナイト,2022104729,C,202408060502
レベッカレインボー,2022101069,B,202408060502
レアルシチー,2022101190,B,202408060502
ディオスパーダ,2022100413,C,202408060502
ロンティケチャップ,2022104106,B,202408060502
ダブルシルバー,2022101080,C,202408060503
メイショウサトノヒ,2022103634,B,202408060503
トリプレーテ,2022106722,C,202408060503
カフジアッサム,2022105881,C,202408060503
レーティッシュ,2022110152,B,202408060503
テイオームサシ,2022101936,C,202408060503
アクウィエス,2022105615,C,202408060503
スキャットメロディ,2022106134,C,202408060503
ジャスパーノベル,2022110113,B,202408060503
スノーサウンド,2022107088,C,202408060503
ミライエイゴウ,2022102133,B,202408060503
サニースマイル,2022100238,B,202408060503
ピエマンソン,2022100204,B,202408060503
ロードヴォイジャー,2022101821,B,202408060506
トリプルバレル,2022101086,B,202408060506
ジャコエンペラー,2022101979,C,202408060506
ランフォザプライド,2022105261,B,202408060506
ライジングショット,2022103202,B,202408060506
マンノミューズ,2022106518,C,202408060506
ガールクラッシュ,2022106650,C,202408060506
エフィカシー,2022101121,C,202408060506
メリッササンライズ,2022102600,B,202408060506
ゼロスネーク,2022105554,C,202408060506
ヒルノハンブルク,2022103614,A,202408060506
サトノセーブル,2022103850,B,202408060506
テイエムメープル,2022100770,C,202408060506
ウインマスカレード,2022106217,B,202408060506
イエローブリック,2022105493,C,202408060506
メイショウズイウン,2022100154,B,202408060506
トウカイエルデ,2021100365,B,202408060507
イエスウィズキャン,2020100472,C,202408060507
イーサンハンター,2021104362,B,202408060507
エンドレスロード,2019100665,C,202408060507
エフエイト,2021109016,B,202408060507
メイショウホウセン,2020106182,C,202408060507
カルパ,2021105736,B,202408060507
エコロネオ,2021110131,B,202408060507
アシャカブラン,2021105933,B,202408060507
エンブレムボム,2021110134,B,202408060507
グランデスフィーダ,2020104913,B,202408060507
クアトロジャック,2021106105,B,202408060507
ズバットマサムネ,2021105711,B,202408060507
アストラカ,2021100639,B,202408060507
レグナム,2020110152,B,202408060507
オリンポスカズマ,2020102013,B,202408060507
エンセリオ,2021100300,C,202408060508
ミヤジレガリア,2020100996,C,202408060508
フェルンマンボ,2019105975,C,202408060508
プレッジ,2020104472,B,202408060508
ウィルフルネス,2019102460,B,202408060508
メイショウポペット,2020106896,B,202408060508
ランスオブサターン,2020104772,B,202408060508
シュピカ,2018101572,B,202408060508
ウインメイフラワー,2019101930,B,202408060508
アルタビスタ,2020103579,B,202408060508
ウィンターダフネ,2020103246,C,202408060508
ハイランドリンクス,2020103595,B,202408060508
バロネッサ,2021105788,B,202408060508
オーケーカルメン,2021102380,B,202408060508
バガリーロータス,2021101602,C,202408060508
トウカイポワール,2021102389,B,202408060508
マサハヤウォルズ,2020103045,B,202408060510
キタノセレナード,2019100932,B,202408060510
リミットバスター,2020101537,B,202408060510
メイショウコジョウ,2017106319,C,202408060510
タッチャブル,2020105670,C,202408060510
カズタンジャー,2021101259,B,202408060510
テーオールビー,2021109027,B,202408060510
シュプリンガー,2019104636,C,202408060510
ミヤジシャルマン,2020101766,B,202408060510
ヒノデテイオー,2019103420,C,202408060510
メイプルタピット,2021103140,B,202408060510
ジャスパーバローズ,2020100665,B,202408060510
ダノンピーカブー,2019104769,C,202408060510
ノットイナフ,2021106625,C,202408060510
ハーバーライト,2021105477,C,202408060510
ツウカイリアル,2020104872,C,202408060510
ポッドフォルク,2022100736,B,202408060602
ジーティーダーリン,2022105710,B,202408060602
ニシノジェダイ,2022106998,B,202408060602
アスターニルギリ,2022100205,C,202408060602
ナムラクレープ,2022100145,C,202408060602
ダンツナディア,2022104183,C,202408060602
チュウジョウ,2022100255,B,202408060602
オッフェンバック,2022106815,C,202408060602
サウンドパルム,2022105332,C,202408060602
スマートラウンド,2022102059,C,202408060602
レイヤー,2022106646,C,202408060602
メイショウカジボウ,2022102554,C,202408060602
メイショウアオコチ,2022100176,B,202408060604
ディザーヴユー,2022105729,B,202408060604
キアニーナ,2022110122,B,202408060604
スーパーボルト,2022100317,C,202408060604
アースノイド,2022106262,B,202408060604
スメラギ,2022105884,B,202408060604
グランドネビュラ,2022103368,C,202408060604
クリノスペリオル,2022102115,C,202408060604
メイショウヨンク,2022103346,B,202408060604
フクノフィアーノン,2022101328,B,202408060604
シンキロウ,2022110022,C,202408060604
スレッドザニードル,2022102003,B,202408060604
カフェノワール,2020100683,B,202408060606
アナベルエクラ,2021105435,C,202408060606
ウィップスティッチ,2021105253,B,202408060606
シュテルンロット,2020102876,B,202408060606
メイショウザンゲツ,2021105939,C,202408060606
ジョニール,2021102503,C,202408060606
クリノハレルヤ,2021105068,B,202408060606
ブルーペクトライト,2020103556,B,202408060606
プウスカンドゥール,2020104791,B,202408060606
レーヴドレフォン,2021105895,C,202408060606
ヤマカツパトリシア,2017104086,B,202408060606
ロンシャンクイーン,2020103274,B,202408060606
シュニー,2020103474,C,202408060606
リヤンドメテオール,2020102961,C,202408060606
ミスキャサリン,2021102155,C,202408060606
ラピダリア,2021100652,C,202408060606
カネトシゴウト,2021100709,B,202408060607
エガオニナッテ,2021101601,B,202408060607
キャロルビアンカ,2020100719,B,202408060607
タマモキャリコ,2021103197,C,202408060607
バトンインディ,2021106359,C,202408060607
レーベンヘルツ,2021103528,B,202408060607
ビリーヴサンライズ,2021102237,C,202408060607
ケロシンドリームズ,2021100238,B,202408060607
ファイヤーウィップ,2021106003,C,202408060607
ペンナヴェローチェ,2021104092,B,202408060607
ターゲサンブルック,2019105649,C,202408060607
ダンツビガー,2020101712,B,202408060607
マジックブルー,2021103682,C,202408060607
オペラプラージュ,2021104784,B,202408060607
タキ,2021101428,C,202408060607
ムーム,2021103061,B,202408060608
サンガネーブ,2020104287,B,202408060608
アガシ,2021100653,B,202408060608
メイショウオトギ,2020102331,B,202408060608
マリブパイン,2019106239,B,202408060608
タカネノハナコサン,2020105415,B,202408060608
ミロワール,2019100566,B,202408060608
グランツベリー,2020104087,B,202408060608
ネグレスコ,2021103214,B,202408060608
カナウ,2020103419,B,202408060608
ペイシャカレン,2019100132,C,202408060608
メイショウタイゲイ,2019104169,B,202408060608
ルクスメテオール,2020102186,B,202408060608
フェンダー,2021105753,B,202408060608
ツークフォーゲル,2020105635,B,202408060608
ランウインディ,2021106305,C,202408060608
フォーチュンテラー,2019100631,C,202408060610
カズゴルティス,2021105608,B,202408060610
パーティーベル,2019104853,B,202408060610
フェルヴェンテ,2020102045,B,202408060610
インビンシブルパパ,2021110164,B,202408060610
メイショウオーギシ,2017105807,C,202408060610
イチネンエーグミ,2019106684,B,202408060610
ペプチドタイガー,2020106408,B,202408060610
インヒズアイズ,2020110147,B,202408060610
ヴィヴァン,2018102040,B,202408060610
タマモダイジョッキ,2018104332,B,202408060610
ベンダバリラビア,2020101968,C,202408060610
モズミギカタアガリ,2021102868,B,202408060610
ガラパゴス,2019102161,B,202408060610
スタードラマー,2020102238,C,202408060610
オントゥザステージ,2022101704,B,202408060701
ボヌールキャッツ,2022105124,C,202408060701
サラダ,2022100128,B,202408060701
マットーネロッソ,2022105446,C,202408060701
ミドラーシュ,2022102008,B,202408060701
デュアルロール,2022106189,B,202408060701
ウォーターアデル,2022100405,B,202408060701
バシリス,2022106631,B,202408060701
エイユージュメイラ,2022102531,B,202408060701
ベラヴィットーリア,2022105721,B,202408060701
エンジェルトリガー,2022104152,C,202408060701
ヨーグルトナン,2022100188,C,202408060701
シャインローザ,2022100646,B,202408060701
スマートシエラ,2022102055,B,202408060701
ブロンドエール,2022105017,C,202408060701
フェアリーメドウ,2022101082,B,202408060701
ジョウショーサクラ,2022106245,C,202408060702
シュパネントウィル,2022110090,B,202408060702
ドウジギリ,2022106891,B,202408060702
ネトル,2022106614,C,202408060702
ブルックリンダンス,2022105791,B,202408060702
プリスクリプション,2022105782,C,202408060702
ミンスパイ,2022104518,C,202408060702
チュウワチーフ,2022110117,B,202408060702
テクノグルーヴ,2022104148,C,202408060702
シーク,2022100785,C,202408060702
ダンスデュヴァン,2022105841,C,202408060702
テイエムトップバン,2022103761,B,202408060702
ハッピールンナ,2022101217,C,202408060702
ダシータピット,2022110049,C,202408060702
グリプトグラフィ,2022105177,B,202408060706
キタノロジック,2022101921,B,202408060706
メジャーラッシュ,2022104036,B,202408060706
ガンナール,2022106629,B,202408060706
ヤエギリ,2022110125,B,202408060706
ユウトザレン,2022101016,B,202408060706
モンサンヴデット,2022101460,B,202408060706
スマートシーカー,2022101553,B,202408060706
ジョーエルピーゾ,2022100783,B,202408060706
キンセンオー,2022101769,C,202408060706
ライラックデューン,2022101473,C,202408060706
カプシーヌ,2021102917,C,202408060707
ワキノノーブル,2021106394,B,202408060707
オコタンペ,2021105849,B,202408060707
ヘルメース,2021103710,B,202408060707
イエデゴロゴロ,2021103701,C,202408060707
サンダーバース,2021103582,C,202408060707
タミゼ,2021100650,B,202408060707
フェゲフォイア,2020106355,B,202408060707
イエスウィズキャン,2020100472,C,202408060707
ホウオウトランプ,2021105886,B,202408060707
ワンダーヘイルネス,2016102446,C,202408060707
メイショウイヌワシ,2019104100,B,202408060707
メイショウヤーキス,2021102573,B,202408060707
シャインヴィーナス,2021101279,C,202408060707
タッケンイッキ,2020104524,B,202408060707
キャンドルマス,2021101624,C,202408060707
メイショウコナン,2021103064,B,202408060708
ウォーターハウス,2020102664,C,202408060708
シャンデルナゴル,2020103193,B,202408060708
ホルトバージ,2021102905,B,202408060708
リワードファラオン,2021103385,B,202408060708
アマートカヴァロ,2020103754,C,202408060708
キングリスティア,2016106594,C,202408060708
スノーライトニング,2021105828,C,202408060708
ジュンラトゥール,2021104039,B,202408060708
ルシュヴァルドール,2021105630,B,202408060709
ファイヴレター,2017102043,B,202408060709
テーオーレガシー,2020100604,B,202408060709
オーバーザドリーム,2020105734,B,202408060709
フルングニル,2020102929,B,202408060709
コトホドサヨウニ,2021103306,B,202408060709
ティルドーン,2020110132,B,202408060709
ヘヴンリーハンド,2021106910,C,202408060709
サヴァビアン,2018103473,B,202408060709
イルミネーター,2017105895,B,202408060709
ジーニアスバローズ,2020100681,B,202408060709
サムハンター,2018105996,B,202408060709
スリリングチェイス,2020103407,B,202408060709
ショウナンアトレ,2022103909,C,202408060801
ミッキーサークル,2022103216,B,202408060801
コパノマロン,2022104326,C,202408060801
ブルドッグワイルド,2022101232,B,202408060801
コパノハーン,2022104101,C,202408060801
ファンシーデイ,2022104986,B,202408060801
カフジウヴァ,2022110050,C,202408060801
マルモリスパークル,2022100452,B,202408060801
ロードヴァルカン,2022100660,B,202408060801
リードプリンシパル,2022105748,C,202408060801
レーンアジリティ,2022107325,B,202408060801
セルズパワー,2022102052,C,202408060801
オンザブルースカイ,2022104163,B,202408060801
ホーススピリット,2022105606,B,202408060801
フェアリアルギフト,2022104014,B,202408060801
ウォーターパラディ,2022103229,B,202408060801
ザックザク,2022100476,B,202408060802
カネトシエテルノ,2022100167,C,202408060802
ダイヤノエース,2022100124,C,202408060802
アンヘリート,2022103841,C,202408060802
ブラゾンロワイヤル,2022105586,B,202408060802
ピコビジュー,2022106248,B,202408060802
トモジャイブ,2022101223,C,202408060802
マルカベント,2022105362,C,202408060802
マキシマムビスタ,2022103746,C,202408060802
ラテライト,2022105794,B,202408060802
デルマサクラサク,2022105343,C,202408060802
ディオスパーダ,2022100413,C,202408060802
ゴッドエスパーダ,2022106186,B,202408060802
サントレッダー,2022105632,B,202408060804
オレノナオミ,2022105976,C,202408060804
ダイゴセイリュウ,2022107180,C,202408060804
エンドレスバンカー,2022102860,B,202408060804
ツーピース,2022103448,C,202408060804
スマートピリカ,2022103948,C,202408060804
モメン,2022104414,C,202408060804
フォラメン,2022102640,C,202408060804
タマゴ,2022104505,C,202408060804
セボンサデッセ,2022104903,B,202408060804
クインズマカロン,2022103940,C,202408060804
クールロジック,2022102862,B,202408060804
ソルトミラクル,2022101990,C,202408060804
ブラックエトワール,2022106472,A,202408060804
ウォーターリーダー,2020100948,B,202408060805
ペネトレイトゴー,2020101916,C,202408060805
レグナム,2020110152,C,202408060805
ダノンペドロ,2020103453,B,202408060805
ワーキングアセット,2021104936,B,202408060805
ビルンバウム,2021104872,C,202408060805
メイショウトム,2021110065,C,202408060805
マテンロウタイム,2021106988,C,202408060805
キングブルー,2021104176,B,202408060805
サンライズウェーヴ,2021102221,C,202408060805
レーウィン,2021100734,B,202408060805
ボディブロー,2021110057,B,202408060805
マーベリックシチー,2021100387,B,202408060805
アイファーキャップ,2021107295,C,202408060805
シゲルオトヒメ,2019102986,C,202408060805
ヴィブラツィオーネ,2019104928,B,202408060808
ライズンシャイン,2018100421,C,202408060808
エムズマインド,2020101641,B,202408060808
ウエスタンシーズン,2021103444,B,202408060808
フォルティーナ,2020100530,B,202408060808
セミマル,2020104893,B,202408060808
マコトゴコタイ,2018100991,B,202408060808
ニシノスピカ,2019103570,B,202408060808
タガノアレハンドラ,2020105552,B,202408060808
バックトゥザライト,2020102687,B,202408060808
カリフォルニア,2021103728,B,202408060808
サウンドアレグリア,2021102079,B,202408060808
トーホウキザン,2020101764,B,202408060808
バイファーザベスト,2019109106,B,202408060808
ルアル,2019103641,C,202408060808
シャイニーズラン,2017100728,C,202408060808
シゲルバクハツ,2018103470,C,202408060809
フォーチュンテラー,2019100631,C,202408060809
キュールエフウジン,2019102983,B,202408060809
バリアントバイオ,2020101941,B,202408060809
インヒズアイズ,2020110147,C,202408060809
スマラグドス,2020102798,C,202408060809
サンライズグルーヴ,2020104793,B,202408060809
センタースリール,2019101819,B,202408060809
アオイイーグル,2020101861,B,202408060809
メイショウシナノ,2020106635,B,202408060809
ヴィアルークス,2018106815,C,202408060809
バスタードサフラン,2021106610,B,202408060809
イーサンバーニング,2019104192,B,202408060809
マリオロード,2019101198,C,202408060811
ホウオウルーレット,2019105746,B,202408060811
ディープリボーン,2020100806,B,202408060811
カフジオクタゴン,2019105656,B,202408060811
レッドランメルト,2019104981,B,202408060811
バハルダール,2019110015,B,202408060811
アルーブルト,2018100763,C,202408060811
ホールシバン,2018100664,B,202408060811
シゲルショウグン,2020101694,A,202408060811
サーマルソアリング,2020102688,B,202408060811
ザイツィンガー,2016103730,B,202408060811
エナハツホ,2019100094,C,202408060811
ビヨンドザファザー,2019101613,C,202408060811
ケイアイシェルビー,2018101739,B,202408060811
シダー,2019100177,B,202408060811
ダノンブレット,2018104665,B,202408060811
エニグマティーク,2022104676,C,202408070101
ヴァンアグレアブル,2022105058,B,202408070101
キュアフローラ,2022102191,C,202408070101
ガールクラッシュ,2022106650,C,202408070101
ツキノアカリ,2022103881,C,202408070101
テイエムメープル,2022100770,C,202408070101
ハプスブルグ,2022105826,C,202408070101
シンヒダカゴールド,2022104198,B,202408070101
キャリーグレイス,2022100091,B,202408070101
タマモジャスミン,2022103619,B,202408070101
ナムラクレープ,2022100145,C,202408070101
キミオモウハナ,2022105335,C,202408070101
バレオリア,2022105127,B,202408070101
ディンプルフェイス,2022106642,C,202408070101
ドゥドゥ,2022103196,C,202408070102
マンオブザマッチ,2022101677,C,202408070102
レインオンミー,2022104117,A,202408070102
ダイシンリンク,2022106699,B,202408070102
ワンダーブリング,2022100215,C,202408070102
スメラギ,2022105884,B,202408070102
セディバン,2022102770,B,202408070102
メイショウタイピン,2022102828,B,202408070102
マッハレイジング,2022106597,B,202408070102
ホウショウマリス,2022103047,B,202408070102
グランキングオー,2022100664,B,202408070102
アースノイド,2022106262,B,202408070102
トリプレーテ,2022106722,C,202408070102
ホウオウアーネスト,2022103548,C,202408070103
サントモナルカ,2022105795,C,202408070103
メイケイレイン,2022101043,B,202408070103
ボールドハーテッド,2022103551,D,202408070103
アイルランズコール,2022106580,B,202408070103
イエローブリック,2022105493,C,202408070103
クリノラピダス,2022109038,C,202408070103
カンタカナリート,2022105630,B,202408070103
ダイシンレアレア,2022106566,C,202408070103
エンジョイドライブ,2022102713,C,202408070103
ワンオールショット,2022103605,B,202408070103
リメンバーヒム,2022100321,C,202408070104
スキュア,2022106664,B,202408070104
マグノリアロード,2022101984,C,202408070104
スターランウェイ,2022106686,B,202408070104
クアトロフォルトナ,2022100952,B,202408070104
サウンドモリアーナ,2022102057,B,202408070104
リワードインペリオ,2022103375,B,202408070104
ライフク,2022100852,C,202408070104
ノーブルフェスタ,2022100759,C,202408070104
ショージージョ,2022104287,D,202408070104
ナリノエンブレム,2022105269,C,202408070104
タマモナポリ,2021106177,C,202408070107
ファミリーラヴ,2020110042,C,202408070107
サンデーヒーロー,2020100903,B,202408070107
ブルーワール,2021110097,B,202408070107
エスオーライジング,2021102631,C,202408070107
トモジャオッシュ,2021102618,C,202408070107
ソウルユニバンス,2017105358,B,202408070107
シャンデルナゴル,2020103193,B,202408070107
トーレ,2021103161,B,202408070107
ボックスオフィス,2021101691,B,202408070107
カネトシゴウト,2021100709,B,202408070107
エリカヴェネチア,2021110106,B,202408070107
カルパ,2021105736,B,202408070108
ウインドワンピース,2020103901,B,202408070108
モズナイスバディー,2021102845,B,202408070108
タッケンイッキ,2020104524,C,202408070108
イーサンハンター,2021104362,B,202408070108
ベレニーチェ,2021100680,C,202408070108
ウイングスオブラヴ,2019106615,B,202408070108
グランデスフィーダ,2020104913,B,202408070108
ファイヤーウィップ,2021106003,B,202408070108
ケイエイト,2020103673,C,202408070108
ブーヤカ,2021105211,B,202408070108
ウィルソンウェイ,2021101688,C,202408070108
ナゲットモンスター,2020103339,B,202408070108
ディーノサンライズ,2021101289,B,202408070108
テーオードラッカー,2021102244,B,202408070108
フラップシグナス,2019104660,B,202408070110
ペプチドヤマト,2019103605,C,202408070110
アイファーシアトル,2020107113,C,202408070110
カネコメシスター,2019101055,B,202408070110
カミーロ,2020102027,B,202408070110
ダイリュウホマレ,2020104046,B,202408070110
コパノハンプトン,2020104679,C,202408070110
ハンベルジャイト,2020103367,B,202408070110
ドンレパルス,2019100553,B,202408070110
ジュストコル,2018110001,B,202408070110
ケイアイアニラ,2020104228,B,202408070110
ジョーローリット,2021100768,B,202408070110
エコロガイア,2021110056,B,202408070110
オーガスタスカイ,2019105161,C,202408070110
マルカラピッド,2020102776,B,202408070110
カフジエニアゴン,2019102753,B,202408070110
ブルドッグワイルド,2022101232,C,202408070201
グレイスフルマーチ,2022101044,C,202408070201
スキャットメロディ,2022106134,B,202408070201
スレッドザニードル,2022102003,C,202408070201
テーオーヴァルナイ,2022102210,C,202408070201
タガノテツ,2022107135,C,202408070201
アイファーモービル,2022101117,B,202408070201
セカンドフラッシュ,2022106121,B,202408070201
ニシノオーブ,2022102705,C,202408070201
コパノジェームス,2022100287,C,202408070201
ロイヤルイブキ,2022101511,C,202408070201
ペイシャケイプ,2022104219,B,202408070201
レディココア,2022103658,C,202408070201
モズノセイギ,2022102648,C,202408070201
ミキノバカラ,2022102594,C,202408070201
タイセイバンクール,2022104404,B,202408070206
クラヴィウス,2022103628,B,202408070206
エルピーゾ,2022104021,C,202408070206
ニホンピロカミーノ,2022103862,B,202408070206
ジンガブリッツ,2022103037,C,202408070206
ソニックステップ,2022104854,B,202408070206
シュドゥン,2022105716,C,202408070206
ソアラ,2020105897,C,202408070207
ピリー,2021100526,B,202408070207
エピファドール,2021102710,B,202408070207
アイスリンディ,2021103575,C,202408070207
セットリスト,2019105271,C,202408070207
ランスオブセヘル,2021102754,B,202408070207
カルネヴァーレ,2021103720,B,202408070207
ディアマンドロップ,2021103545,B,202408070207
ゴッドカインド,2021106150,C,202408070207
チアフルヴォイス,2021101634,B,202408070207
アムールリーベ,2021105659,B,202408070207
モイラ,2021103300,C,202408070207
ワイノナオミ,2021105973,B,202408070207
ペレグリン,2021100906,B,202408070207
サラサハウプリティ,2020104126,B,202408070208
ワーズワース,2018104030,C,202408070208
レオスパーク,2021102658,B,202408070208
シンゼンイズモ,2020102993,C,202408070208
ロードオルデン,2019102656,B,202408070208
タイセイウォリアー,2020104148,B,202408070208
アストラカ,2021100639,B,202408070208
ペプチドハドソン,2020106409,B,202408070208
サザーランド,2020101575,B,202408070208
ジャーヴィス,2020103902,C,202408070208
マイド,2020101879,B,202408070208
フェンダー,2021105753,C,202408070208
ミロワール,2019100566,B,202408070208
コブラ,2019102654,B,202408070208
ケンキョ,2020105949,C,202408070208
ベルシャンソン,2020103888,B,202408070208
エアサンサーラ,2021110159,B,202408070209
サンライズパスカル,2020102343,B,202408070209
グーヴェルナイユ,2021106612,B,202408070209
ルーパステソーロ,2018100995,C,202408070209
トゥルブレンシア,2017103184,C,202408070209
ウインメイフラワー,2019101930,C,202408070209
メジャークオリティ,2019104913,B,202408070209
キタノセレナード,2019100932,C,202408070209
ヒノデテイオー,2019103420,C,202408070209
アセレラシオン,2021106689,B,202408070209
エスシーヤマト,2021100845,C,202408070209
マルモリスペシャル,2019100252,B,202408070211
テイエムリステット,2021103725,B,202408070211
メイショウテンスイ,2017106084,B,202408070211
ベルダーイメル,2017101380,B,202408070211
パウオレ,2019100242,B,202408070211
ロードヴァレンチ,2019103507,C,202408070211
シゲルホサヤク,2018103362,C,202408070211
ピアシック,2016110131,C,202408070211
アッティーヴォ,2014104716,B,202408070211
アルファマム,2019103529,B,202408070211
エクロジャイト,2020103295,C,202408070211
ウェイワードアクト,2020110024,B,202408070211
アーバンイェーガー,2014102562,C,202408070211
ロードアウォード,2020100162,B,202408070211
サンライズジーク,2020103039,B,202408070211
カズプレスト,2019102869,B,202408070211
ヒミノエトワール,2022102388,B,202408070301
ドクターサクラ,2022100847,C,202408070301
インピッシュ,2022103469,C,202408070301
マーゴットジェム,2022104551,B,202408070301
ベレーザフィン,2022105092,B,202408070301
ナリタヒカリ,2022102739,D,202408070301
サラダ,2022100128,C,202408070301
ウィッシュソング,2022101178,B,202408070301
アイドルアイズ,2022104653,C,202408070301
モメン,2022104414,B,202408070301
ベルシエル,2022100965,C,202408070301
ボヌールキャッツ,2022105124,B,202408070301
ルジャーダ,2022106649,B,202408070301
ポッドフォルク,2022100736,B,202408070302
セイフウサツキ,2022101461,B,202408070302
キンセンオー,2022101769,B,202408070302
スーパージョック,2022103733,B,202408070302
キタノロジック,2022101921,C,202408070302
ベンガルバローズ,2022103279,B,202408070302
カナルビーグル,2022104877,B,202408070302
ワンダーブリング,2022100215,C,202408070303
テーオーテバルディ,2022102208,B,202408070303
ビーアイフォルテ,2022104515,C,202408070303
モーリシャスアロマ,2022104603,B,202408070303
フェリスチカ,2022102602,B,202408070303
ピーチマカロン,2022103898,C,202408070303
フクノフィアーノン,2022101328,B,202408070303
ロードヴァルカン,2022100660,B,202408070303
ダストボウル,2022102389,C,202408070303
マルモリスパークル,2022100452,B,202408070303
メイショウヨンク,2022103346,C,202408070303
コパノハーン,2022104101,C,202408070303
ドナポンド,2022100696,B,202408070303
ピースシャイニー,2022106509,C,202408070303
サンディエゴ,2022104982,B,202408070306
メイショウゲキハ,2022102563,B,202408070306
コパノディラン,2022104307,B,202408070306
アニュスノーバス,2022100972,C,202408070306
メイショウアイナ,2022110133,B,202408070306
オーレアミスト,2022104841,B,202408070306
ロッシニアーナ,2022110120,B,202408070306
アドバンスオーセン,2022110086,C,202408070306
グランドプラージュ,2022105722,B,202408070306
メイショウヤーキス,2021102573,C,202408070308
タイセイアレス,2021105333,C,202408070308
イナフセド,2020101833,B,202408070308
モーデン,2018100442,C,202408070308
ジュエルドレーサー,2021100478,B,202408070308
ゴイゴイスー,2018103388,C,202408070308
ビバップ,2021102700,C,202408070308
セールヴォラン,2021101057,C,202408070308
ローガンパス,2021105677,B,202408070308
ボブズヤアンクル,2019110026,B,202408070308
オコタンペ,2021105849,B,202408070308
プロテア,2020104206,B,202408070308
グレアミラージュ,2017100426,C,202408070308
オペラプラージュ,2021104784,A,202408070310
スカイドゥエラー,2018100961,C,202408070310
ジョータルマエ,2020100771,B,202408070310
タッチャブル,2020105670,C,202408070310
ロードクロンヌ,2021100169,C,202408070310
タイガースパーク,2020104561,B,202408070310
キングダムウイナー,2017105224,B,202408070310
サイモンルモンド,2017106722,D,202408070310
ダディーズトリップ,2016100126,B,202408070310
クールブロン,2020102724,B,202408070310
キュピドン,2020110065,B,202408070310
イルミネーター,2017105895,C,202408070310
シュプリンガー,2019104636,B,202408070310
フォーワンセルフ,2019102163,C,202408070310
アメリカンクール,2022110103,B,202408070401
メイショウサトノヒ,2022103634,B,202408070401
キタノボンボヤージ,2022100556,B,202408070401
セルズパワー,2022102052,C,202408070401
キャットデイ,2022110124,B,202408070401
ベルジュロネット,2022106658,B,202408070401
ニシノジェダイ,2022106998,B,202408070401
コパノマロン,2022104326,C,202408070401
ルーティーン,2022100248,B,202408070401
クールロジック,2022102862,C,202408070401
イマージョン,2022104600,B,202408070401
マーウォルス,2022102394,C,202408070402
バッドガール,2022103737,B,202408070402
ラマンシュ,2022105201,C,202408070402
ガンナール,2022106629,B,202408070402
ダイゴセイリュウ,2022107180,C,202408070402
ザイル,2022100100,B,202408070402
ダンツアトム,2022103175,C,202408070402
ジャコエンペラー,2022101979,C,202408070402
アーバンキング,2022101650,B,202408070402
レアルシチー,2022101190,B,202408070402
ホワイトアッシュ,2022100882,C,202408070402
サトノセーブル,2022103850,C,202408070402
メイショウクレピス,2022105622,B,202408070404
エスシーレベッカ,2022100304,B,202408070404
ヤマニンレセディ,2022106605,B,202408070404
サンスノーホワイト,2022101331,C,202408070404
スフレ,2022104305,C,202408070404
ブテラ,2022103224,C,202408070404
シャインステラ,2022102608,D,202408070404
トップレディー,2022104408,B,202408070404
オースミライト,2022103610,B,202408070404
イーサンペガサス,2022107199,C,202408070404
ライクアカプチーノ,2022102357,B,202408070404
ヤマニンバロネス,2022106609,B,202408070404
アオイレーギーナ,2022102939,C,202408070404
スマートイザナミ,2022102035,C,202408070404
プリマドンナアスク,2022104435,B,202408070404
テイエムドリーマー,2022106379,C,202408070404
レーンアジリティ,2022107325,B,202408070406
フェニーチェドーロ,2022101408,B,202408070406
シャインミラカナ,2022104411,C,202408070406
ヤマニンチェルキ,2022106610,B,202408070406
フェデラー,2022103211,B,202408070406
ゼンダンタカ,2022106187,B,202408070406
サニーサルサ,2022105407,B,202408070406
モカラマーズ,2022103609,B,202408070406
ジャスパーソレイユ,2022110111,B,202408070406
アメリカンステージ,2022110105,A,202408070406
テイエムシップ,2019107031,B,202408070407
ショーケン,2020103997,C,202408070407
ペロ,2021103283,B,202408070407
キングツェッペリン,2021106521,C,202408070407
ガウロン,2020105873,C,202408070407
ダノンケイツー,2021103223,B,202408070407
ジュンラトゥール,2021104039,B,202408070407
レーウィン,2021100734,B,202408070407
ティエラサンタ,2020102658,C,202408070407
リネアグローリア,2021106757,B,202408070407
ノボリショウリュウ,2021102718,C,202408070408
ブライトルピナス,2021103598,B,202408070408
ブルーノート,2019100871,C,202408070408
スターペスカオリ,2020105929,C,202408070408
クリノオリーブ,2021102259,B,202408070408
アガシ,2021100653,B,202408070408
メイショウタイゲイ,2019104169,B,202408070408
ゴキゲンサン,2020106623,C,202408070408
ヴィアドロローサ,2019101679,C,202408070408
ヘルメース,2021103710,B,202408070408
ノットファウンド,2020103462,B,202408070408
アマルナ,2020110079,B,202408070408
マリブパイン,2019106239,B,202408070408
テイエムヒショウ,2020101216,B,202408070408
プレヴィスト,2021101406,B,202408070408
マーブルロック,2020100960,B,202408070410
ダイメイセブン,2020101919,C,202408070410
マオノアラシ,2020100850,C,202408070410
テリフィックプラン,2021110127,B,202408070410
マイネルクロンヌ,2017102952,C,202408070410
ネッケツシャチョウ,2020105954,B,202408070410
イーサンバーニング,2019104192,C,202408070410
ムルソー,2021103020,B,202408070410
レアンダー,2021100836,B,202408070410
ダスク,2020106953,C,202408070410
リードプリンシパル,2022105748,B,202408070501
サマーブライド,2022104090,C,202408070501
メイショウアオコチ,2022100176,C,202408070501
ブルドッグワイルド,2022101232,C,202408070501
リノベーション,2022101503,,202408070501
ショウナンアトレ,2022103909,B,202408070501
キャリーグレイス,2022100091,C,202408070501
ミキノバカラ,2022102594,B,202408070501
サウンドモリアーナ,2022102057,C,202408070501
コルネイユドール,2022103488,B,202408070501
アースノイド,2022106262,C,202408070501
テイエムダイスター,2022103744,C,202408070501
ビービープリメーロ,2022102419,C,202408070501
カフェロワイヤル,2022106717,B,202408070501
タガノテツ,2022107135,B,202408070501
コパノオーランド,2022102376,C,202408070502
グティ,2022105036,B,202408070502
ノボリユーミン,2022102733,B,202408070502
シュガープリンセス,2022107296,,202408070502
サントモナルカ,2022105795,C,202408070502
サイモンシュバリエ,2022102223,C,202408070502
スメラギ,2022105884,B,202408070502
トモジャイブ,2022101223,C,202408070502
グレイトフルトップ,2022107140,,202408070502
ポルトセグロ,2022101957,B,202408070502
テクノグルーヴ,2022104148,C,202408070502
ヒフミバンダム,2022103446,C,202408070502
アツィオーネ,2022102881,B,202408070506
ダンツリーザ,2022107003,C,202408070506
トーアグッドラック,2022105906,C,202408070506
ライブリキングダム,2022109082,C,202408070506
ロマンティー,2022100873,C,202408070506
カラーズリング,2022109028,C,202408070506
ペイシャヴァルツー,2022104216,B,202408070506
タイムイズマネー,2022104022,B,202408070506
モズボーン,2022101773,C,202408070506
グルナルーフス,2022103012,C,202408070506
スマートジュディ,2022101824,C,202408070506
モズケイスター,2022102127,C,202408070506
ベルトネ,2022101722,C,202408070506
ランドブレイブ,2022106943,C,202408070506
タガノエクレール,2021106540,C,202408070508
ウインドワンピース,2020103901,B,202408070508
テイエムシップ,2019107031,B,202408070508
ソルアマゾン,2021104667,B,202408070508
タナバタ,2021105969,C,202408070508
メイショウトム,2021110065,C,202408070508
カネトシゴウト,2021100709,B,202408070508
マリオンエール,2018101371,C,202408070508
キタサンシデン,2021107047,B,202408070508
ワープエンジン,2021102579,C,202408070508
ペネトレイトゴー,2020101916,B,202408070508
バトンインディ,2021106359,C,202408070508
マテンロウタイム,2021106988,B,202408070508
パカーラン,2021105073,B,202408070508
ボディブロー,2021110057,B,202408070508
グディンナ,2021102162,B,202408070508
アポロプラネット,2019101264,B,202408070509
エブリモーメント,2021104649,B,202408070509
メイショウミシガン,2021105328,B,202408070509
ルクスメテオール,2020102186,B,202408070509
ヴェラリーシャ,2021103172,B,202408070509
パドマ,2021102953,A,202408070509
ルアル,2019103641,C,202408070509
ジューンアース,2020100702,B,202408070509
サンガネーブ,2020104287,B,202408070509
ムーム,2021103061,C,202408070509
スペシャルナンバー,2019103825,B,202408070509
モンドプリューム,2020103876,C,202408070509
ペプチドシュチク,2021102735,B,202408070509
モイラ,2021103300,B,202408070509
クルールデュヴァン,2019105379,B,202408070509
フレイミングパイ,2021106936,C,202408070509
ミヤジレガリア,2020100996,B,202408070510
クリニクラウン,2020100934,D,202408070510
ミッキーマカロン,2020103403,B,202408070510
テーオールビー,2021109027,B,202408070510
ピジョンブラッド,2019100625,C,202408070510
チカミリオン,2021103225,B,202408070510
ラヴオントップ,2021104399,C,202408070510
ルナビス,2020106579,B,202408070510
ネバーモア,2021100294,B,202408070510
サルサディーバ,2019104461,C,202408070510
ゼットレジーナ,2021105919,B,202408070510
ウインメイフラワー,2019101930,B,202408070510
ハッピールンナ,2022101217,C,202408070601
コリエドール,2022102355,C,202408070601
テイエムトップバン,2022103761,C,202408070601
ドゥラリス,2022102885,B,202408070601
キミオモウハナ,2022105335,C,202408070601
バレオリア,2022105127,B,202408070601
メレサンク,2022105168,B,202408070601
メリッササンライズ,2022102600,B,202408070601
グラブビクトリー,2022103064,C,202408070601
ラテライト,2022105794,C,202408070601
サトノスピカ,2022103208,B,202408070601
カレンスカーレル,2022105804,B,202408070601
ツキノアカリ,2022103881,C,202408070601
シホノペルフェット,2022104627,B,202408070602
イサチルカムカム,2022102698,B,202408070602
コパノジェームス,2022100287,C,202408070602
マッハレイジング,2022106597,B,202408070602
レイリースピリット,2022103944,C,202408070602
リメンバーヒム,2022100321,C,202408070602
アルピナセブン,2022101125,B,202408070602
グランキングオー,2022100664,B,202408070602
スティルシャイニン,2022103884,C,202408070602
ナムラブルータス,2022100144,B,202408070602
ケイアイブイスリー,2022106583,B,202408070602
メイショウタイピン,2022102828,B,202408070602
ワウワウワウ,2022106716,C,202408070602
モンテディアーナ,2022104597,B,202408070602
ワイドレッド,2022100109,C,202408070602
アスゴッド,2022103704,B,202408070602
ルージュキャルト,2022102945,B,202408070603
モルテンコア,2022101659,C,202408070603
カンタベリーバイク,2022105947,D,202408070603
セイノスケ,2022103814,C,202408070603
アライアンスデイ,2022101276,C,202408070603
シャドーストライク,2022101273,C,202408070603
レインオンミー,2022104117,C,202408070603
サマーナイト,2022104729,B,202408070603
ピコビジュー,2022106248,B,202408070603
チュウワチーフ,2022110117,B,202408070603
キタノロジック,2022101921,C,202408070603
ペプチドシナノ,2022101958,B,202408070603
コパノディラン,2022104307,C,202408070603
ロードヴォイジャー,2022101821,B,202408070603
アンデルマット,2022105193,B,202408070606
ワイドデコラシオン,2022103306,B,202408070606
ハグ,2022106925,B,202408070606
ドナコルコバド,2022101862,B,202408070606
オリビアサンライズ,2022103123,C,202408070606
ベルレオーネ,2022103369,C,202408070606
ボンショワ,2022103618,C,202408070606
フィオーレ,2022104038,C,202408070606
ショーダンサー,2022105885,C,202408070606
タマモスノーダンス,2022104513,C,202408070606
ルヴァンユニベール,2022103941,B,202408070606
メイショウソウセキ,2022103255,B,202408070606
タガノマルアフ,2022107133,B,202408070606
メイショウアイル,2022102573,B,202408070606
トラスティソード,2022104125,B,202408070606
ミラクルボーン,2022102914,C,202408070606
ポジティブガール,2019102229,B,202408070607
アシャカブラン,2021105933,C,202408070607
ハリウッドブルース,2021104514,B,202408070607
ヴォルスター,2021100677,C,202408070607
フェゲフォイア,2020106355,B,202408070607
ジョウゲンノツキ,2021102755,B,202408070607
ペプチドヒナタ,2021101240,C,202408070607
ルクスマーベリック,2021104105,B,202408070607
フリースタイル,2020104559,B,202408070607
ピストンボーイ,2021105447,B,202408070607
アンナバローズ,2021103291,B,202408070607
モラトリアム,2018103125,C,202408070607
クインズエルサ,2020106722,B,202408070607
レディマリオン,2021105752,B,202408070607
アイファーファイト,2019101233,B,202408070607
ベレニーチェ,2021100680,C,202408070607
エクストラノート,2017103267,C,202408070609
ウイニンググレイス,2020107143,B,202408070609
キャピタルサックス,2021106706,B,202408070609
パーサヴィアランス,2019105330,C,202408070609
コトホドサヨウニ,2021103306,B,202408070609
ジーニアスバローズ,2020100681,B,202408070609
オウギノカナメ,2020106873,B,202408070609
ヒルズカーン,2020106166,C,202408070609
タイガースパーク,2020104561,B,202408070609
スリリングチェイス,2020103407,B,202408070609
メジャークオリティ,2019104913,B,202408070609
ナスティウェザー,2021101703,C,202408070610
ストレングス,2021106658,B,202408070610
リッキーマジック,2019106513,C,202408070610
モズミギカタアガリ,2021102868,B,202408070610
マルカラピッド,2020102776,B,202408070610
エメラルドビーチ,2020110055,B,202408070610
アウグスト,2019100284,B,202408070610
テイエムランウェイ,2019106632,B,202408070610
フームスムート,2017104238,C,202408070610
エイシンレジューム,2020106518,B,202408070610
フェルヴェンテ,2020102045,B,202408070610
ハギノモーリス,2019100652,B,202408070610
ジャーヴィス,2020103902,B,202408070610
ガンウルフ,2020110120,B,202408070610
ドグマ,2019102522,C,202408070610
ヴィヴァン,2018102040,B,202408070610
ブラックレーション,2022103999,B,202408070701
ウインエンデバー,2022106042,B,202408070701
ロングロングロング,2022103916,B,202408070701
アスターシッキム,2022104923,C,202408070701
レッドボブ,2022105055,B,202408070701
バントック,2022102903,C,202408070701
レアルシチー,2022101190,B,202408070701
フロンティエール,2022105012,B,202408070701
メイショウスゴウデ,2022102548,C,202408070701
アルムウーリエ,2022106563,B,202408070701
ダノンヴェステル,2022103242,B,202408070701
サンライズジュピタ,2022103307,C,202408070701
サンディエゴ,2022104982,C,202408070701
ケングロリア,2022100149,C,202408070701
シュドゥン,2022105716,B,202408070701
クリノラピダス,2022109038,C,202408070701
ワンダーブリング,2022100215,C,202408070702
サファリ,2022102800,C,202408070702
ゴームズ,2022103701,B,202408070702
イーサンペガサス,2022107199,C,202408070702
イマージョン,2022104600,A,202408070702
リアルクィーン,2022107288,B,202408070702
ローレルゼロ,2022106939,C,202408070702
アジアンテーラー,2022103080,B,202408070702
テイエムバゴオウ,2022103749,B,202408070702
アイファーモービル,2022101117,C,202408070702
セカンドフラッシュ,2022106121,C,202408070702
サマーエンジェル,2022103165,B,202408070702
ヴェントインコーダ,2022103195,B,202408070702
モンスター,2022100739,C,202408070702
ドナポンド,2022100696,B,202408070702
アスコットアイ,2022103485,B,202408070702
ロードシュヴァリエ,2022102639,B,202408070703
ルセルマンダムール,2022105726,C,202408070703
イダイ,2022106680,B,202408070703
ダイシンレアレア,2022106566,B,202408070703
モズフェスティバル,2022102282,B,202408070703
ノボリディアマン,2022105436,C,202408070703
エイユーサブリナ,2022106852,C,202408070703
サンズ,2022103378,B,202408070703
メイショウズイウン,2022100154,B,202408070703
ジーティーアメリカ,2022104654,B,202408070703
イージーゴーイング,2022103087,B,202408070703
クナウティア,2022106638,B,202408070703
ダイヤノエース,2022100124,B,202408070703
シナモンショコラ,2022104461,C,202408070703
エポエポサン,2022104636,B,202408070703
オドラニャソンソン,2022102756,C,202408070703
マダムイグレイン,2022100203,B,202408070706
チームビルディング,2022106636,B,202408070706
ベラジオルークン,2022100107,C,202408070706
ナタリア,2022105066,B,202408070706
タマモマサユメ,2022107127,B,202408070706
リドルトリガー,2022110068,C,202408070706
ダンツトラバース,2022100021,B,202408070706
クリノスワロー,2022103798,B,202408070706
マリノドゥードゥー,2022101292,C,202408070706
テットドール,2022104966,B,202408070706
キタノブリッジ,2022100733,C,202408070706
ハギノヴェルドン,2022106651,C,202408070706
ファイブエム,2022100635,B,202408070706
トウタツ,2022102508,C,202408070706
ディープオーシャン,2022106916,B,202408070706
ジュテームダコール,2022103772,B,202408070706
リノアラ,2019101620,C,202408070707
ヒヒーン,2021105394,B,202408070707
ヤエベニシダレ,2020101077,B,202408070707
タマモネモフィラ,2020103991,C,202408070707
ディーノサンライズ,2021101289,B,202408070707
タマモナポリ,2021106177,B,202408070707
ウェイトゥゴー,2021104413,B,202408070707
タガノエリザベス,2020106035,B,202408070707
ルージュランブル,2021105052,B,202408070707
コーラルハート,2021101426,B,202408070707
ウィズダムハート,2020103365,C,202408070707
ロスティチェーレ,2020102919,B,202408070707
ブルーペクトライト,2020103556,B,202408070707
プルーヴンウィナー,2021104780,B,202408070707
セレスティアリティ,2020103209,B,202408070707
ハイクライテリア,2020102910,C,202408070708
メイショウマジック,2020106995,B,202408070708
テーオードラッカー,2021102244,B,202408070708
アメリカンチーフ,2021110123,C,202408070708
ビダーヤ,2021105537,B,202408070708
パトジュニア,2021110135,C,202408070708
イナウィンク,2020100800,C,202408070708
ツッチーフェイス,2019100249,B,202408070708
ベルダイナフェロー,2021102982,B,202408070708
ウィービースティ,2020104768,B,202408070708
ローガンパス,2021105677,B,202408070708
ランスオブセヘル,2021102754,B,202408070708
ピストンボーイ,2021105447,B,202408070708
メティエダール,2021110072,B,202408070708
バレル,2019102672,B,202408070708
サリュエ,2021101650,B,202408070708
モンブランミノル,2021100838,B,202408070710
カネトシブルーム,2019106475,B,202408070710
アオイイーグル,2020101861,B,202408070710
レディーシス,2019106868,C,202408070710
メイプルタピット,2021103140,C,202408070710
バリアントバイオ,2020101941,B,202408070710
ニホンピロハーバー,2018103828,C,202408070710
サンライズパスカル,2020102343,B,202408070710
キュールエフウジン,2019102983,B,202408070710
ラップスター,2020110104,B,202408070710
ヴィンテージボンド,2019105095,B,202408070710
リバートゥルー,2020102703,B,202408070710
マーブルロック,2020100960,B,202408070710
ロードトラスト,2020106936,C,202408070710
ルシュヴァルドール,2021105630,B,202408070710
レッドプロフェシー,2020101579,B,202408070710
トゥルプ,2022106318,B,202408070801
ゴルティス,2022107239,C,202408070801
インマイブラッド,2022104165,B,202408070801
ナリタヒカリ,2022102739,C,202408070801
ライツユーアップ,2022103527,B,202408070801
ピリナマアナ,2022106661,B,202408070801
バシリス,2022106631,B,202408070801
トップレディー,2022104408,B,202408070801
タガノキャロル,2022106552,C,202408070801
セレジェイラ,2022105774,B,202408070801
アイドルアイズ,2022104653,C,202408070801
オリージネアリア,2022101068,B,202408070801
チムニーパイプ,2022101656,C,202408070801
ホウショウマリス,2022103047,B,202408070801
バストス,2022102919,C,202408070801
スマートイザナミ,2022102035,B,202408070801
テルアスワッド,2022105486,C,202408070804
オーラエグザート,2022100158,B,202408070804
フィルン,2022100787,C,202408070804
フラッシュケリー,2022104508,B,202408070804
ヴォルオヴァン,2022103563,C,202408070804
タイセイドラード,2022105075,B,202408070804
エイシンガウディ,2022102616,B,202408070804
セイルフリー,2022104913,C,202408070804
テルバスタ,2022104566,B,202408070804
バイマイセルフ,2022102285,B,202408070804
イフリーティア,2022103649,C,202408070804
コンドゥイア,2022100201,B,202408070804
グランスターオー,2022102534,B,202408070804
ヨシノヤッタルデー,2021102336,B,202408070807
ブルスケッタ,2021100410,C,202408070807
ルージュルミナス,2019105232,B,202408070807
プロテア,2020104206,B,202408070807
ワイノナオミ,2021105973,B,202408070807
フルオブプレイズ,2020105881,B,202408070807
イロハニホ,2021107019,C,202408070807
ニホンピロカラット,2021103842,B,202408070807
オコタンペ,2021105849,B,202408070807
セールヴォラン,2021101057,C,202408070807
ゴッドカインド,2021106150,B,202408070807
ロードドミニオン,2017103656,B,202408070807
ヤマカツパトリシア,2017104086,B,202408070807
ゴイゴイスー,2018103388,B,202408070807
フェリーニ,2021105862,B,202408070807
トモジャアルマンド,2017103155,B,202408070807
サクハル,2019103556,B,202408070808
コパノマイアミ,2021106191,B,202408070808
トーセンサウダージ,2020102468,C,202408070808
アストラカ,2021100639,B,202408070808
セミマル,2020104893,B,202408070808
バックトゥザライト,2020102687,D,202408070808
プロミシングスター,2021103073,B,202408070808
ダノンスウィッチ,2021105598,B,202408070808
スマートビクター,2019102202,C,202408070808
スターペスカオリ,2020105929,C,202408070808
エヴィダンシア,2019106932,B,202408070808
ピースキーパー,2019106028,B,202408070808
プロトポロス,2020103325,C,202408070808
ヒルノピレネー,2020100673,B,202408070808
ルージュスタニング,2021105775,C,202408070808
ライズンシャイン,2018100421,C,202408070808
リミットバスター,2020101537,D,202408070809
ジョータルマエ,2020100771,B,202408070809
サトノトルネード,2020103463,B,202408070809
トゥルブレンシア,2017103184,B,202408070809
クールブロン,2020102724,B,202408070809
アルベリック,2021101554,C,202408070809
デルマアートマン,2021104992,C,202408070809
ユメハハテシナク,2020106399,B,202408070809
ジャスパーバローズ,2020100665,C,202408070809
サンライズゴラッソ,2018100390,B,202408070809
スカイドゥエラー,2018100961,B,202408070809
グーヴェルナイユ,2021106612,B,202408070809
タンゴバイラリン,2021105272,B,202408070809
ケイアイメキラ,2020104215,B,202408070809
ミューオン,2019102694,B,202408070809
グレン,2020110151,C,202408070809
ハチメンロッピ,2020106756,B,202408070811
ジョーローリット,2021100768,B,202408070811
エーティーマクフィ,2019105859,B,202408070811
ボナンザ,2020101292,B,202408070811
ロードラディウス,2020100168,B,202408070811
オメガシンフォニー,2020103892,B,202408070811
パラシュラーマ,2020105622,B,202408070811
スターターン,2021104991,B,202408070811
メズメライザー,2019101894,C,202408070811
クリノマジン,2019102576,B,202408070811
ドンアミティエ,2020106006,B,202408070811
エランティス,2020104429,A,202408070811
カルネアサーダ,2019104841,B,202408070811
ジャングロ,2019110105,C,202408070811
ファーンヒル,2019106293,B,202408070811
ダノンセシボン,2020101633,A,202408070811
テーオートムソン,2022103210,B,202408070901
マルモジーニー,2022102654,B,202408070901
アルデフォックス,2022110091,C,202408070901
サンライズブレイク,2022101396,B,202408070901
ユウェンタース,2022103515,C,202408070901
コーラルクラウン,2022105094,B,202408070901
アイルビリーヴ,2022103176,B,202408070901
アスゴッド,2022103704,B,202408070901
ダイシンリンク,2022106699,B,202408070901
ジュエルハウス,2022103150,A,202408070901
スリーレジェンド,2022103602,C,202408070901
キーブリーゼ,2022102564,B,202408070901
ルルーディ,2022100883,C,202408070901
シオーグ,2022110079,B,202408070901
ソードナイト,2022102650,B,202408070901
セガンティーニ,2022106835,C,202408070901
ノーランサンライズ,2022102219,C,202408070902
ニホンピロカミーノ,2022103862,C,202408070902
コリカンチャ,2022104623,C,202408070902
ピストルスター,2022106937,B,202408070902
フェスティーヴォ,2022106506,C,202408070902
メイショウアイナ,2022110133,B,202408070902
ダノンジャガー,2022104717,B,202408070902
シャインバオバブ,2022106180,C,202408070902
テンダリー,2022104827,C,202408070902
シュタールペスカ,2022104438,B,202408070902
キンセンオー,2022101769,C,202408070902
エンマ,2022102956,B,202408070902
テイエムヘルメット,2022103780,C,202408070902
ロックウイズユー,2022103143,B,202408070902
タケルハーロック,2022100333,B,202408070902
テルアスワッド,2022105486,B,202408070902
ヤングアメリカンズ,2022104311,B,202408070906
ゴッドエスパーダ,2022106186,B,202408070906
シーソーゲーム,2022110145,B,202408070906
カナルビーグル,2022104877,B,202408070906
シホノペルフェット,2022104627,B,202408070906
サンダーロード,2022102966,B,202408070906
ステイクオール,2022105848,B,202408070906
ヴィリアリート,2022105853,B,202408070906
エンペラーズソード,2022106691,B,202408070906
スマートシーカー,2022101553,B,202408070906
アレスグート,2022101095,B,202408070906
タイセイレグノ,2022101403,B,202408070906
オリーブグリーン,2022105694,B,202408070906
ホウオウバローロ,2021105772,B,202408070908
ショーケン,2020103997,B,202408070908
テンエースワン,2021105637,C,202408070908
ペンナヴェローチェ,2021104092,B,202408070908
ヴィアダクト,2021105142,B,202408070908
アドマイヤソラ,2020103212,B,202408070908
セブンスストリート,2020101594,C,202408070908
ジャスパーワールド,2020110107,B,202408070908
スマートリアファル,2021102083,B,202408070908
アレンテージョ,2020102539,B,202408070908
タカサンフェイス,2020101913,C,202408070908
エンブレムボム,2021110134,B,202408070908
アルゴナヴィス,2021105750,B,202408070908
ミントマーク,2020103731,B,202408070908
ラファミリア,2021105348,B,202408070908
アンバードール,2021104448,B,202408070908
シンゼンイズモ,2020102993,B,202408070909
サラサハウプリティ,2020104126,C,202408070909
レッドダンルース,2020103189,B,202408070909
プロミシングスター,2021103073,B,202408070909
リジル,2021101457,B,202408070909
クリノキングマン,2021101431,B,202408070909
モズナイスバディー,2021102845,B,202408070909
シャープソーン,2020101853,B,202408070909
エアメテオラ,2020110118,B,202408070909
ニシキギミッチー,2020105144,B,202408070909
アガシ,2021100653,B,202408070909
アルシオーネ,2018106561,B,202408070909
エムズマインド,2020101641,B,202408070909
アンジュフィールド,2020101582,B,202408070909
リュクスウォリアー,2017100447,B,202408070909
ミスヨコハマ,2020103634,B,202408070909
アルムブラーヴ,2019100551,B,202408070911
ホウオウルーレット,2019105746,B,202408070911
ミトノオー,2020100273,B,202408070911
ダンテバローズ,2020104661,C,202408070911
バハルダール,2019110015,B,202408070911
フォーチュンテラー,2019100631,B,202408070911
ダンツキャッスル,2016101093,B,202408070911
ハピ,2019100630,B,202408070911
タイセイドレフォン,2019105308,C,202408070911
フリームファクシ,2020103661,B,202408070911
デリカダ,2019106929,B,202408070911
サンライズアリオン,2019103419,B,202408070911
エクセスリターン,2019101274,B,202408070911
ジューンアヲニヨシ,2020100912,B,202408070911
ゴーゴーユタカ,2019100167,B,202408070911
サンデーファンデー,2020104136,B,202408070911
ウィンカラー,2021102702,B,202409010101
ワンダーセイレーン,2021100223,B,202409010101
レモンスフレ,2021107043,B,202409010101
ジョウゲンノツキ,2021102755,C,202409010101
シノノメ,2021101679,C,202409010101
エンジェルスノー,2021101637,C,202409010101
フォーレ,2021104533,B,202409010101
リーゼントキャロル,2021104317,C,202409010101
ゴールデンチップス,2021107351,B,202409010101
バイアスペクター,2021106928,C,202409010101
ポマール,2021105972,B,202409010101
エブライト,2021101443,C,202409010101
キュルビス,2021100413,C,202409010101
テイエムライオジン,2021101943,C,202409010101
アジアノハナ,2021105621,B,202409010101
サンエルガー,2021104298,C,202409010101
サクリファイス,2021103807,B,202409010102
パカーラン,2021105073,B,202409010102
トモジャオッシュ,2021102618,B,202409010102
ウインメラナイト,2021106196,B,202409010102
シグネチャーセント,2021105362,C,202409010102
カフジテルビウム,2021102150,C,202409010102
ギマール,2021105931,B,202409010102
チョウガンバレ,2021106453,C,202409010102
グランオース,2021100620,B,202409010102
マイネルオデーサ,2021106844,C,202409010102
ファッシネイトパイ,2021103617,C,202409010102
ダイシンオリーブ,2021101837,B,202409010103
ヒロアプリオリ,2021101954,C,202409010103
ベストオブキング,2021103992,C,202409010103
ミッドナッツソル,2021104322,C,202409010103
キングクレオール,2021100506,B,202409010103
ローガンパス,2021105677,C,202409010103
タイセイタリスマン,2021106721,C,202409010103
フェールブリエ,2021101128,C,202409010103
プレシャスシル,2021105937,,202409010103
メイショウトコナツ,2021106852,B,202409010103
ニホンピロケイ,2021103844,B,202409010103
メイショウオオコ,2021102572,B,202409010103
イエローサファイア,2021104116,B,202409010103
サニースター,2021104595,B,202409010103
カズトシクン,2021100690,B,202409010103
レガッタ,2021102991,B,202409010104
ユイノサンバンカン,2021102819,C,202409010104
チャンミコチョロン,2021103337,C,202409010104
シェアホルダーズ,2021101250,B,202409010104
メードス,2021104792,B,202409010104
サンマルウォーリア,2021102693,B,202409010104
メイショウヤスマサ,2021103531,C,202409010104
デルママントラ,2021101989,C,202409010104
ショウナンラジョア,2021103897,C,202409010104
エスカルチャ,2021101673,B,202409010104
ライスベリー,2021101565,C,202409010104
フラッシング,2021105971,B,202409010104
ヤエベニシダレ,2020101077,C,202409010106
エクローサ,2020102834,C,202409010106
ゴーフォマームード,2020106473,C,202409010106
ベファーナ,2020102757,B,202409010106
ワイドアウェイク,2018104571,C,202409010106
フライングバレル,2018102586,B,202409010106
トゥーレツリー,2019104733,C,202409010106
ウェイビー,2020104764,B,202409010106
プレッジ,2020104472,B,202409010106
タマモネモフィラ,2020103991,B,202409010106
キスオンザチーク,2020102790,B,202409010106
パロットビーク,2018105495,B,202409010108
フォルティーナ,2020100530,B,202409010108
サウンドサンビーム,2017106394,B,202409010108
ヒビキ,2020105517,B,202409010108
ブルーノート,2019100871,B,202409010108
ストリンジェンド,2020102702,C,202409010108
ゴッドセンド,2020104469,B,202409010108
アーサーテソーロ,2019106581,B,202409010108
オカリナ,2017101726,B,202409010108
チャーミングアクト,2017105070,C,202409010108
シラキヌ,2019110013,C,202409010108
プレイテシア,2019102491,C,202409010108
テイエムファルコン,2017102599,B,202409010108
キモンリッキー,2019106449,C,202409010108
メイショウツワブキ,2018105847,B,202409010108
エメラルドビーチ,2020110055,B,202409010108
テーオーグランビル,2020110081,B,202409010110
ヒミノフラッシュ,2018101337,C,202409010110
ロッキーサンダー,2017105982,B,202409010110
マイネルクロンヌ,2017102952,C,202409010110
グーデンドラーク,2019105416,B,202409010110
モズマゾク,2018101075,C,202409010110
サンデーファンデー,2020104136,B,202409010110
アスクビックスター,2019106414,C,202409010110
イーサンバーニング,2019104192,C,202409010110
メイショウモズ,2020106196,B,202409010110
ジュタロウ,2019110053,B,202409010110
ホウオウフウジン,2019105032,B,202409010110
ジョディーズマロン,2018101989,B,202409010110
リチュアル,2019106748,B,202409010111
オーロイプラータ,2020103308,B,202409010111
ショウナンバシット,2020103333,B,202409010111
ヴィジョンオブラヴ,2015100274,C,202409010111
ウェルカムニュース,2019105537,C,202409010111
ゼットリアン,2020104760,C,202409010111
ゲンパチルシファー,2016101745,C,202409010111
フルヴォート,2018105350,B,202409010111
ラインオブソウル,2019105993,B,202409010111
レッドジェネシス,2018105343,B,202409010111
バハルダール,2019110015,B,202409010111
エナハツホ,2019100094,B,202409010111
ヒロイックテイル,2017104867,B,202409010111
ダイシンピスケス,2018100830,B,202409010111
ビヨンドザファザー,2019101613,C,202409010111
アイコンテーラー,2018104240,B,202409010111
アンリーベイビー,2021103723,C,202409010201
ラジエーション,2021102910,B,202409010201
マルカオペラ,2021104978,C,202409010201
ブリッジワン,2021105870,B,202409010201
ウィスピースノー,2021100648,B,202409010201
コーラルハート,2021101426,B,202409010201
アリストロシュ,2021102341,C,202409010201
フェロニエール,2021105519,B,202409010201
ネバーモア,2021100294,B,202409010201
スマートプレシャス,2021103939,B,202409010201
タマモプルメリア,2021103593,C,202409010201
ギフトフォーユー,2021100164,B,202409010201
トレポンティ,2021101487,B,202409010201
アメリカンマーチ,2021110136,B,202409010202
アイムプラウド,2021102362,D,202409010202
ペルセイズ,2021103546,B,202409010202
カルパ,2021105736,B,202409010202
アルシンダガ,2021110029,B,202409010202
スターウッドテール,2021103127,C,202409010202
キモンゲーム,2021104235,C,202409010202
デルマエウロパ,2021105139,D,202409010202
ポッドコンティ,2021100573,C,202409010202
ブラッドショー,2021103696,B,202409010202
シンゼンハチマン,2021103613,B,202409010202
スマートヌーメン,2021103934,C,202409010202
ガーデンカメリア,2021110139,B,202409010202
グランメドウ,2021110107,C,202409010202
センカラット,2021106362,B,202409010203
レオボヌール,2021102945,C,202409010203
クラウンアラビアン,2021101269,C,202409010203
クワッドルッツ,2021105147,C,202409010203
イナズマシルバー,2021106169,C,202409010203
アーマルコライト,2021105811,C,202409010203
サンライズウェーヴ,2021102221,C,202409010203
チョウゲンキ,2021106139,B,202409010203
ケイアイアンタレス,2021106565,C,202409010203
タキ,2021101428,B,202409010203
メイショウマサムネ,2021107087,B,202409010203
ゴッドカインド,2021106150,C,202409010205
エンブレムボム,2021110134,B,202409010205
インユアパレス,2021110126,B,202409010205
デュアルロンド,2021106264,C,202409010205
エコロエイト,2021110104,B,202409010205
モンシェリ,2021102399,B,202409010205
ミライテーラー,2021101121,B,202409010205
ネグレスコ,2021103214,B,202409010205
ラストボーン,2021104639,C,202409010205
ソーニャシュニク,2021106923,C,202409010205
ダイメイセブン,2020101919,B,202409010206
アズマサクラエモン,2020101396,C,202409010206
ケイアイメキラ,2020104215,D,202409010206
ネッケツシャチョウ,2020105954,B,202409010206
アナザーエース,2020104005,B,202409010206
アヘッド,2020110092,C,202409010206
ナウズザタイム,2020103323,C,202409010206
シアープレジャー,2017103278,C,202409010206
スカパラダイス,2020105730,C,202409010206
ゴールデンマイク,2020110101,C,202409010206
ピジョンブラッド,2019100625,B,202409010208
ヘニータイフーン,2020104675,B,202409010208
リースタル,2019103017,B,202409010208
サノノエスポ,2020102161,C,202409010208
コロンビアテソーロ,2020102181,B,202409010208
タイセイキューティ,2020106954,C,202409010208
タガノアレハンドラ,2020105552,B,202409010208
オシゲ,2020106642,B,202409010208
ラブベティー,2019106491,B,202409010208
プメハナ,2020105643,B,202409010208
ルショコラ,2019100786,B,202409010212
ロードガーディアン,2019103013,C,202409010212
タイガークリスエス,2019102292,B,202409010212
スターザサンライズ,2019101624,C,202409010212
ルソレイユ,2020100897,B,202409010212
サクハル,2019103556,B,202409010212
ロードドミニオン,2017103656,B,202409010212
フリークボンバー,2017103822,B,202409010212
グッジョブ,2020101182,C,202409010212
マイネルフォーコン,2020104523,B,202409010212
カフェベラノッテ,2019103308,B,202409010212
レゾルシオン,2020100747,B,202409010212
シュバルツガイスト,2020103575,C,202409010212
ダンスインザリング,2020107199,C,202409010212
ムコウジマランプ,2020104623,B,202409010212
クリノアクアマリン,2021102139,C,202409010301
ランスオブセヘル,2021102754,B,202409010301
ミスパープル,2021100685,B,202409010301
ゴーダンシング,2021102340,C,202409010301
ハイウェイスター,2021106621,B,202409010301
メイショウムーヴ,2021100994,C,202409010301
デイムサンライズ,2021102223,C,202409010301
ナムラリーナ,2021104304,C,202409010301
シャローム,2021104141,B,202409010301
ラスク,2021100280,B,202409010301
マリリア,2021103782,C,202409010301
アキミューミュー,2021105344,B,202409010301
ラピダリア,2021100652,B,202409010302
ロードスタウト,2021100159,C,202409010302
ウインクメイド,2021100411,B,202409010302
マテンロウブラボー,2021101422,B,202409010302
ゼットシルヴィア,2021104414,C,202409010302
レッドリベルタ,2021102436,B,202409010302
ドレスウェル,2021102588,C,202409010302
サンノーブル,2021100831,C,202409010302
ノッツェドーロ,2021101559,B,202409010302
ポートカルタヘナ,2021104615,C,202409010302
サンピアノソナタ,2021100074,B,202409010302
アンモード,2021105448,B,202409010302
ゲーベル,2021100786,B,202409010302
ルナプレス,2021104012,B,202409010302
フィローシャ,2021106050,C,202409010302
ホワイトリバー,2021100679,C,202409010303
ビスクウィザード,2021105269,B,202409010303
ソーニーイシュー,2021101705,C,202409010303
メイショウアンゾフ,2021103159,C,202409010303
タガノフルチャンス,2021107108,D,202409010303
アタラヨ,2021110070,C,202409010303
エアサンサーラ,2021110159,B,202409010303
ミレフォス,2021104163,B,202409010303
シンボルザサン,2021105186,C,202409010303
トゥラッタッタ,2021102973,B,202409010303
ジュンラトゥール,2021104039,C,202409010303
フルオブサクセス,2021110091,B,202409010303
フィフティズ,2021105296,B,202409010303
ガブリエルアクア,2021110163,B,202409010303
ホルトバージ,2021102905,B,202409010306
ヘルモーズ,2021105431,B,202409010306
テンカジョウ,2021102729,B,202409010306
メイショウカシワデ,2021103154,C,202409010306
ハビレ,2021100561,B,202409010306
ポルポラジール,2021102993,B,202409010306
アズマサクラエモン,2020101396,C,202409010307
ジョウショーパワー,2020105228,B,202409010307
ダノンペドロ,2020103453,B,202409010307
ウォーターハウス,2020102664,B,202409010307
メイショウホタルビ,2018105853,C,202409010307
アマートカヴァロ,2020103754,B,202409010307
エミサソウツバサ,2019104882,B,202409010307
アットアブラスト,2020101323,B,202409010307
スペキオサレジーナ,2020103316,B,202409010308
アイファーファイト,2019101233,C,202409010308
アポロハクジャ,2018100170,D,202409010308
オールスティール,2020107142,C,202409010308
ライズンシャイン,2018100421,B,202409010308
ゴルデールスカー,2020103625,C,202409010308
トーホウキザン,2020101764,B,202409010308
ストロンゲスト,2019103780,B,202409010308
グローリーカフェ,2020106928,B,202409010308
シゲルソロソロ,2020110100,C,202409010308
ルールシェーバー,2017109029,C,202409010308
タイガークリスエス,2019102292,B,202409010308
カサブランカキッド,2020104936,C,202409010308
ハクサンバード,2020100792,B,202409010308
フォトスフィア,2019105773,C,202409010310
メイショウクリフト,2019104260,B,202409010310
コパノパサディナ,2020100829,B,202409010310
タイセイシェダル,2018103021,B,202409010310
パルデンス,2018104775,B,202409010310
アルムラトゥール,2020105545,B,202409010310
カフジエニアゴン,2019102753,B,202409010310
ステラフィオーレ,2019100590,A,202409010310
トーセンアラン,2018104894,B,202409010310
テイエムランウェイ,2019106632,C,202409010310
ウォームライト,2019105250,B,202409010310
ブルーシンフォニー,2018100693,C,202409010310
クロデメニル,2019110103,B,202409010310
ランドボルケーノ,2018102372,C,202409010310
ミラバーグマン,2018103738,B,202409010310
ラインガルーダ,2017106295,C,202409010310
コンスピリート,2021106705,B,202409010401
オースサイン,2021106295,B,202409010401
サイレントミニスタ,2021106151,C,202409010401
メイショウチュラカ,2021103157,B,202409010401
ピストンボーイ,2021105447,C,202409010401
ファセリア,2021103526,C,202409010401
フタバ,2021102963,C,202409010401
タマモアルタイル,2021101558,B,202409010401
マルヨファーザ,2021100807,B,202409010401
エイシンボーノ,2021100091,C,202409010401
ドラムライム,2021102783,C,202409010401
ミカンノハナ,2021102799,C,202409010401
シャンペートル,2021106528,B,202409010401
ディディット,2021104542,B,202409010401
ヒロノワカ,2021103012,C,202409010401
ユウトザアシゲ,2021103442,D,202409010401
マテンロウノカゼ,2021107052,B,202409010402
ヒナボンボン,2021109080,C,202409010402
インジケーター,2021103574,C,202409010402
タキ,2021101428,B,202409010402
ドルドーニュ,2021100497,C,202409010402
アオレレ,2021100298,C,202409010402
ギフテッドドリーム,2021100525,B,202409010402
スズノアイスマン,2021100611,C,202409010402
プレカーサー,2021105164,C,202409010402
マジックブルー,2021103682,C,202409010402
サンダーユニバンス,2021105839,B,202409010402
ゴールドプレイ,2021105589,C,202409010402
オイデレオ,2021104580,B,202409010402
マルカビクトリー,2021102393,C,202409010402
ヒロイックバイオ,2021101814,C,202409010402
エスタボニート,2021106918,C,202409010403
サラサエンジェル,2021104261,C,202409010403
ランゲル,2021104512,B,202409010403
メイショウカンムリ,2021103003,C,202409010403
セザンステート,2021107130,B,202409010403
マイティマイティー,2021103708,B,202409010403
タガノグレイシア,2021107110,C,202409010403
ジューンナデシコ,2021100922,C,202409010403
リリーエクスプレス,2021101470,C,202409010403
ワキノグロリーア,2021104226,C,202409010403
ジーティーウィンズ,2021104582,C,202409010403
オーケーサンダー,2021100981,B,202409010403
フィリール,2021101765,B,202409010403
グリーズマン,2021105610,C,202409010403
ケイアイカペラ,2021103123,B,202409010403
シュムック,2021102415,C,202409010403
ドルチアーリア,2021105251,C,202409010405
ラヴオントップ,2021104399,B,202409010405
パドマ,2021102953,B,202409010405
コートリーバウ,2021105543,C,202409010405
ディーノサンライズ,2021101289,B,202409010405
ワキノノーブル,2021106394,C,202409010405
クリノオリーブ,2021102259,B,202409010405
クインズセレネ,2021103943,B,202409010405
メイショウザンゲツ,2021105939,C,202409010405
プレヴィスト,2021101406,B,202409010405
タガノミスト,2021106554,C,202409010405
スリリングチェイス,2020103407,B,202409010406
フィッシュポンド,2020104244,B,202409010406
マリオンエール,2018101371,B,202409010406
バンフィエルド,2019104531,C,202409010406
ウォーターリーダー,2020100948,B,202409010406
ドンアチェカ,2020105542,B,202409010406
オーバーザドリーム,2020105734,B,202409010406
マルカブリッツ,2020103123,B,202409010406
フォーランマリア,2019104726,C,202409010409
レディーシス,2019106868,C,202409010409
メイショウマントル,2018100858,C,202409010409
プラーヴィ,2020101905,C,202409010409
オラヴェリタス,2019103584,B,202409010409
ロイガヴェーグル,2020103697,C,202409010409
カネトシブルーム,2019106475,B,202409010409
ワンダースティング,2018102956,C,202409010409
ロードラプソディ,2019103020,B,202409010409
パンデアスカル,2020103369,B,202409010409
トゥルブレンシア,2017103184,B,202409010409
サイモンメガライズ,2018101175,B,202409010409
ミッキーレジェンド,2018100494,B,202409010412
ファーストリッキー,2019101107,B,202409010412
タロントゥーズ,2020102932,B,202409010412
シンゼンイズモ,2020102993,B,202409010412
ヴィヴァン,2018102040,B,202409010412
ロードジャスティス,2019103027,B,202409010412
ロードミッドナイト,2018102120,C,202409010412
キモンリッキー,2019106449,C,202409010412
ジュストコル,2018110001,B,202409010412
ニシノラーナ,2019103261,B,202409010412
カッティングジェム,2020104091,B,202409010412
カラレーション,2018104985,C,202409010412
モズブーナー,2019110061,B,202409010412
メイショウキッド,2019102824,B,202409010412
シャドウレディー,2020102990,B,202409010412
セキテイレア,2021100226,B,202409010501
ペプチドアーニャ,2021102732,C,202409010501
メイショウロージー,2021103211,C,202409010501
シャイニングベル,2021104398,C,202409010501
テイエムバラード,2021103655,D,202409010501
ケンブリッジユウ,2021100699,C,202409010501
タマモワンカラット,2021103597,B,202409010501
ミルミナーヴァ,2021106332,B,202409010501
ココシャンパーニュ,2021105902,B,202409010501
アーニャワクワク,2021101048,D,202409010501
フタバ,2021102963,C,202409010501
モランゴ,2021102425,C,202409010501
スマイルアクセス,2021102589,B,202409010501
ルミナスサンライズ,2021103146,B,202409010501
プリンセスカレン,2021103602,C,202409010501
ヴィライザベル,2021103589,C,202409010501
リアルカラー,2021105843,C,202409010502
サンライズフランツ,2021102238,C,202409010502
ファッシネイトパイ,2021103617,C,202409010502
アイアンウォール,2021102593,C,202409010502
スーサンステラ,2021102596,C,202409010502
カールスタード,2021105554,B,202409010502
コスモモアナ,2021104586,C,202409010502
カレンワッツアップ,2021104321,B,202409010502
フェアクラウド,2021103497,B,202409010502
ウインオーブ,2021106200,C,202409010502
セザンステート,2021107130,C,202409010502
ヒデシンイメル,2021100678,B,202409010502
タイセイタリスマン,2021106721,C,202409010503
アクロポリス,2021103247,C,202409010503
ダンツニーヴァ,2021101425,B,202409010503
メイショウツバメ,2021103279,B,202409010503
エピックナイト,2021106248,C,202409010503
ピンネシリ,2021106304,B,202409010503
ウィスピースノー,2021100648,C,202409010503
タマモキャリコ,2021103197,B,202409010503
ホウオウアムルーズ,2021101416,C,202409010503
マルモリミッション,2021101566,B,202409010503
メイショウミシガン,2021105328,B,202409010503
セルリアンジャガー,2021101892,C,202409010503
ブライトルピナス,2021103598,B,202409010503
ゼンノツキヨミ,2021106983,C,202409010503
カンタベリーローズ,2021105949,C,202409010503
ジャスパーサン,2021107366,C,202409010503
ケイエイト,2020103673,C,202409010506
スカパラダイス,2020105730,C,202409010506
シャンデルナゴル,2020103193,B,202409010506
ウインアラジン,2019106069,C,202409010506
ウインドワンピース,2020103901,B,202409010506
オンリーラヴ,2020106394,C,202409010506
レッドラグラス,2020103183,B,202409010506
ソウルユニバンス,2017105358,C,202409010506
アナザーエース,2020104005,C,202409010506
コンドリュール,2020105608,B,202409010506
スターペスカオリ,2020105929,C,202409010507
ポジティブガール,2019102229,B,202409010507
チョッピー,2019106107,C,202409010507
ルショコラ,2019100786,B,202409010507
ロンシャンクイーン,2020103274,B,202409010507
シャウラ,2020105124,B,202409010507
グラングスト,2020103525,B,202409010507
ゴットゴーゴー,2018105530,C,202409010507
カフェノワール,2020100683,B,202409010507
シゲルミライ,2020101777,C,202409010507
カネトシフラム,2020100716,C,202409010507
サラサハウプリティ,2020104126,B,202409010507
タガノクリステル,2019100541,B,202409010511
エルバリオ,2019105075,B,202409010511
レオノーレ,2019100629,B,202409010511
サブライムアンセム,2019105345,B,202409010511
メイショウカズサ,2017106642,C,202409010511
ビーアストニッシド,2019101348,B,202409010511
パラシュラーマ,2020105622,B,202409010511
アイオライト,2017106279,C,202409010511
サクセスローレル,2019102454,B,202409010511
メタマックス,2020110131,B,202409010511
オマツリオトコ,2020104144,C,202409010511
オーロラテソーロ,2017110074,C,202409010511
レディバグ,2018103774,B,202409010511
メイショウミツヤス,2018106147,C,202409010511
メイショウオーパス,2015103616,B,202409010511
テーオーステルス,2019103472,B,202409010511
メイショウカゲカツ,2019104044,B,202409010512
マコトゴコタイ,2018100991,B,202409010512
シュガーコルト,2019106364,B,202409010512
フルングニル,2020102929,B,202409010512
ハギノサステナブル,2020105639,B,202409010512
ソリダリティ,2019105462,B,202409010512
ツウカイリアル,2020104872,B,202409010512
シンヨモギネス,2018103711,B,202409010512
ササヤキ,2020101811,C,202409010512
チュウワハート,2020102964,B,202409010512
カレンマックナイト,2019105140,B,202409010512
シゲルショウグン,2020101694,B,202409010512
クリノニキータ,2017102145,C,202409010512
マイネルサハラ,2019103543,C,202409010512
カシノマーメイド,2021109170,C,202409010601
ダンツドール,2021100112,B,202409010601
タマモプルメリア,2021103593,C,202409010601
テンダーデイズ,2021102760,B,202409010601
ラッキーマリリン,2021103318,C,202409010601
シングルハーテッド,2021105572,B,202409010601
アーウイン,2021104485,C,202409010601
マックスセレナーデ,2021101400,C,202409010601
リュクスブリランテ,2021102299,B,202409010601
アリアドネ,2021104566,B,202409010601
スナークサファイア,2021106176,C,202409010601
ラムテリオス,2021105178,B,202409010602
ポルカドットタイ,2021110028,B,202409010602
ムーンセット,2021104396,C,202409010602
サイレントミニスタ,2021106151,B,202409010602
アプラド,2021100295,B,202409010602
ダイチノカムイ,2021109124,C,202409010602
コーントップス,2021105197,B,202409010602
スリークロス,2021100984,C,202409010602
ベストオブキング,2021103992,D,202409010602
ジェニファー,2021103932,C,202409010602
ブーケドボワ,2021104213,B,202409010602
イーブンナウ,2021110007,C,202409010602
インペリオ,2021102915,C,202409010602
ロケットホームラン,2021102264,C,202409010602
ドンアポロン,2021106539,B,202409010602
ハッピーモンスター,2021100056,B,202409010602
タイセイクエスト,2021100262,C,202409010603
ジーティーパワー,2021105526,B,202409010603
ジュンフィレンツェ,2021107270,B,202409010603
オメガナビゲーター,2021105247,C,202409010603
オクヤマ,2021102454,B,202409010603
ゼンダンスカイ,2021106294,B,202409010603
ワンライトムーン,2021105248,B,202409010603
アスタラビスタ,2021106678,B,202409010603
アウトドライブ,2021100868,C,202409010603
メイショウナオマサ,2021106889,C,202409010603
ゲッワイエンタン,2021107293,C,202409010603
アラタマフェーヴル,2021102115,B,202409010603
マジカルレイズ,2021103993,C,202409010603
フォーディアライフ,2021104770,C,202409010606
ストレングス,2021106658,B,202409010606
ルルディルッカ,2021102391,B,202409010606
ロードフォアエース,2021100130,B,202409010606
ブライトアゲイン,2021110014,B,202409010606
ポンピエ,2021104945,C,202409010606
クリノスピネル,2021105176,C,202409010606
ニホンピロカラット,2021103842,B,202409010606
ファストレーン,2021104678,,202409010606
タイセイレスポンス,2021105646,C,202409010606
ベルウェザー,2021105425,B,202409010606
リンゴ,2021103900,B,202409010606
モズパシュート,2021102629,C,202409010606
ディーノサンライズ,2021101289,C,202409010606
フィルムアクトレス,2020101805,B,202409010608
ロードリライアブル,2019103008,C,202409010608
レゾルシオン,2020100747,C,202409010608
サンガネーブ,2020104287,B,202409010608
ルールシェーバー,2017109029,C,202409010608
シアープレジャー,2017103278,C,202409010608
サルモン,2020105983,C,202409010608
エイシンネクタル,2020100103,B,202409010608
メイショウイヌワシ,2019104100,C,202409010608
グローバリスト,2020106874,B,202409010608
プライムレート,2020104856,B,202409010608
バトゥーキ,2020101373,B,202409010608
タイセイランナー,2020101540,B,202409010608
グッジョブ,2020101182,B,202409010608
フェリ,2020105156,B,202409010608
ダンスインザリング,2020107199,B,202409010608
ヒミノフラッシュ,2018101337,C,202409010610
レガーメペスカ,2017104106,B,202409010610
レッドプロフェシー,2020101579,B,202409010610
グリューヴルム,2019105519,B,202409010610
エクセスリターン,2019101274,B,202409010610
ダノンブレット,2018104665,B,202409010610
インディゴブラック,2019105143,C,202409010610
ジュタロウ,2019110053,C,202409010610
サイモンザナドゥ,2020104497,B,202409010610
フジマサインパクト,2018104778,B,202409010610
ホウオウフウジン,2019105032,B,202409010610
マルブツプライド,2019103518,C,202409010610
ダディーズウォリア,2020106770,B,202409010610
オブジェダート,2019104460,C,202409010610
シルバーエース,2017100451,B,202409010610
ビキニボーイ,2020104426,B,202409010610
マリブパイン,2019106239,B,202409010612
アロットドリーム,2020106611,B,202409010612
マヴォロンテ,2020103435,B,202409010612
タカラマドンナ,2019104328,B,202409010612
カネコメシスター,2019101055,B,202409010612
メイショウヒヅクリ,2019103902,B,202409010612
テンクウフラワー,2019103042,B,202409010612
ミロワール,2019100566,B,202409010612
リーゼントミニー,2020100914,C,202409010612
ルーラルハピネス,2020101052,B,202409010612
プレイテシア,2019102491,B,202409010612
スクルプトーリス,2020100151,B,202409010612
フォルティーナ,2020100530,B,202409010612
シノノメ,2021101679,B,202409010701
キタサンヤマブキ,2021100092,B,202409010701
ポンポネット,2021106651,B,202409010701
カワキタボーダレス,2021106147,B,202409010701
ニホンピロケイ,2021103844,C,202409010701
ジョウゲンノツキ,2021102755,B,202409010701
ラッキーラン,2021106968,B,202409010701
クインズマイア,2021103848,C,202409010701
アオイエクラタン,2021107204,B,202409010701
ボビーニクビッタケ,2021104316,B,202409010701
スマートヌーメン,2021103934,B,202409010701
ランゲル,2021104512,B,202409010701
ミリオンジェンヌ,2021103455,C,202409010701
スマートカナートス,2021103944,C,202409010701
カリメロ,2021107185,B,202409010701
ウィンカラー,2021102702,C,202409010701
ミルトヒーロー,2021106355,C,202409010702
メードス,2021104792,B,202409010702
オルデラン,2021105392,B,202409010702
ビップライアン,2021100938,B,202409010702
オイデレオ,2021104580,C,202409010702
チョウガンバレ,2021106453,B,202409010702
ライスベリー,2021101565,C,202409010702
アラタマフェーヴル,2021102115,B,202409010702
サンライズマウレア,2021102242,B,202409010702
ゼットホウライ,2021100201,C,202409010702
グランオース,2021100620,B,202409010702
ショウブウン,2021104944,B,202409010702
ユウトザアシゲ,2021103442,C,202409010702
モスコビウム,2021103200,C,202409010702
ジェットラン,2021106348,C,202409010703
ワンダーセイレーン,2021100223,C,202409010703
ワークソング,2021102462,B,202409010703
カゲロウ,2021104397,B,202409010703
フレイミングパイ,2021106936,C,202409010703
ウイントールキン,2021101525,B,202409010703
ハクサンクリスタル,2021100883,C,202409010703
タイセイアレス,2021105333,B,202409010703
ミカンノハナ,2021102799,C,202409010703
ワイドステラ,2021101522,C,202409010703
マルヨファーザ,2021100807,C,202409010703
リリーエクスプレス,2021101470,C,202409010703
エクレシア,2021106024,B,202409010703
ミキノクラップス,2021102585,C,202409010703
ルクスルイナール,2021102060,B,202409010703
ヒロアプリオリ,2021101954,B,202409010703
アーマルコライト,2021105811,B,202409010704
オウケンシルヴァー,2021103017,C,202409010704
ゲームアップロード,2021104898,C,202409010704
クリノフロンティア,2021107297,C,202409010704
チョウゲンキ,2021106139,B,202409010704
ホワイトリバー,2021100679,C,202409010704
ロサンゼルス,2021103711,B,202409010704
トゥラッタッタ,2021102973,C,202409010704
メイショウモモタ,2021102568,C,202409010704
アウローラルミエル,2021105183,B,202409010704
グーヴェルナイユ,2021106612,C,202409010704
ペプチドソレイユ,2020102095,B,202409010707
ダノンペドロ,2020103453,C,202409010707
ワンダーウィルク,2019103092,B,202409010707
モズタンジロウ,2019103776,C,202409010707
クリノグローリー,2020102360,B,202409010707
クラウドセイル,2020102552,B,202409010707
ケイアイメキラ,2020104215,B,202409010707
クリノミニスター,2019103285,C,202409010707
ベファーナ,2020102757,B,202409010707
テレパシー,2020104205,C,202409010708
オシゲ,2020106642,B,202409010708
レディーシス,2019106868,B,202409010708
ランスオブサターン,2020104772,C,202409010708
ピジョンブラッド,2019100625,C,202409010708
タマモベローナ,2019100182,C,202409010708
ラブスピール,2017100415,C,202409010708
プメハナ,2020105643,B,202409010708
タガノアレハンドラ,2020105552,B,202409010708
クリノクリスタル,2020107081,C,202409010708
クリノニキータ,2017102145,C,202409010708
ルナビス,2020106579,B,202409010708
モルチャン,2020101139,D,202409010708
スカンジナビア,2019102794,B,202409010708
チュウワモーニング,2020101893,B,202409010708
サンライズフォルス,2020101535,B,202409010712
ナチュラルリバー,2020102559,C,202409010712
カサブランカキッド,2020104936,B,202409010712
グレアミラージュ,2017100426,B,202409010712
ジャーヴィス,2020103902,B,202409010712
サンライズスコール,2019101621,B,202409010712
スターザサンライズ,2019101624,B,202409010712
マーゴットレーヴ,2020105813,B,202409010712
グァルジャー,2020104171,C,202409010712
ナッカーフェイス,2019100110,B,202409010712
ウェザーコック,2020101850,C,202409010712
ストロンゲスト,2019103780,B,202409010712
ウインバリオス,2019100195,B,202409010712
ハクサンバード,2020100792,B,202409010712
インセンブレ,2021100042,C,202409010801
ミルフルール,2021100614,C,202409010801
ルージュプリエール,2021107233,C,202409010801
ジューンナデシコ,2021100922,C,202409010801
ワクワクドリーム,2021100748,C,202409010801
アマミツツキ,2021103863,B,202409010801
ナムラリーナ,2021104304,C,202409010801
ルヴォンサンライズ,2021102464,C,202409010801
フレーズタルト,2021100742,B,202409010801
ダイヤモンドレイン,2021105577,B,202409010801
クリノキングマン,2021101431,C,202409010802
テイエムドルオー,2021102039,C,202409010802
カルパ,2021105736,C,202409010802
ワンモアビスケット,2021103540,C,202409010802
フィリール,2021101765,C,202409010802
ウインアルドーレ,2021106192,B,202409010802
デクランシェ,2021102712,C,202409010802
シンゼンハチマン,2021103613,B,202409010802
エーケーリターン,2021101381,C,202409010802
テイエムキャニー,2021106720,C,202409010802
リアルモハメド,2021100486,C,202409010802
サンピアノソナタ,2021100074,B,202409010802
ラガークイン,2021105416,B,202409010802
クレスコサンダー,2021105322,B,202409010802
ヴィラコースト,2021101948,C,202409010802
メイショウチュラカ,2021103157,B,202409010802
パカーラン,2021105073,B,202409010803
アルヒジュル,2021105603,B,202409010803
サンティヨン,2021100421,C,202409010803
デルママントラ,2021101989,C,202409010803
アスクストライク,2021102317,C,202409010803
ベラジオラオウ,2021105021,B,202409010803
エスオーライジング,2021102631,C,202409010803
ザロック,2021106845,B,202409010803
ホームアンドドライ,2021103684,B,202409010803
アオレレ,2021100298,C,202409010803
メイショウイゾウ,2021102552,B,202409010803
ペロ,2021103283,B,202409010806
アンダーザバンブー,2021102968,B,202409010806
スマートプレシャス,2021103939,B,202409010806
ショウナンハウル,2021105867,B,202409010806
スマートリアファル,2021102083,B,202409010806
サンライズウェーヴ,2021102221,C,202409010806
ヴァンドーム,2021100170,B,202409010806
クロドラバール,2021101733,B,202409010806
バレルターン,2021104906,C,202409010806
カンジ,2021110108,B,202409010806
アンデスビエント,2021105387,C,202409010806
エイカイソウル,2021105094,B,202409010806
レッドリベルタ,2021102436,B,202409010806
パシアンジャン,2021104503,C,202409010806
シーリュウシー,2021106180,C,202409010806
メイショウホタルビ,2018105853,C,202409010808
ヤエベニシダレ,2020101077,C,202409010808
ゴーフォマームード,2020106473,B,202409010808
エリカグロリア,2020104120,B,202409010808
サイモンコーラル,2020100629,C,202409010808
アウロス,2020106306,B,202409010808
ハイランドリンクス,2020103595,B,202409010808
エミサキホコル,2020102751,B,202409010810
タガノペカ,2018101966,B,202409010810
ペプチドタイガー,2020106408,B,202409010810
ロードアウォード,2020100162,B,202409010810
スマートラプター,2019102521,B,202409010810
アールバロン,2018103407,B,202409010810
エルゲルージ,2019102044,B,202409010810
ガラパゴス,2019102161,B,202409010810
ビオグラフィア,2018105471,B,202409010810
ダッチマン,2017106012,C,202409010810
クレスコジョケツ,2019103971,B,202409010810
スズカコーズ,2020101035,B,202409010812
スペクトログラム,2019105186,B,202409010812
エアメテオラ,2020110118,B,202409010812
ユイノイチゲキ,2020101943,C,202409010812
サヴァイヴ,2017101804,B,202409010812
ターニングアップ,2018101894,B,202409010812
フィールザワールド,2018105762,B,202409010812
トーアエレクトロン,2018105738,B,202409010812
アウグスト,2019100284,B,202409010812
テイエムファルコン,2017102599,B,202409010812
カセノミオ,2020105306,B,202409010812
ゴキゲンサン,2020106623,B,202409010812
ファーストリッキー,2019101107,C,202409010812
エコロアレス,2020110136,B,202409010812
アップルハウス,2021106911,C,202409020101
アーニャワクワク,2021101048,D,202409020101
プリンセスカレン,2021103602,B,202409020101
ラボニータ,2021105267,C,202409020101
サザンカ,2021107281,B,202409020101
ポートカルタヘナ,2021104615,B,202409020101
タマモワンカラット,2021103597,C,202409020101
ウィンドブレイク,2021101686,C,202409020101
ネオアステーリ,2021106125,B,202409020101
スマイルアクセス,2021102589,D,202409020101
リリーズブルーム,2021101725,B,202409020101
セキテイレア,2021100226,B,202409020101
アイルドリアン,2021105605,B,202409020101
ノレッジギフト,2021102214,C,202409020101
テーオーサファイア,2021100233,B,202409020101
ノビル,2021102091,C,202409020101
オクヤマ,2021102454,B,202409020102
ウインメラナイト,2021106196,B,202409020102
ホークフィールド,2021105004,C,202409020102
カチドキ,2021103980,C,202409020102
トンボ,2021100369,B,202409020102
タイセイクエスト,2021100262,C,202409020102
テイエムゴールドン,2021100707,B,202409020102
ミグラテール,2021106758,B,202409020102
アネッロデルビーノ,2021104937,D,202409020102
ファインプリンセス,2021101689,B,202409020102
ルシュヴァルドール,2021105630,B,202409020102
アウローラルミエル,2021105183,C,202409020102
ケイアイアンタレス,2021106565,B,202409020102
カフジニホニウム,2021110098,B,202409020103
ルディック,2021110008,B,202409020103
キエンバンジョウ,2021106187,B,202409020103
グリーズマン,2021105610,B,202409020103
マルモリミッション,2021101566,C,202409020103
アンセムバローズ,2021101263,B,202409020103
オーケーサンダー,2021100981,B,202409020103
プルミエプランタン,2021105217,B,202409020103
リネアグローリア,2021106757,B,202409020103
マテンロウガーデン,2021103023,B,202409020103
スターチスブーケ,2021110075,C,202409020103
マイネルトゥルネー,2021106820,C,202409020103
サクセスカノン,2021104853,C,202409020103
ドレスウェル,2021102588,C,202409020103
チャウチャウチャウ,2021101131,C,202409020103
カイトワザアリ,2021102148,C,202409020103
オオタニズスマイル,2021105132,C,202409020105
サンダーユニバンス,2021105839,B,202409020105
モズユイユイ,2021106702,B,202409020105
バトンインディ,2021106359,C,202409020105
トモジャザーン,2021104295,B,202409020105
オメガナビゲーター,2021105247,B,202409020105
カレンワッツアップ,2021104321,B,202409020105
アウトドライブ,2021100868,C,202409020105
セルリアンゲーゲン,2021107022,B,202409020105
スマッシュヒット,2021106485,B,202409020105
グランドエスケープ,2021107280,B,202409020105
ウインオーブ,2021106200,C,202409020105
バンリイックウ,2021104099,B,202409020105
レタラ,2019106334,C,202409020108
ニホンピロペリー,2019106426,C,202409020108
オリンポスカズマ,2020102013,C,202409020108
キングリスティア,2016106594,C,202409020108
フライングバレル,2018102586,B,202409020108
チョッピー,2019106107,B,202409020108
マリオンエール,2018101371,C,202409020108
ポワンキュルミナン,2020102955,C,202409020108
ウインドワンピース,2020103901,C,202409020108
リジン,2019103983,C,202409020108
スリリングチェイス,2020103407,B,202409020108
オーバーザドリーム,2020105734,B,202409020108
サンデーヒーロー,2020100903,B,202409020108
プライムレート,2020104856,B,202409020112
サザーランド,2020101575,B,202409020112
フェリ,2020105156,B,202409020112
スターペスカオリ,2020105929,C,202409020112
ネイト,2019102701,B,202409020112
ルージュルミナス,2019105232,B,202409020112
ヤマニンエルモサ,2017101771,C,202409020112
シアープレジャー,2017103278,C,202409020112
スマイルバック,2019105174,C,202409020112
テイエムルンバ,2020100401,C,202409020112
パルフェアンジュ,2016100930,C,202409020112
イルザ,2019102736,B,202409020112
エクレシア,2021106024,C,202409020201
プリマディーバ,2021103485,C,202409020201
シャローム,2021104141,B,202409020201
ロフティーテーラー,2021103068,C,202409020201
カプシーヌ,2021102917,C,202409020201
マハナ,2021106618,C,202409020201
リアンクトワ,2021103293,B,202409020201
ディアアリーチェ,2021105655,C,202409020201
ヤマニンファリダ,2021106599,C,202409020201
ラスク,2021100280,C,202409020201
アーウイン,2021104485,C,202409020201
キタノレガーロ,2021106455,C,202409020201
レッドゲート,2021107264,C,202409020201
ヴィライザベル,2021103589,B,202409020201
ナデナデ,2021107263,C,202409020201
メタルハート,2021100565,B,202409020201
ユーヴェリア,2021107278,B,202409020202
メイショウカンムリ,2021103003,C,202409020202
ララバッカナール,2021107097,B,202409020202
ベンダバール,2021101077,B,202409020202
ソニック,2021106754,C,202409020202
ウインクメイド,2021100411,B,202409020202
コンスピリート,2021106705,B,202409020202
ミルトコルサ,2021106345,B,202409020202
ロードスタウト,2021100159,B,202409020202
シェイクヒップ,2021101934,C,202409020202
サウンドチアフル,2021102778,C,202409020202
ゲーベル,2021100786,B,202409020202
エスタボニート,2021106918,C,202409020202
タマモナポリ,2021106177,C,202409020202
ポッドコンティ,2021100573,C,202409020202
タイキエルキーオ,2021103176,C,202409020202
シュプリームアロー,2021106937,C,202409020203
マジカルレイズ,2021103993,B,202409020203
ランドシュール,2021102660,C,202409020203
アーロンイメル,2021100255,B,202409020203
アルミウス,2021102805,B,202409020203
マイネルオデーサ,2021106844,B,202409020203
ダイゴホマレリュウ,2021100934,C,202409020203
ハイグッドワールド,2021104474,C,202409020203
カセノルーパス,2021102865,B,202409020203
エムバランス,2021106916,C,202409020203
テトラード,2021104999,C,202409020203
ミユキマーベリック,2021103636,B,202409020203
ファッシネイトパイ,2021103617,C,202409020203
デクランシェ,2021102712,C,202409020203
アンクルサンダー,2021101599,C,202409020203
フィアマフルミネ,2021102972,C,202409020204
カネトシショウカ,2021100710,C,202409020204
カゲロウ,2021104397,D,202409020204
サラサエンジェル,2021104261,C,202409020204
インペリオ,2021102915,B,202409020204
オースサイン,2021106295,B,202409020204
ファセリア,2021103526,B,202409020204
シャンペートル,2021106528,C,202409020204
デュアル,2021104063,B,202409020204
シュムック,2021102415,B,202409020204
ヒロブライト,2021103983,C,202409020204
ルクスミッシェル,2021103938,C,202409020204
グローリーロード,2021107348,B,202409020204
メイショウツバメ,2021103279,C,202409020204
アナレクタ,2021103532,C,202409020204
メイゲツ,2021101349,B,202409020204
タガノミスト,2021106554,B,202409020206
ルミナスサンライズ,2021103146,B,202409020206
ピストンボーイ,2021105447,B,202409020206
タガノヒナタ,2021106542,B,202409020206
ブライトアゲイン,2021110014,B,202409020206
フォーディアライフ,2021104770,B,202409020206
クリノオリーブ,2021102259,B,202409020206
ムーム,2021103061,B,202409020206
メイショウヤーキス,2021102573,B,202409020206
ゴッドカインド,2021106150,B,202409020206
ソーニャシュニク,2021106923,C,202409020206
ミライテーラー,2021101121,B,202409020206
サンライズグリット,2018101178,C,202409020208
マテンロウガイ,2020101036,C,202409020208
メイショウマントル,2018100858,C,202409020208
ヒノデテイオー,2019103420,C,202409020208
メジェド,2020105651,B,202409020208
サンマルパトロール,2020106370,C,202409020208
バリアントバイオ,2020101941,C,202409020208
マルベリーシチー,2020100684,B,202409020208
ダイメイセブン,2020101919,B,202409020208
ソリダリティ,2019105462,B,202409020208
ジョウショーパワー,2020105228,B,202409020208
シンリミテス,2019106148,B,202409020208
カズロレアート,2018105117,B,202409020208
ソッコータルマカ,2020101591,B,202409020208
サウンドサンビーム,2017106394,B,202409020212
コパノオースティン,2019102343,B,202409020212
バトゥーキ,2020101373,B,202409020212
ヤマイチエスポ,2019100288,C,202409020212
エナジーロッソ,2018106569,C,202409020212
ミユキアイラブユー,2019105058,B,202409020212
ジャスパージェット,2019106854,B,202409020212
オカリナ,2017101726,C,202409020212
リーゼントミニー,2020100914,C,202409020212
タイキエクセロン,2019103996,B,202409020212
オーガスタスカイ,2019105161,C,202409020212
ディキシーガンナー,2020110031,B,202409020212
ゼットノヴァ,2019106593,B,202409020212
オバケノキンタ,2020109129,B,202409020212
ブルーノート,2019100871,B,202409020212
スカーレットジンク,2018104333,B,202409020212
ミカンノハナ,2021102799,C,202409020301
ビップライアン,2021100938,C,202409020301
ミッションルース,2021101464,C,202409020301
シュレディンガー,2021107239,B,202409020301
オーヴァーマスター,2021101433,B,202409020301
ダイメイゼット,2021100776,C,202409020301
チョウガンバレ,2021106453,B,202409020301
アイワカツテーラー,2021101112,C,202409020301
アンセムバローズ,2021101263,C,202409020301
ヒデシンイメル,2021100678,B,202409020301
ユウトザアシゲ,2021103442,C,202409020301
クリティカルヒット,2021110096,C,202409020301
ジーサイクロン,2021106006,B,202409020301
ヨシノヤッタルデー,2021102336,B,202409020302
イーブンナウ,2021110007,C,202409020302
ピエナリオン,2021101154,C,202409020302
ダイチノカムイ,2021109124,B,202409020302
イナズマホリデー,2021106173,C,202409020302
サンブーゲンビリア,2021101303,D,202409020302
ラムテリオス,2021105178,B,202409020302
ハイケンス,2021102813,B,202409020302
カフジニホニウム,2021110098,C,202409020302
カレンマウラー,2021101577,B,202409020302
チリエージョドラマ,2021106342,C,202409020302
ペレグリン,2021100906,B,202409020302
ヤマニンブライトン,2021106593,B,202409020302
イモータルウインド,2021103664,B,202409020302
ツーエムピシュー,2021107078,C,202409020302
ミッドナッツソル,2021104322,C,202409020302
ガウラスパーク,2021103586,B,202409020305
ラッキーマリリン,2021103318,D,202409020305
アセレラシオン,2021106689,B,202409020305
アスクナサニエル,2021110006,B,202409020305
エリカヴェネチア,2021110106,B,202409020305
ポルポラジール,2021102993,B,202409020305
オーシンハーフ,2021101419,B,202409020305
アリエスキング,2021101468,A,202409020305
ストレングス,2021106658,B,202409020305
クラヴィコード,2021100150,B,202409020305
テンカジョウ,2021102729,C,202409020305
クラップアンドチア,2019103679,B,202409020307
バンベルク,2018105258,B,202409020307
ナチュラルリバー,2020102559,B,202409020307
ゴットゴーゴー,2018105530,B,202409020307
ナッカーフェイス,2019100110,B,202409020307
ルショコラ,2019100786,C,202409020307
ゴーフォマームード,2020106473,B,202409020307
フェニックスループ,2019104918,C,202409020307
カフェノワール,2020100683,B,202409020307
エンドレスロード,2019100665,C,202409020307
ウォーターリーダー,2020100948,B,202409020307
カネトシフラム,2020100716,B,202409020307
セミマル,2020104893,B,202409020307
ライズンシャイン,2018100421,B,202409020307
ストロンゲスト,2019103780,C,202409020307
ペプチドハドソン,2020106409,B,202409020307
アドマイヤルプス,2017105279,C,202409020311
デンコウリジエール,2017103165,B,202409020311
サトノテンペスト,2018100388,B,202409020311
レッドベルオーブ,2018105366,B,202409020311
サトノラムセス,2018100394,B,202409020311
カセノダンサー,2019100297,B,202409020311
サクセスローレル,2019102454,B,202409020311
アルムブラーヴ,2019100551,B,202409020311
モズリッキー,2019106699,C,202409020311
ルプリュフォール,2016105223,B,202409020311
シャンブル,2018100389,B,202409020311
ロードエクレール,2018105998,B,202409020311
ジャスパーウィン,2015110066,C,202409020311
サンライズフレイム,2020101599,B,202409020311
フルム,2019106214,B,202409020311
ペプチドソレイユ,2020102095,B,202409020312
ワンダフルトゥデイ,2019106671,B,202409020312
スナークレジスト,2017102930,B,202409020312
オラヴェリタス,2019103584,C,202409020312
アレクサ,2020100189,B,202409020312
テイエムシニスター,2019100083,C,202409020312
スマートビクター,2019102202,B,202409020312
ハギノロックオン,2019104665,B,202409020312
ワンダースティング,2018102956,B,202409020312
メイショウコジョウ,2017106319,B,202409020312
タイキドミニオン,2018106473,B,202409020312
クリノクリスタル,2020107081,B,202409020312
マーブルロック,2020100960,B,202409020312
スカンジナビア,2019102794,B,202409020312
ファイヴレター,2017102043,B,202409020312
リュクスブリランテ,2021102299,C,202409020401
ダイシンサンディー,2021106246,C,202409020401
アイトワ,2021103018,C,202409020401
サンシャインドナウ,2021107111,C,202409020401
フェイマスグラース,2021104688,C,202409020401
フレーズタルト,2021100742,B,202409020401
ヒロインズクレスト,2021105089,C,202409020401
ナムラリーナ,2021104304,B,202409020401
クリノオリオン,2021101243,B,202409020401
アルピニスト,2021106296,B,202409020401
ベレニーチェ,2021100680,C,202409020401
ルヴォンサンライズ,2021102464,C,202409020401
シントーキズナ,2021103928,C,202409020401
ゼンノツキヨミ,2021106983,B,202409020402
キクノジョワイユ,2021102850,C,202409020402
クリノハピネス,2021102051,C,202409020402
パシュミナ,2021100291,C,202409020402
ミリオーレアルバ,2021105090,C,202409020402
エピックナイト,2021106248,B,202409020402
タマモキャリコ,2021103197,B,202409020402
ドナアフロディテ,2021100794,C,202409020402
クリノキングマン,2021101431,B,202409020402
ハートアンドソウル,2021104942,C,202409020402
ダンツニーヴァ,2021101425,B,202409020402
マナ,2021101755,C,202409020402
スイートウィル,2021100882,C,202409020402
ファストフライト,2021109089,C,202409020402
アストラカ,2021100639,B,202409020402
ノイヤーヘルト,2021105055,C,202409020402
アスタラビスタ,2021106678,B,202409020403
アイアンウォール,2021102593,B,202409020403
アンドゥーラ,2021100480,B,202409020403
テーオーエジソン,2021102230,B,202409020403
ケイアイエルナト,2021103121,B,202409020403
スズノアイスマン,2021100611,C,202409020403
ブーヤカ,2021105211,B,202409020403
メイショウロマン,2021107186,B,202409020403
メイショウヨスガラ,2021102569,B,202409020403
ファームツエンティ,2020104491,B,202409020406
セレクティオ,2020100987,B,202409020406
メイショウニタボウ,2017102927,C,202409020406
ヒロシクン,2019104533,C,202409020406
アヘッド,2020110092,C,202409020406
アスターチェンチ,2020101710,B,202409020406
メイショウクーガー,2020106205,B,202409020406
モズタンジロウ,2019103776,C,202409020406
ゴールデンマイク,2020110101,B,202409020406
ベファーナ,2020102757,C,202409020406
ダイヤグラフ,2020103550,B,202409020406
ダブルジョーク,2020110026,B,202409020407
ヴォードヴィル,2020105872,B,202409020407
ミキノプリンス,2019103418,B,202409020407
エムズマインド,2020101641,B,202409020407
テイエムファルコン,2017102599,B,202409020407
ヤマニンルリュール,2018102021,C,202409020407
アドバンスファラオ,2020110106,B,202409020407
プレシオーソ,2017104092,C,202409020407
シゲルソロソロ,2020110100,B,202409020407
ベンダバリラビア,2020101968,B,202409020407
リンドラゴ,2019101200,B,202409020407
ヴァンヌ,2018102899,C,202409020407
グットフォーチュン,2019106139,B,202409020407
トモジャケーヤ,2020104650,B,202409020407
カマチョクイン,2020105950,C,202409020407
アウグスト,2019100284,B,202409020407
アイアムユウシュン,2021103204,B,202409020409
ロードフォアエース,2021100130,B,202409020409
レイエル,2021101738,B,202409020409
セントラルヴァレー,2021110161,B,202409020409
ネグレスコ,2021103214,B,202409020409
オウバイトウリ,2021105606,B,202409020409
エートラックス,2021104876,B,202409020409
メイショウミシガン,2021105328,B,202409020409
ナスティウェザー,2021101703,B,202409020409
ニホンピロカラット,2021103842,B,202409020409
ラヴオントップ,2021104399,B,202409020409
ロングファイナリー,2016102801,B,202409020412
テイエムイダテン,2017102603,B,202409020412
メイショウイジゲン,2018106391,B,202409020412
ウナギノボリ,2019107016,B,202409020412
ナムラフランク,2019101975,B,202409020412
コパノハンプトン,2020104679,B,202409020412
ジュンウィンダム,2020106062,B,202409020412
ブルーシンフォニー,2018100693,B,202409020412
カネコメシスター,2019101055,B,202409020412
グットディール,2019105446,B,202409020412
ミラクル,2018100623,B,202409020412
ヴィルヘルム,2018104982,B,202409020412
レッドラマンシュ,2019103920,B,202409020412
ニューフロンティア,2018100478,C,202409020412
カフジエニアゴン,2019102753,B,202409020412
アルムラトゥール,2020105545,B,202409020412
ケラムール,2021104472,C,202409020501
ティラージュ,2021100645,B,202409020501
ミリオンジェンヌ,2021103455,B,202409020501
ペイシャグレイス,2021102308,D,202409020501
ヨドノルミナス,2021100897,B,202409020501
リエータメンテ,2021105887,B,202409020501
ネバーモア,2021100294,C,202409020501
アーウイン,2021104485,C,202409020501
デヴォート,2021106608,C,202409020501
マベルシュシュット,2021104453,B,202409020501
キタサンヤマブキ,2021100092,B,202409020501
タクシンイメル,2021104510,C,202409020501
ホーリーゴールド,2021105525,D,202409020501
ケイサンノーブル,2021100697,C,202409020501
マルモリミッション,2021101566,B,202409020501
ルージュピルエット,2021105287,B,202409020501
アーガイルプレイド,2021105846,C,202409020502
アーバンエア,2021110019,C,202409020502
ウインアルドーレ,2021106192,B,202409020502
チュウワレイク,2021102292,C,202409020502
ドッビアーコ,2021110130,B,202409020502
テーオーロビンソン,2021103248,B,202409020502
クレスコサンダー,2021105322,B,202409020502
メイショウアラジン,2021102570,B,202409020502
クレスコウェイ,2021102077,C,202409020502
ピナーカ,2021103612,C,202409020502
グロリモーニ,2021100117,B,202409020502
アルシャリフ,2021100726,B,202409020502
アメリカンチケット,2021110122,C,202409020502
ピンネシリ,2021106304,C,202409020502
グランドセントラル,2021104422,B,202409020502
フルドライヴ,2021102999,C,202409020502
サンブノワ,2021105546,B,202409020503
オオタニズスマイル,2021105132,B,202409020503
カチドキ,2021103980,C,202409020503
ルシュヴァルドール,2021105630,B,202409020503
グーヴェルナイユ,2021106612,B,202409020503
レイドデザート,2021103065,B,202409020503
カズタンジャー,2021101259,B,202409020503
ウインメラナイト,2021106196,C,202409020503
ローズエクスプレス,2021103469,C,202409020503
アオレレ,2021100298,C,202409020503
ターコイズフリンジ,2021105356,B,202409020505
コイヌール,2021106561,B,202409020505
ムルソー,2021103020,B,202409020505
オウケンベリー,2021103010,B,202409020505
セレブレイトエール,2021104109,B,202409020505
ウィープディライト,2021105412,B,202409020505
ブエナオンダ,2021105454,B,202409020505
リューデスハイム,2021105508,B,202409020505
ダノンケイツー,2021103223,B,202409020505
ヴィアダクト,2021105142,C,202409020505
アンダーザバンブー,2021102968,B,202409020505
スマートリアファル,2021102083,B,202409020505
メイショウヒメゴゼ,2019104097,C,202409020507
ナオミニデレデレヤ,2019102874,B,202409020507
サルサディーバ,2019104461,C,202409020507
マルカシャルマン,2020102965,B,202409020507
メイショウホタルビ,2018105853,B,202409020507
ローラスノビリス,2019104901,B,202409020507
グラングスト,2020103525,B,202409020507
サイモンコーラル,2020100629,C,202409020507
グレイスオブゴッド,2020103967,C,202409020507
スウィートスカー,2019106251,B,202409020507
ヤエベニシダレ,2020101077,C,202409020507
ピースオブザライフ,2020101024,C,202409020507
トモジャアルマンド,2017103155,B,202409020508
スーパーアグリ,2020103340,C,202409020508
キーウィル,2020105470,C,202409020508
モズアンタレス,2020106519,B,202409020508
レインメーカー,2020103103,C,202409020508
パルフェアンジュ,2016100930,B,202409020508
フィルムアクトレス,2020101805,B,202409020508
ルワンジュ,2019105798,C,202409020508
セラドナイト,2020103455,B,202409020508
スターペスカオリ,2020105929,C,202409020508
グレアミラージュ,2017100426,B,202409020508
カミーロ,2020102027,B,202409020508
サンガネーブ,2020104287,B,202409020508
グッジョブ,2020101182,B,202409020508
ゴイゴイスー,2018103388,B,202409020508
ピースキーパー,2019106028,C,202409020508
ブルーノート,2019100871,B,202409020512
ワーズワース,2018104030,C,202409020512
メイショウヒヅクリ,2019103902,B,202409020512
ビップシュプリーム,2019105241,B,202409020512
プレイテシア,2019102491,B,202409020512
ミキノプリンス,2019103418,C,202409020512
コパノオースティン,2019102343,C,202409020512
ヒビキ,2020105517,B,202409020512
ルクスメテオール,2020102186,B,202409020512
サクハル,2019103556,B,202409020512
サイレンスタイム,2020104198,B,202409020512
ダイリュウホマレ,2020104046,B,202409020512
ストリンジェンド,2020102702,B,202409020512
レイム,2021106942,C,202409020601
タガノエクレール,2021106540,B,202409020601
クインズマイア,2021103848,B,202409020601
ラスダシャン,2021104509,B,202409020601
クリノラリマール,2021109059,C,202409020601
シノノメ,2021101679,B,202409020601
ウィスピースノー,2021100648,B,202409020601
ランランガール,2021105003,B,202409020601
ボワエトワール,2021101401,B,202409020601
ココシャンパーニュ,2021105902,C,202409020601
ユキカゼ,2021105645,C,202409020601
ルージュラメンテ,2021107242,C,202409020601
アンジュトレゾール,2021102994,B,202409020601
スマートヌーメン,2021103934,B,202409020601
ジョウゲンノツキ,2021102755,B,202409020601
ムーンボウ,2021102921,B,202409020601
ワンダーハヤセ,2021100546,C,202409020602
モズユイユイ,2021106702,B,202409020602
ライブリボイル,2021104299,C,202409020602
エイユーウォーリア,2021102533,C,202409020602
ホウオウトランプ,2021105886,B,202409020602
グランドエスケープ,2021107280,C,202409020602
ヴィラコースト,2021101948,C,202409020602
ティンティンデオ,2021104302,C,202409020602
ノーブルエンペラー,2021102851,C,202409020602
アスクデビューモア,2021104824,C,202409020602
サンティヨン,2021100421,C,202409020602
クリノタンザナイト,2021101227,C,202409020602
ベラジオラオウ,2021105021,B,202409020602
ヤマニントゥルシー,2021106602,B,202409020602
エコログラシアス,2021104988,C,202409020602
アンモード,2021105448,C,202409020602
シレンツィオ,2021102959,C,202409020603
ナムラベティ,2021103093,C,202409020603
アクロポリス,2021103247,C,202409020603
ミリオンタイムズ,2021100142,B,202409020603
タイセイアレス,2021105333,B,202409020603
ノボリサクラ,2021103071,C,202409020603
ブライトルピナス,2021103598,B,202409020603
タガノグレイシア,2021107110,C,202409020603
フルラーナ,2021105842,B,202409020603
ハッピーダンス,2021105916,C,202409020603
イニシエ,2021100905,C,202409020603
ハッピーモンスター,2021100056,C,202409020603
キープライジング,2021103550,B,202409020603
ヒロブライト,2021103983,B,202409020603
テイエムドルオー,2021102039,C,202409020603
リリーエクスプレス,2021101470,C,202409020603
キャピタルサックス,2021106706,B,202409020605
ビバップ,2021102700,B,202409020605
ペッパーミル,2021102745,C,202409020605
アスクアイルビゼア,2021102154,B,202409020605
リジル,2021101457,B,202409020605
レディーエンジェル,2021103289,C,202409020605
ベネメレンティ,2021106648,B,202409020605
リードアクトレス,2021102654,B,202409020605
シントーハナノボス,2021103953,B,202409020605
モズナイスバディー,2021102845,C,202409020605
コパノマイアミ,2021106191,B,202409020605
グランルーチェ,2021102641,B,202409020605
メイショウサチダケ,2021103210,B,202409020605
サウンドアレグリア,2021102079,C,202409020605
グランメドウ,2021110107,B,202409020605
ストームバンガード,2021103819,B,202409020605
ウイニンググレイス,2020107143,C,202409020606
アットアブラスト,2020101323,C,202409020606
シャンデルナゴル,2020103193,B,202409020606
グローバルブラッド,2019103006,B,202409020606
マサハヤウォルズ,2020103045,B,202409020606
ソウルユニバンス,2017105358,B,202409020606
アナザーエース,2020104005,B,202409020606
ティエラサンタ,2020102658,B,202409020606
ジーニアスバローズ,2020100681,B,202409020606
キレナイカ,2020103001,C,202409020606
トゥルブレンシア,2017103184,B,202409020608
ネッケツシャチョウ,2020105954,B,202409020608
リースタル,2019103017,B,202409020608
プラーヴィ,2020101905,B,202409020608
バンドマスター,2020103519,B,202409020608
ハギノサステナブル,2020105639,B,202409020608
シンヨモギネス,2018103711,B,202409020608
バックスクリーン,2019104922,B,202409020608
ダッシュダクラウン,2018104156,B,202409020608
フェブランシェ,2020103616,B,202409020608
コンティノアール,2020103785,B,202409020608
ポッドボレット,2019104762,B,202409020612
ジュタロウ,2019110053,B,202409020612
マルカアトラス,2019102583,B,202409020612
テーオーグランビル,2020110081,B,202409020612
ヒミノフラッシュ,2018101337,C,202409020612
インディゴブラック,2019105143,C,202409020612
メイクザビート,2020102818,B,202409020612
アウトレンジ,2020105621,B,202409020612
マイネルクロンヌ,2017102952,C,202409020612
グーデンドラーク,2019105416,B,202409020612
ライツフォル,2020103398,B,202409020612
オメガタキシード,2020102988,B,202409020612
フタイテンロック,2019102665,C,202409020612
スナークサファイア,2021106176,C,202409020701
アークレアル,2021103507,B,202409020701
ラブリーサイン,2021101098,C,202409020701
マインドユアベイブ,2021105241,B,202409020701
ゼットレジーナ,2021105919,B,202409020701
ボンジーア,2021104034,B,202409020701
チカミリオン,2021103225,B,202409020701
ルージュロンサール,2021105542,B,202409020701
ダイシンサンディー,2021106246,C,202409020701
ピリー,2021100526,B,202409020701
アマンディーヌ,2021101124,C,202409020701
エールヴァーゲ,2021104956,C,202409020701
エナノキセキ,2021104502,C,202409020701
バイアスペクター,2021106928,C,202409020701
メタルハート,2021100565,B,202409020701
アマントアスク,2021107371,C,202409020701
ダディーズアイル,2021104673,B,202409020702
マーシャルテイル,2021105820,C,202409020702
ブーヤカ,2021105211,B,202409020702
ソニック,2021106754,C,202409020702
ダイシンバースディ,2021100104,C,202409020702
オースサイン,2021106295,C,202409020702
ショウナンマリン,2021103907,B,202409020702
インペリオ,2021102915,B,202409020702
アストラカ,2021100639,B,202409020702
オラクル,2021101556,C,202409020702
イエデゴロゴロ,2021103701,B,202409020702
ダイシンオリーブ,2021101837,C,202409020702
ハリウッドブルース,2021104514,B,202409020702
ヴェストラン,2021100695,B,202409020702
ボガトイーリ,2021102123,C,202409020702
エマニエル,2021100908,B,202409020702
ツーエムウィザード,2021100539,B,202409020703
デュランヴェリテ,2021106656,B,202409020703
カズヴィトシャ,2021107182,C,202409020703
スズノアイスマン,2021100611,B,202409020703
ユウトザイースト,2021104661,C,202409020703
シントーキズナ,2021103928,C,202409020703
アクシノス,2021100452,B,202409020703
メイショウマサムネ,2021107087,B,202409020703
ヒロイックバイオ,2021101814,C,202409020703
オクヤマ,2021102454,B,202409020703
マイネルオデーサ,2021106844,C,202409020703
ミグラテール,2021106758,B,202409020703
メイショウヨスガラ,2021102569,C,202409020703
ジーベック,2021103242,C,202409020703
ドラゴンキッド,2021101713,B,202409020703
アレナパラシオ,2021100752,C,202409020703
アナレクタ,2021103532,C,202409020706
ローガンパス,2021105677,B,202409020706
タイセイミニスター,2021104197,B,202409020706
クリノオリーブ,2021102259,B,202409020706
ジョーローリット,2021100768,B,202409020706
テンドウ,2021100898,C,202409020706
メイプルギャング,2021110063,B,202409020706
シリウス,2021100086,B,202409020706
カレンマウラー,2021101577,C,202409020706
スパークルジョイ,2021101891,B,202409020706
ジューンブレア,2021110099,B,202409020706
ポマール,2021105972,B,202409020706
スターターン,2021104991,B,202409020706
メイショウヤーキス,2021102573,B,202409020706
ディスタントスカイ,2021110067,A,202409020706
キャロルビアンカ,2020100719,C,202409020708
ゼットスティール,2020100202,C,202409020708
サンデーヒーロー,2020100903,B,202409020708
キングリスティア,2016106594,C,202409020708
ヒルノデプラーツ,2019106573,B,202409020708
アンノウンウォリア,2019100577,B,202409020708
ヒロシクン,2019104533,C,202409020708
アドマイヤソラ,2020103212,B,202409020708
ウインドワンピース,2020103901,B,202409020708
ガウロン,2020105873,B,202409020708
ダノンヒューマ,2020102936,B,202409020708
ダイヤグラフ,2020103550,B,202409020708
ニシノカシミヤ,2020100418,B,202409020710
ホッコーカリュウ,2018103147,C,202409020710
メイショウジブリ,2019103917,B,202409020710
ロードラディウス,2020100168,B,202409020710
スプラウティング,2019101907,B,202409020710
イチネンエーグミ,2019106684,B,202409020710
ヴアーサ,2018104481,C,202409020710
タイキフォース,2018106466,B,202409020710
ペプチドタイガー,2020106408,B,202409020710
フォーチュンテラー,2019100631,B,202409020710
レイクリエイター,2018106451,C,202409020710
ロードアラビアン,2019103101,B,202409020710
ケイアイアニラ,2020104228,B,202409020710
タマモダイジョッキ,2018104332,B,202409020710
マイネルプロンプト,2012100683,B,202409020710
ヒノデテイオー,2019103420,B,202409020712
ワンダフルトゥデイ,2019106671,B,202409020712
サンマルパトロール,2020106370,B,202409020712
テーオーレガシー,2020100604,B,202409020712
ウインザナドゥ,2018101625,B,202409020712
ヒデノレインボー,2019102705,C,202409020712
ワンダースティング,2018102956,B,202409020712
リースタル,2019103017,C,202409020712
マリアナトレンチ,2020102737,B,202409020712
マーブルロック,2020100960,B,202409020712
マーメイド,2021101474,C,202409020801
ノビル,2021102091,B,202409020801
フィアマフルミネ,2021102972,C,202409020801
レディーズナイト,2021101933,B,202409020801
ポートカルタヘナ,2021104615,B,202409020801
メイショウアユカゼ,2021103357,C,202409020801
ミラノヴェローチェ,2021103019,C,202409020801
サザンカ,2021107281,B,202409020801
アーニャワクワク,2021101048,C,202409020801
エブライト,2021101443,B,202409020801
ケルンピュール,2021101752,C,202409020801
ランスオブセヘル,2021102754,B,202409020801
タマモキサキ,2021103596,B,202409020801
ウィップスティッチ,2021105253,C,202409020801
ララバッカナール,2021107097,B,202409020801
エンジェルスノー,2021101637,C,202409020801
パシオンブロンド,2021101716,B,202409020802
ミヤノキングリー,2021102513,B,202409020802
ゴルトツィーゲル,2021105593,C,202409020802
ノイヤーヘルト,2021105055,B,202409020802
ニホンピロドーバー,2021103843,C,202409020802
レーウィン,2021100734,C,202409020802
グリーズマン,2021105610,B,202409020802
ワンダーカモン,2021100739,B,202409020802
レーヌガレット,2021101465,C,202409020802
リネアグローリア,2021106757,B,202409020802
フォージドブリック,2021104800,C,202409020802
プルミエプランタン,2021105217,B,202409020802
ヤマニンアルリフラ,2021106601,B,202409020802
エイシンソブリン,2021102604,C,202409020802
カセノラオー,2021106310,B,202409020802
クリティカルヒット,2021110096,B,202409020803
メイショウヤスマサ,2021103531,B,202409020803
メイショウタイセツ,2021102834,B,202409020803
ツリーフロッグ,2021104179,B,202409020803
バンリイックウ,2021104099,C,202409020803
ピエナクレスコ,2021101153,C,202409020803
マジカルレイズ,2021103993,C,202409020803
セルリアンゲーゲン,2021107022,C,202409020803
ダイキリ,2021105947,C,202409020803
アルミウス,2021102805,C,202409020803
オープンワンセルフ,2021105967,B,202409020803
ダイゴホマレリュウ,2021100934,C,202409020803
メイショウフウドウ,2021104445,C,202409020803
シセイダイキ,2021106728,B,202409020803
スティルザワン,2021100193,C,202409020803
マルカビクトリー,2021102393,C,202409020803
アマミツツキ,2021103863,B,202409020805
アンデスビエント,2021105387,B,202409020805
ブラックドレス,2021101391,B,202409020805
スマートプレシャス,2021103939,B,202409020805
ハリウッドパーク,2021104581,B,202409020805
テーオールビー,2021109027,B,202409020805
グレイトフルペイン,2021101413,B,202409020805
ブリーズオンチーク,2021105958,B,202409020805
ペイシャコパ,2021101090,B,202409020805
レオテミス,2021101576,B,202409020805
ラッキーマリリン,2021103318,B,202409020805
ルフトクス,2021105502,B,202409020805
レイクスター,2021105962,B,202409020805
ウフフトルンナ,2021101193,B,202409020805
バガリーロータス,2021101602,B,202409020805
チョッピー,2019106107,B,202409020808
メイショウタイゲイ,2019104169,B,202409020808
カズペトシーン,2020105585,C,202409020808
ジャミーレ,2020103412,B,202409020808
サザーランド,2020101575,B,202409020808
ウインバリオス,2019100195,B,202409020808
セットリスト,2019105271,B,202409020808
ドライグ,2020101652,B,202409020808
サイモンカーチス,2019102320,C,202409020808
ユリシーズ,2019103302,B,202409020808
ゴルデールスカー,2020103625,C,202409020808
ジャーヴィス,2020103902,C,202409020808
ハギノアレグリアス,2017103290,B,202409020811
ダノンマデイラ,2018104586,B,202409020811
ヴィクティファルス,2018104948,B,202409020811
サトノロイヤル,2018103116,B,202409020811
ニューモニュメント,2016105885,C,202409020811
ホウオウルーレット,2019105746,B,202409020811
サヴァ,2018103223,B,202409020811
テーオードレフォン,2019101324,B,202409020811
ラインオブソウル,2019105993,B,202409020811
ミッキーヌチバナ,2018105431,B,202409020811
クリノドラゴン,2018101012,C,202409020811
リキサントライ,2018101796,B,202409020811
トウセツ,2019104589,C,202409020811
ゲンパチルシファー,2016101745,C,202409020811
ケイアイパープル,2016100349,C,202409020811
スレイマン,2018105164,B,202409020811
ヴィヴァン,2018102040,B,202409020812
ハンベルジャイト,2020103367,B,202409020812
ニフェーデービル,2020101134,B,202409020812
トーアエレクトロン,2018105738,B,202409020812
カマチョクイン,2020105950,C,202409020812
サラサハウプリティ,2020104126,B,202409020812
バトゥーキ,2020101373,B,202409020812
テイエムファクター,2019103984,D,202409020812
ファムスパーブ,2019104448,B,202409020812
リュクスウォリアー,2017100447,B,202409020812
マイネルサハラ,2019103543,C,202409020812
エイシンレジューム,2020106518,B,202409020812
エムズマインド,2020101641,B,202409020812
ケイアイオメガ,2019106076,B,202409020812
スズカコーズ,2020101035,C,202409020812
ジャコムスビ,2021101753,B,202410010101
クロドラバール,2021101733,B,202410010101
オールドマイン,2021110129,B,202410010101
ハイグッドワールド,2021104474,B,202410010101
サンライズダマシイ,2021102215,C,202410010101
ミツカネトーラス,2021106900,C,202410010101
グラティアスミノル,2021104424,C,202410010101
ビーコング,2021103595,B,202410010101
ビッグロードヒマリ,2021101178,C,202410010101
アーベントイアー,2021103057,B,202410010101
エイシンロッキー,2021103366,C,202410010101
ワイワイサンデー,2021100746,C,202410010101
カラツノ,2021102817,C,202410010101
メイショウマゴイチ,2021100747,B,202410010101
レフトフィールダー,2021104516,C,202410010103
ダンテズセヴン,2021101662,C,202410010103
サンスイレン,2021101297,B,202410010103
メイショウバンリ,2021102833,C,202410010103
ナリタヴィクトリー,2021102726,B,202410010103
ツーエムピシュー,2021107078,C,202410010103
テーオーダイヤ,2021102563,C,202410010103
ドランクマン,2021102164,B,202410010103
クリノビバーチェ,2021102043,C,202410010103
ラインアルファ,2021103599,C,202410010103
メトゥス,2021101803,B,202410010103
グレッソネイ,2021105371,B,202410010103
アイファーファイト,2019101233,B,202410010107
ヴァンドゥラン,2020105991,B,202410010107
ツヴァイシュテルネ,2019104475,B,202410010107
ウッドショック,2019106923,C,202410010107
ナムラマイケル,2020106145,C,202410010107
トニトゥルス,2020106697,B,202410010107
サノラキ,2019102178,C,202410010107
クリノミニスター,2019103285,C,202410010107
ヒルノピレネー,2020100673,B,202410010107
サンライズスコール,2019101621,B,202410010107
クリノグローリー,2020102360,B,202410010107
スペースザリッパー,2019101473,B,202410010107
ルフレーヴ,2020104490,B,202410010107
ブラックサウザー,2019105678,D,202410010107
イエルバブエナ,2020106899,C,202410010107
マンノライトニング,2020101113,B,202410010107
カラレーション,2018104985,C,202410010109
チュウワモーニング,2020101893,B,202410010109
ヴォードヴィル,2020105872,C,202410010109
ソールズベリー,2019109109,B,202410010109
プメハナ,2020105643,C,202410010109
エルザストラウム,2019104688,C,202410010109
メイショウポペット,2020106896,B,202410010109
モントブレッチア,2019106419,C,202410010109
ラニカイ,2019100635,C,202410010109
スマートケープ,2020102187,B,202410010109
ワイルドベティ,2019105073,B,202410010109
ランスオブサターン,2020104772,B,202410010109
スカンジナビア,2019102794,C,202410010109
バライロノキセキ,2018100185,C,202410010109
メイショウホマレ,2019103401,B,202410010109
パープルグローリー,2019101607,B,202410010109
ハイウェイスター,2021106621,B,202410010201
キンコンテーラー,2021103734,C,202410010201
ミランカ,2021101002,C,202410010201
オテンバムスメ,2021103867,B,202410010201
ドゥーカスコーリ,2021104886,C,202410010201
ブラックドレス,2021101391,C,202410010201
ヴィレーラ,2021107194,B,202410010201
ショーヴァロンス,2021103908,B,202410010201
リラボニート,2021103519,B,202410010201
フォルチューヌ,2021104144,B,202410010201
アイスノート,2021100134,B,202410010201
レーヴドレフォン,2021105895,B,202410010201
ザモウコダマシイ,2018104367,C,202410010203
サリーチャン,2019107032,C,202410010203
メリヴェイユ,2019105964,B,202410010203
オコジュ,2020101265,C,202410010203
カップッチョ,2017104266,C,202410010203
ミッキースピナッチ,2020101649,B,202410010203
シゲルミライ,2020101777,C,202410010203
レターマイハート,2020106888,B,202410010203
ヒメカミノイタダキ,2019101794,C,202410010203
ルクスメテオール,2020102186,B,202410010203
スパークリングアイ,2018102477,B,202410010203
クリノヴァニラ,2018101215,C,202410010203
クインズミント,2018101982,C,202410010203
アカザ,2019104374,B,202410010203
テンナイトパール,2016105014,C,202410010208
ニシノパプルブリリ,2020105495,B,202410010208
ベレン,2019106001,B,202410010208
マーゴットミニモ,2020100655,C,202410010208
スマイルヴィヴァン,2018100895,B,202410010208
トウロウノオノ,2020105578,B,202410010208
プレッジ,2020104472,B,202410010208
トゥピ,2020106776,B,202410010208
イノセンス,2020100072,B,202410010208
オシゲ,2020106642,B,202410010208
ナックダンス,2020106024,C,202410010208
メイショウコボケ,2020106209,B,202410010208
ライラボンド,2019105913,B,202410010211
クロパラントゥ,2018104121,D,202410010211
スマートサニー,2020104304,B,202410010211
サンマルレジェンド,2018106259,B,202410010211
ロッシュローブ,2017102835,B,202410010211
フルヴォート,2018105350,B,202410010211
ジャズブルース,2019101179,C,202410010211
ペースセッティング,2020110007,B,202410010211
ニホンピロスクーロ,2017103890,C,202410010211
トウセツ,2019104589,C,202410010211
カラフルキューブ,2019104537,B,202410010211
スレイマン,2018105164,B,202410010211
デリカダ,2019106929,C,202410010211
ブリッツファング,2019104194,B,202410010211
ハギノアトラス,2016102663,C,202410010211
メイショウドヒョウ,2017106376,C,202410010211
ルージュシュエット,2021105640,C,202410010301
アケノミョウジョウ,2021106671,C,202410010301
フォーレ,2021104533,C,202410010301
グレイトフルペイン,2021101413,B,202410010301
フルリール,2021107178,B,202410010301
シャローム,2021104141,C,202410010301
アムールベル,2021106311,C,202410010301
テイケイモハラ,2021101584,B,202410010301
リリーズブルーム,2021101725,C,202410010301
ジョウショータイプ,2021102508,B,202410010301
プエルタセクレタ,2021105500,C,202410010301
ヨリノサルティア,2021102222,C,202410010301
コパノマイアミ,2021106191,B,202410010301
アプラド,2021100295,C,202410010303
ロッキンドア,2021104165,,202410010303
サンスイレン,2021101297,C,202410010303
イデアガウディ,2021103105,,202410010303
クリノビバーチェ,2021102043,C,202410010303
マーティー,2021109134,C,202410010303
ラインアルファ,2021103599,C,202410010303
エイルドゥノン,2021102810,C,202410010303
プチフレーシュ,2021104982,C,202410010303
ジェネラーレ,2021110153,B,202410010303
ニシノルミリオン,2021106994,C,202410010303
マンダリア,2021104682,C,202410010303
スリーロマンス,2021103722,C,202410010303
スターグロウ,2020101814,B,202410010308
タイセイアーサー,2018104791,C,202410010308
フロンタルジェダイ,2019104712,C,202410010308
アオラキ,2020106692,B,202410010308
ダノンボレロ,2020103338,B,202410010308
エミサソウツバサ,2019104882,C,202410010308
ユアフラッシュ,2020102594,C,202410010308
ウインアラジン,2019106069,C,202410010308
サトノバトラー,2018105256,C,202410010308
ホープインザダーク,2019106824,C,202410010308
クールブロン,2020102724,B,202410010308
アンノウンウォリア,2019100577,B,202410010308
ムジェロ,2020103414,B,202410010308
アイファーテイオー,2020101275,B,202410010311
タロントゥーズ,2020102932,B,202410010311
ワンダーブレット,2019102585,B,202410010311
ミヤジシャルマン,2020101766,C,202410010311
キョウワウォール,2016100201,C,202410010311
ベイパーコーン,2019104118,B,202410010311
サムハンター,2018105996,B,202410010311
メイショウシナノ,2020106635,B,202410010311
サヴァビアン,2018103473,C,202410010311
タイセイウォリアー,2020104148,B,202410010311
トップスターサン,2018110119,C,202410010311
サイレンスタイム,2020104198,C,202410010311
ゴッドブルービー,2020106063,B,202410010311
サンドブラスト,2021106941,A,202410010401
カシノカンピオーネ,2021100516,C,202410010401
シングンアーメット,2021106747,C,202410010401
ギルトエッジ,2021104537,C,202410010401
ローレルロイズ,2021106571,B,202410010401
サンカルミア,2021101305,B,202410010401
ブロットキャスター,2021105945,C,202410010401
ズバットマサムネ,2021105711,B,202410010401
アンバードール,2021104448,B,202410010401
ワイワイサンデー,2021100746,C,202410010401
テイエムノジギク,2021101945,C,202410010401
グランドエスケープ,2021107280,B,202410010401
クラージュミノル,2021104408,B,202410010401
クリノフロンティア,2021107297,C,202410010401
ニホンピロジェシカ,2021104211,C,202410010401
サットサンガ,2021105071,C,202410010401
アカザ,2019104374,B,202410010403
ヨドノゴールド,2018103293,B,202410010403
シャドウダッチェス,2020102872,B,202410010403
カップッチョ,2017104266,C,202410010403
ジェットグリッター,2019104764,B,202410010403
ワンダーヘイルネス,2016102446,B,202410010403
ディアドコス,2020105409,B,202410010403
スノーヴァース,2020100874,B,202410010403
サザンレイク,2020101481,C,202410010403
ワンエルメス,2019102293,B,202410010403
コウソクカレン,2018104971,C,202410010403
シックザイン,2019103887,B,202410010403
ルワンジュ,2019105798,B,202410010403
フェイマスドクター,2020106047,C,202410010403
ガンウルフ,2020110120,B,202410010408
チャプリ,2019102438,C,202410010408
プレイサーゴールド,2020100053,B,202410010408
ララマルシュドロワ,2020110116,B,202410010408
ダノンフューチャー,2019105456,B,202410010408
ジュリエンヌ,2019101151,C,202410010408
ソングオブバラード,2019106618,B,202410010408
ウィービースティ,2020104768,B,202410010408
バンボーレ,2018105842,B,202410010408
ミユキザストロング,2019101413,B,202410010408
ヤマカツレオン,2017103384,B,202410010408
オブシディアン,2020100307,C,202410010408
メリタテス,2020110076,B,202410010408
サンライズフォルス,2020101535,B,202410010408
トロピカルタウン,2020105456,B,202410010408
アークデトリオンフ,2019102793,C,202410010408
タガノエスコート,2019100539,B,202410010411
ローズスター,2020102061,B,202410010411
リファインドマナー,2018104754,C,202410010411
グラストンベリー,2019103004,C,202410010411
シルバーブレッド,2019103055,B,202410010411
ハイエストポイント,2018102048,C,202410010411
ビオグラフィア,2018105471,C,202410010411
メイショウジブリ,2019103917,B,202410010411
ハンディーズピーク,2018102060,B,202410010411
メイショウモズ,2020106196,B,202410010411
サトノスライヴ,2017104056,B,202410010411
ロコポルティ,2018105503,C,202410010411
レリジールダモーレ,2019104729,C,202410010411
ウラヤ,2019110040,B,202410010411
サンライズアリオン,2019103419,B,202410010411
メイクザビート,2020102818,C,202410010411
ヒロイックロイ,2021102613,C,202410010501
ウインメラナイト,2021106196,C,202410010501
タイセイマーシャル,2021107056,C,202410010501
ユーベルメンシュ,2021103148,C,202410010501
ミランカ,2021101002,C,202410010501
ヒロインズクレスト,2021105089,C,202410010501
グランレザンドール,2021106091,B,202410010501
ダイチノカムイ,2021109124,C,202410010501
フェイマスグラース,2021104688,C,202410010501
ゼットスパンキー,2021107255,B,202410010501
グラティアスミノル,2021104424,B,202410010501
ケイアイアルタイル,2021100711,B,202410010501
テイエムタリスマ,2021109043,B,202410010503
メトゥス,2021101803,B,202410010503
オルマジェス,2021100482,C,202410010503
ベニスズメ,2021100777,B,202410010503
ミツカネエリーズ,2021100455,B,202410010503
フーコサンライズ,2021102633,B,202410010503
ダンテズセヴン,2021101662,B,202410010503
イデアガウディ,2021103105,C,202410010503
サンダーバース,2021103582,B,202410010503
デビルシズカチャン,2021105553,C,202410010503
レフトフィールダー,2021104516,C,202410010503
メッセージソング,2019105285,B,202410010507
オブシディアン,2020100307,C,202410010507
サルジュターグ,2020106951,C,202410010507
トロピカルタウン,2020105456,C,202410010507
ハガネ,2020101577,C,202410010507
ニシノシークレット,2020100383,B,202410010507
マイネルカーライル,2020105761,B,202410010507
ヤマニンクイッカー,2019102777,B,202410010507
スマートハンター,2020104306,C,202410010507
ブラックサウザー,2019105678,C,202410010507
クールジャーマン,2020100055,B,202410010507
ジョーカーブラウン,2019103488,C,202410010507
スペースザリッパー,2019101473,C,202410010507
ワンダーウィルク,2019103092,B,202410010507
ヒルノピレネー,2020100673,B,202410010507
ポワンキュルミナン,2020102955,B,202410010507
ノッテルーナ,2020104240,C,202410010510
エピックジョイ,2019103149,B,202410010510
フローラルビアンカ,2019105358,B,202410010510
スカンジナビア,2019102794,B,202410010510
エルザストラウム,2019104688,B,202410010510
トウシンカーリン,2020104496,B,202410010510
トゥーテイルズ,2020103255,C,202410010510
メイショウオーロラ,2020101209,B,202410010510
メイショウコボケ,2020106209,C,202410010510
リースタル,2019103017,C,202410010510
ソールズベリー,2019109109,B,202410010510
モントブレッチア,2019106419,B,202410010510
エナジーロッソ,2018106569,B,202410010510
クリノニキータ,2017102145,B,202410010510
モンネトワ,2020105649,B,202410010510
ルナビス,2020106579,B,202410010510
ワイワイサンデー,2021100746,B,202410010701
テイエムゴールドン,2021100707,C,202410010701
マーベリックシチー,2021100387,B,202410010701
ローレルロイズ,2021106571,C,202410010701
オイデレオ,2021104580,C,202410010701
サンカルミア,2021101305,B,202410010701
アベベ,2021109113,B,202410010701
ケイアイエルナト,2021103121,C,202410010701
レッドクレメンス,2021104970,B,202410010701
タロサンダー,2021106005,C,202410010701
ザロック,2021106845,C,202410010701
マテンロウガーデン,2021103023,B,202410010701
カリフォルニア,2021103728,B,202410010701
モズイージス,2021102151,C,202410010701
レイエル,2021101738,B,202410010701
ボールドチャー,2021104227,C,202410010701
マンダリア,2021104682,C,202410010703
シルバーブリッジ,2021101215,C,202410010703
コパマエチャン,2021104459,C,202410010703
ジーズデイズ,2021104134,B,202410010703
クリノビバーチェ,2021102043,C,202410010703
ホウオウペトリュス,2021105694,B,202410010703
オオゾラヒバリ,2021101793,C,202410010703
マーティー,2021109134,C,202410010703
ジェネラーレ,2021110153,B,202410010703
ヒロノワカ,2021103012,B,202410010703
ニシノウインド,2021102683,C,202410010703
ビーコング,2021103595,C,202410010703
ルーナ,2021107306,B,202410010703
インファンタ,2021101225,B,202410010703
ベイビールビオ,2019103592,B,202410010708
メイショウゴルシ,2020106849,C,202410010708
ウッドショック,2019106923,C,202410010708
レッドアウレア,2018104857,B,202410010708
リゼレインボー,2019102676,C,202410010708
ツヴァイシュテルネ,2019104475,B,202410010708
サンライズジョワ,2019106885,D,202410010708
リーゼノアール,2020104750,B,202410010708
エイトワン,2020110112,B,202410010708
クリノグローリー,2020102360,B,202410010708
ゼニット,2019101675,B,202410010708
モディカ,2019110125,B,202410010708
トニトゥルス,2020106697,C,202410010708
ナムラスワガー,2018106715,C,202410010708
ビービーグラーテス,2020102093,C,202410010708
ウェザーコック,2020101850,B,202410010708
プリティインピンク,2018104208,B,202410010710
デルマシルフ,2019101714,B,202410010710
ペイシャカレン,2019100132,B,202410010710
デルマカミーラ,2019100170,B,202410010710
オーロベルディ,2019103162,B,202410010710
ユウグロスファクタ,2019106119,D,202410010710
アイファースキャン,2020101271,D,202410010710
フォルティーナ,2020100530,B,202410010710
ファーストリッキー,2019101107,C,202410010710
ルクスメテオール,2020102186,B,202410010710
フチサンメルチャン,2017100922,B,202410010710
テンクウフラワー,2019103042,B,202410010710
フラッシュアーク,2019100593,C,202410010710
コウソクカレン,2018104971,B,202410010710
リケアブロンシュ,2021109010,D,202410010801
ブラックドレス,2021101391,B,202410010801
サンピアノソナタ,2021100074,B,202410010801
アケノミョウジョウ,2021106671,C,202410010801
スナークサファイア,2021106176,C,202410010801
ベレニーチェ,2021100680,B,202410010801
ショーヴァロンス,2021103908,C,202410010801
リュクスブリランテ,2021102299,B,202410010801
スマートビアンカ,2021101544,C,202410010801
テーオールビー,2021109027,B,202410010801
フォルチューヌ,2021104144,C,202410010801
ハイウェイスター,2021106621,B,202410010801
ニホンピロマリンバ,2021103841,B,202410010801
ベルメサイア,2021103776,B,202410010801
オテンバムスメ,2021103867,B,202410010801
レインメーカー,2020103103,B,202410010803
ザモウコダマシイ,2018104367,C,202410010803
ミッキースピナッチ,2020101649,B,202410010803
ザアトム,2019101266,C,202410010803
コスモジョセフ,2020105277,B,202410010803
ジェットグリッター,2019104764,B,202410010803
シルバーキングダム,2019103553,C,202410010803
ユナイテッドハーツ,2018100773,B,202410010803
タイコネン,2019101484,D,202410010803
フクノルッカ,2018100299,C,202410010803
フェイマスドクター,2020106047,B,202410010803
サンマルセレッソ,2018101379,B,202410010803
ブリラーノ,2019102783,B,202410010803
クリノヴァニラ,2018101215,B,202410010803
トラストベル,2019100390,B,202410010808
ファルシオン,2020105996,B,202410010808
チャプリ,2019102438,B,202410010808
アルタビスタ,2020103579,B,202410010808
リノアラ,2019101620,C,202410010808
プレッジ,2020104472,B,202410010808
ニシノパプルブリリ,2020105495,B,202410010808
リヤンドメテオール,2020102961,C,202410010808
セットリスト,2019105271,B,202410010808
ナックダンス,2020106024,B,202410010808
エールミネルヴァ,2020102680,B,202410010808
ヘネラリーフェ,2018106353,B,202410010808
ガンウルフ,2020110120,B,202410010810
ヴェールアップ,2018105137,B,202410010810
タマモタップダンス,2019106690,B,202410010810
テーオーサンドニ,2019104079,B,202410010810
ディサイド,2019100663,B,202410010810
ライツフォル,2020103398,B,202410010810
ワールドハート,2019100251,C,202410010810
サンライズグルーヴ,2020104793,C,202410010810
シンリミテス,2019106148,B,202410010810
タガノカンデラ,2019100546,B,202410010810
インテンスフレイム,2018100679,C,202410010810
アレクサ,2020100189,C,202410010810
テイエムシニスター,2019100083,C,202410010810
カラレーション,2018104985,C,202410010810
フロンタルクリス,2018104517,B,202410010810
オースミリン,2019102635,B,202410010810
タマモキサキ,2021103596,C,202410020101
カネコメファミリー,2021104151,B,202410020101
クイーンブラッド,2021101158,C,202410020101
カンカール,2021102303,C,202410020101
メイショウリリー,2021103209,B,202410020101
ナムラリーナ,2021104304,B,202410020101
シーメジャー,2021105216,C,202410020101
テリオスソラ,2021104037,B,202410020101
ルフトクス,2021105502,B,202410020101
ウェイトゥゴー,2021104413,C,202410020101
スマートヌーメン,2021103934,C,202410020101
フェイマスグラース,2021104688,B,202410020101
ヒロインズクレスト,2021105089,C,202410020101
リベリアンガール,2021106208,B,202410020101
サンプルメリア,2021101302,B,202410020103
オルマジェス,2021100482,C,202410020103
セッテイロク,2021102709,C,202410020103
カネトシショウカ,2021100710,B,202410020103
シャインネイト,2021101484,C,202410020103
ラインアルファ,2021103599,B,202410020103
ミツカネエリーズ,2021100455,B,202410020103
ウィンドブレイク,2021101686,B,202410020103
ペレグリン,2021100906,B,202410020103
リナリア,2021103966,C,202410020103
メトゥス,2021101803,B,202410020103
サンスイレン,2021101297,B,202410020103
タイセイタリスマン,2021106721,B,202410020103
ライヴパトラッシュ,2021103437,C,202410020103
リグレイアー,2020102225,B,202410020107
パルメリータ,2020102642,B,202410020107
トウロウノオノ,2020105578,B,202410020107
ブーバー,2020102840,B,202410020107
レタラ,2019106334,B,202410020107
ミッキーマカロン,2020103403,B,202410020107
テンナイトパール,2016105014,C,202410020107
ツインビスケッツ,2020102949,B,202410020107
スマイルヴィヴァン,2018100895,C,202410020107
ワイドカイゼリン,2020102231,B,202410020107
ノーブルアクト,2020104744,B,202410020107
ベイパーコーン,2019104118,B,202410020111
パープルグローリー,2019101607,B,202410020111
ドゥラレジリエント,2020102845,B,202410020111
マルベリーシチー,2020100684,B,202410020111
スマートセプター,2019106165,B,202410020111
アイファーテイオー,2020101275,B,202410020111
オセアフラッグ,2020102044,B,202410020111
トップスターサン,2018110119,B,202410020111
ロイガヴェーグル,2020103697,B,202410020111
ヴィンテージボンド,2019105095,B,202410020111
アタカンテ,2019106608,C,202410020111
タイセイウォリアー,2020104148,B,202410020111
メイショウホマレ,2019103401,B,202410020111
ナイトアクアリウム,2020103005,B,202410020111
ミヤジシャルマン,2020101766,C,202410020111
アカノストロング,2019104877,B,202410020111
ジョウショータイプ,2021102508,C,202410020201
ジョナ,2021103750,B,202410020201
パッカパッカブー,2021102969,B,202410020201
ガーデンカメリア,2021110139,B,202410020201
マシュー,2021104738,C,202410020201
アアル,2021110150,B,202410020201
ソルトロング,2021102960,B,202410020201
センカラット,2021106362,B,202410020201
ハイグッドワールド,2021104474,B,202410020201
ケイアイアルタイル,2021100711,B,202410020201
メイショウムカバキ,2021100741,C,202410020201
ランドマックス,2021100251,B,202410020201
ウインメラナイト,2021106196,B,202410020201
キングベルベット,2021104320,B,202410020201
アーベントイアー,2021103057,C,202410020201
サザンレイク,2020101481,B,202410020203
ルソレイユ,2020100897,B,202410020203
シルヴァーゴースト,2020106750,B,202410020203
ワタシダケドナニカ,2020103918,C,202410020203
セロンテソーロ,2020109134,C,202410020203
ニルアドミラリ,2018110134,B,202410020203
シンゼンシャイン,2018106865,B,202410020203
シルバーキングダム,2019103553,C,202410020203
マリブパイン,2019106239,B,202410020203
ディアドコス,2020105409,B,202410020203
サニーサフラン,2020100892,B,202410020203
カップッチョ,2017104266,B,202410020203
インゴットバード,2018102566,B,202410020203
フレンドパル,2018103766,C,202410020203
ウィービースティ,2020104768,C,202410020208
スマートハンター,2020104306,B,202410020208
マカンマカン,2019105088,B,202410020208
スカパラダイス,2020105730,B,202410020208
インテンソ,2020103636,B,202410020208
ミユキザストロング,2019101413,C,202410020208
ダノンボレロ,2020103338,B,202410020208
バンボーレ,2018105842,B,202410020208
レッドアウレア,2018104857,C,202410020208
クールジャーマン,2020100055,B,202410020208
サンライズスコール,2019101621,B,202410020208
ダノンフューチャー,2019105456,B,202410020212
ベイビールビオ,2019103592,C,202410020212
ブルーグロット,2019101276,C,202410020212
ニシノシークレット,2020100383,B,202410020212
サンライズパスカル,2020102343,B,202410020212
トリオンファーレ,2020102771,B,202410020212
ボールドトップ,2020106472,C,202410020212
ヒルノピレネー,2020100673,B,202410020212
サンライズフォルス,2020101535,B,202410020212
ウォーターハウス,2020102664,B,202410020212
ヤマニンクイッカー,2019102777,B,202410020212
オブシディアン,2020100307,C,202410020212
サパテアール,2019102514,B,202410020212
ベルメサイア,2021103776,B,202410020301
アオイサクラ,2021109004,C,202410020301
マサノナデシコ,2021102811,C,202410020301
サンセットブライト,2021102753,B,202410020301
バタフライロック,2021102058,C,202410020301
サクラヒメ,2021107234,C,202410020301
マックスセレナーデ,2021101400,B,202410020301
ミランカ,2021101002,C,202410020301
メイケイアリッサム,2021105841,C,202410020301
ラストヒロイン,2021101768,C,202410020301
スナークサファイア,2021106176,B,202410020301
オテンバムスメ,2021103867,B,202410020301
キャラメルショコラ,2021105504,C,202410020301
ローマンレイク,2021105976,B,202410020301
グッドレイン,2021107046,C,202410020301
ライトピラー,2021101204,B,202410020301
サンリコリス,2021101299,C,202410020303
ドンアポロン,2021106539,B,202410020303
スパークルジョイ,2021101891,C,202410020303
クリノカグヤ,2021100228,B,202410020303
ミスエル,2021106986,C,202410020303
エブリモーメント,2021104649,B,202410020303
レアグリフォン,2021103556,B,202410020303
ガラスノブルース,2021104276,B,202410020303
テイエムタリスマ,2021109043,B,202410020303
クリーゲリン,2021106617,B,202410020303
リナリア,2021103966,C,202410020303
アプラド,2021100295,B,202410020303
ポッドジャスパー,2021100578,C,202410020303
アイビーイダテン,2021107301,C,202410020303
フロスティクォーツ,2018103120,C,202410020307
アイファーファイト,2019101233,B,202410020307
ロザシアニン,2019100097,C,202410020307
チョッピー,2019106107,C,202410020307
シンゼンハット,2019103912,B,202410020307
ニシノシークレット,2020100383,,202410020307
ヤマカツレオン,2017103384,B,202410020307
リゼレインボー,2019102676,B,202410020307
ボールドトップ,2020106472,,202410020307
ファルコンミノル,2020104748,B,202410020307
バックトゥザライト,2020102687,B,202410020307
ロードマゼラン,2019103036,C,202410020307
リーゼノアール,2020104750,B,202410020307
ゴッドブルービー,2020106063,B,202410020311
プレミアムスマイル,2019105256,B,202410020311
ロコポルティ,2018105503,B,202410020311
レリジールダモーレ,2019104729,C,202410020311
タガノエスコート,2019100539,B,202410020311
プリンスミノル,2019106027,C,202410020311
ロードバルドル,2019100410,B,202410020311
サンライズグルーヴ,2020104793,B,202410020311
シルバーブレッド,2019103055,C,202410020311
イチネンエーグミ,2019106684,B,202410020311
ハンディーズピーク,2018102060,B,202410020311
ヴィルヘルム,2018104982,B,202410020311
モズマゾク,2018101075,B,202410020311
グラストンベリー,2019103004,B,202410020311
コパノニコルソン,2019104116,B,202410020311
スマートムーラン,2019101778,B,202410020311
ゼンダンスカイ,2021106294,B,202410020401
カシノカンピオーネ,2021100516,C,202410020401
ドナアフロディテ,2021100794,B,202410020401
ウェイトゥゴー,2021104413,C,202410020401
タマモキャリコ,2021103197,B,202410020401
ベルノレイズ,2021104194,B,202410020401
ダンツニーヴァ,2021101425,B,202410020401
ベストオブキング,2021103992,C,202410020401
ズバットマサムネ,2021105711,B,202410020401
キモンキャリントン,2021102245,B,202410020401
ミリオーレアルバ,2021105090,C,202410020401
エスオーライジング,2021102631,B,202410020401
カルデナール,2021105110,B,202410020401
スナークラファエロ,2021103987,B,202410020401
シンボルザサン,2021105186,C,202410020401
アドーネ,2021106402,C,202410020401
スパークリングアイ,2018102477,B,202410020403
カフェクロニクル,2019106183,B,202410020403
サザンレイク,2020101481,C,202410020403
ヒメカミノイタダキ,2019101794,C,202410020403
ピンクムーン,2019103965,B,202410020403
スターザサンライズ,2019101624,B,202410020403
ラージベル,2019102203,B,202410020403
メルティーショコラ,2020104295,B,202410020403
シックザイン,2019103887,C,202410020403
パワポケビー,2019107007,B,202410020403
クロンヌドラレーヌ,2019104720,C,202410020403
カンフーダンス,2020102639,C,202410020403
シャドウダッチェス,2020102872,B,202410020403
ワンダーヘイルネス,2016102446,C,202410020403
タッチャブル,2020105670,B,202410020406
エミサソウツバサ,2019104882,C,202410020406
ユアフラッシュ,2020102594,B,202410020406
ムジェロ,2020103414,B,202410020406
リオンエトワール,2020102589,C,202410020406
アンノウンウォリア,2019100577,C,202410020406
ウインアラジン,2019106069,B,202410020406
フロンタルジェダイ,2019104712,B,202410020406
アマートカヴァロ,2020103754,B,202410020406
サトノバトラー,2018105256,B,202410020406
スカイドゥエラー,2018100961,B,202410020406
アットアブラスト,2020101323,D,202410020406
ジャスパーワールド,2020110107,C,202410020406
オースミメッシーナ,2019105860,B,202410020409
バスドラムガール,2020104363,B,202410020409
ルヴェルジェ,2019110130,C,202410020409
フェズカズマ,2019105218,B,202410020409
オーロベルディ,2019103162,B,202410020409
ミユキアイラブユー,2019105058,B,202410020409
バサラ,2020104129,C,202410020409
デルマシルフ,2019101714,B,202410020409
ニシノラーナ,2019103261,C,202410020409
ヤマイチエスポ,2019100288,B,202410020409
マキアージュ,2019102747,B,202410020409
フェイマスドクター,2020106047,B,202410020409
コパノバークレー,2020104671,B,202410020409
テイエムスイスイ,2020105136,B,202410020409
フルリール,2021107178,B,202410020501
ファインデイ,2021101392,C,202410020501
ゼンノジーニー,2021106975,B,202410020501
ノアファラオ,2021104358,B,202410020501
カシノテンダー,2021109143,B,202410020501
バッジオブオナー,2021104753,C,202410020501
カリフォルニア,2021103728,B,202410020501
キングベルベット,2021104320,B,202410020501
ウインパルファン,2021106222,C,202410020501
マルカフェリス,2021105199,C,202410020501
カシノレッヒエルン,2021100812,C,202410020501
サンライズシア,2021103320,B,202410020501
タイセイフォルテ,2021105345,B,202410020501
ブロットキャスター,2021105945,C,202410020501
モズクマチー,2021101778,C,202410020501
ブリーズアップ,2021103132,C,202410020501
インファンタ,2021101225,B,202410020503
コパマエチャン,2021104459,C,202410020503
テイエムボニータ,2021100429,C,202410020503
マンダリア,2021104682,B,202410020503
ミスサン,2021107068,C,202410020503
フェアアイル,2021105827,B,202410020503
マーメイド,2021101474,C,202410020503
サンプルメリア,2021101302,B,202410020503
レインボートパーズ,2021106382,C,202410020503
ヴェラリーシャ,2021103172,B,202410020503
ルーナ,2021107306,B,202410020503
ネオアステーリ,2021106125,B,202410020503
ヴィシェラ,2021100655,C,202410020503
ヴェネラリア,2021101101,C,202410020503
エールミネルヴァ,2020102680,C,202410020507
リノアラ,2019101620,C,202410020507
チャプリ,2019102438,B,202410020507
リヤンドメテオール,2020102961,B,202410020507
ナムララジベラ,2020101288,B,202410020507
ブルーペクトライト,2020103556,B,202410020507
リグレイアー,2020102225,B,202410020507
ニシノパプルブリリ,2020105495,B,202410020507
サイモンブーケ,2020102317,B,202410020507
バイロイト,2019101920,B,202410020507
パラディ,2020100166,B,202410020507
シャウラ,2020105124,B,202410020507
ワイドカイゼリン,2020102231,C,202410020507
イノセンス,2020100072,C,202410020507
トゥーテイルズ,2020103255,C,202410020510
ディサイド,2019100663,B,202410020510
アレクサ,2020100189,B,202410020510
フローラルビアンカ,2019105358,C,202410020510
リアルシング,2017103378,C,202410020510
フロンタルクリス,2018104517,B,202410020510
ジルバーン,2019104761,B,202410020510
テンウォークライ,2018100247,B,202410020510
サムハンター,2018105996,B,202410020510
ニホンピロハーバー,2018103828,B,202410020510
マイネルカーライル,2020105761,B,202410020510
コパノオースティン,2019102343,C,202410020510
アッチャゴーラ,2020102843,B,202410020510
シゲルショウグン,2020101694,B,202410020510
メイショウコボケ,2020106209,C,202410020510
オースミリン,2019102635,B,202410020510
パッカパッカブー,2021102969,B,202410020601
アルピニスト,2021106296,C,202410020601
アケノミョウジョウ,2021106671,C,202410020601
シングマイブルース,2021110068,B,202410020601
アスクナサニエル,2021110006,B,202410020601
モナビジュー,2021103024,C,202410020601
メイショウウミカゼ,2021103269,B,202410020601
エンジェルズキッス,2021106525,C,202410020601
インジケーター,2021103574,B,202410020601
テイエムゴールドン,2021100707,B,202410020601
ヒデシンイメル,2021100678,B,202410020601
トラストバシレウス,2021106924,C,202410020601
パレスパートナー,2021102357,B,202410020601
クアトロジャック,2021106105,B,202410020601
タイセイガスト,2021102304,C,202410020601
イズジョーノヒカリ,2021107101,B,202410020601
ボルドーネセバル,2020107163,D,202410020603
サンマルセレッソ,2018101379,C,202410020603
ジューンアース,2020100702,B,202410020603
ヒメカミノイタダキ,2019101794,,202410020603
アネモス,2020104164,B,202410020603
ニルアドミラリ,2018110134,C,202410020603
イツモハラペコ,2020107203,C,202410020603
シルヴァーゴースト,2020106750,B,202410020603
モーデン,2018100442,B,202410020603
フクノルッカ,2018100299,B,202410020603
ジェットグリッター,2019104764,B,202410020603
ザアトム,2019101266,B,202410020603
ベアカワイコチャン,2020100039,B,202410020603
モメチョッタ,2016101650,C,202410020603
ミユキザストロング,2019101413,B,202410020608
プレイサーゴールド,2020100053,B,202410020608
アルシオーネ,2018106561,B,202410020608
ヤマニンクイッカー,2019102777,B,202410020608
ヒルノデプラーツ,2019106573,B,202410020608
ヴィクトリーロード,2020103931,C,202410020608
タマモヴェナトル,2020104864,C,202410020608
クリノグローリー,2020102360,B,202410020608
フェニックスループ,2019104918,B,202410020608
ボールドトップ,2020106472,,202410020608
トリオンファーレ,2020102771,C,202410020608
アンジュグルーヴ,2021105613,B,202410020609
オーケーカルメン,2021102380,C,202410020609
タケノシンセイ,2021100376,C,202410020609
グラティアスミノル,2021104424,B,202410020609
フォーディアライフ,2021104770,B,202410020609
コパノマイアミ,2021106191,B,202410020609
コパノアントニオ,2021103125,B,202410020609
コトホドサヨウニ,2021103306,B,202410020609
クロドラバール,2021101733,B,202410020609
エートラックス,2021104876,B,202410020609
ハクサンツキミテイ,2021104564,C,202410020609
バスタードサフラン,2021106610,B,202410020609
スパークルジョイ,2021101891,B,202410020703
コパマエチャン,2021104459,,202410020703
ココロオドル,2021106488,B,202410020703
メイショウニコニコ,2021102031,C,202410020703
ビーコング,2021103595,B,202410020703
スリーボビー,2021103742,C,202410020703
ヒロブライト,2021103983,C,202410020703
スターチスブーケ,2021110075,B,202410020703
ドランクマン,2021102164,C,202410020703
ライスネイチャ,2021102742,B,202410020703
ルクスリーベン,2021102082,C,202410020703
フレイミングパイ,2021106936,C,202410020703
オープンソース,2021101208,C,202410020703
ストライクオン,2021102912,C,202410020703
カセノルーパス,2021102865,B,202410020707
テトラード,2021104999,C,202410020707
ハイグッドワールド,2021104474,B,202410020707
トントンプー,2021109052,,202410020707
プルーフリーダー,2021104437,C,202410020707
ウィズキッド,2021104152,C,202410020707
ボーズマン,2021102344,B,202410020707
ドレアンティア,2021107356,B,202410020707
キモンキャリントン,2021102245,C,202410020707
カリフォルニア,2021103728,,202410020707
クリノフロンティア,2021107297,C,202410020707
スキルハンター,2021104146,C,202410020707
アーロンイメル,2021100255,B,202410020707
エクササイズ,2021103099,C,202410020707
オルデラン,2021105392,B,202410020707
クロマク,2021103869,B,202410020707
メイショウホマレ,2019103401,B,202410020711
ブーバー,2020102840,B,202410020711
ミヤビクライ,2019106118,B,202410020711
モディカ,2019110125,C,202410020711
ミエノナイスガイ,2019103767,C,202410020711
ミヤジシャルマン,2020101766,B,202410020711
タイキドミニオン,2018106473,B,202410020711
ヴィンテージボンド,2019105095,B,202410020711
タマモベローナ,2019100182,C,202410020711
タマモヴェナトル,2020104864,C,202410020711
テーオーレガシー,2020100604,B,202410020711
タマモタップダンス,2019106690,A,202410020711
テイエムシニスター,2019100083,B,202410020711
ワイルドベティ,2019105073,B,202410020711
アイファーテイオー,2020101275,B,202410020711
サパテアール,2019102514,B,202410020711
ワンダーヘイルネス,2016102446,B,202410020803
ヨドノゴールド,2018103293,B,202410020803
ピンクムーン,2019103965,B,202410020803
ハローメリールー,2019101273,C,202410020803
シンゼンシャイン,2018106865,B,202410020803
サザンレイク,2020101481,B,202410020803
シックザイン,2019103887,B,202410020803
アネモス,2020104164,B,202410020803
テーオートルネード,2019104053,C,202410020803
リッキーヤスオカ,2019101673,B,202410020803
フレンドパル,2018103766,B,202410020803
ミッキースピナッチ,2020101649,B,202410020803
パクスロマーナ,2020104616,C,202410020803
アスターヘキサゴン,2019101260,C,202410020803
ラブアンドラッキー,2021100450,C,202410020806
コムルヴァン,2021107168,C,202410020806
ブラックドレス,2021101391,C,202410020806
オテンバムスメ,2021103867,B,202410020806
マサノナデシコ,2021102811,C,202410020806
カネコメファミリー,2021104151,B,202410020806
デビルシズカチャン,2021105553,B,202410020806
リルト,2021105691,B,202410020806
ワクワクドリーム,2021100748,B,202410020806
ファインプリンセス,2021101689,B,202410020806
ランデヴーローズ,2021103072,B,202410020806
メイショウリリー,2021103209,B,202410020806
ウキヨノユメ,2021101354,C,202410020806
ガンバリキ,2021106053,,202410020806
エリカグロリア,2020104120,C,202410020808
トウロウノオノ,2020105578,B,202410020808
フライングバレル,2018102586,C,202410020808
レインボーウェザー,2020103122,B,202410020808
バイロイト,2019101920,,202410020808
ミッキーマカロン,2020103403,B,202410020808
ツインビスケッツ,2020102949,B,202410020808
セットリスト,2019105271,B,202410020808
ライジングラパス,2020109096,B,202410020808
タガノチョコラータ,2020105533,B,202410020808
ヘネラリーフェ,2018106353,C,202410020808
クリノミニスター,2019103285,C,202410020812
オリンポスカズマ,2020102013,C,202410020812
クラウドセイル,2020102552,B,202410020812
サンライズパスカル,2020102343,B,202410020812
ポワンキュルミナン,2020102955,C,202410020812
ナンヨークリスタル,2020103513,C,202410020812
クリノヴィンセント,2017101624,C,202410020812
ヒドゥンキング,2019106716,,202410020812
ウイニンググレイス,2020107143,B,202410020812
ニシノシークレット,2020100383,B,202410020812
ナチュラルリバー,2020102559,C,202410020812
ヒルノデプラーツ,2019106573,C,202410020812
リーゼノアール,2020104750,C,202410020812
スマートハンター,2020104306,B,202410020812
リゼレインボー,2019102676,B,202410020812
ミリオンタイムズ,2021100142,B,202410030102
マナ,2021101755,B,202410030102
エイユーウォーリア,2021102533,C,202410030102
ジーティーサンサン,2021106501,C,202410030102
ウインオーブ,2021106200,C,202410030102
オースサイン,2021106295,C,202410030102
カプシーヌ,2021102917,B,202410030102
マサレエトワール,2021104834,C,202410030102
ジャスパーサン,2021107366,C,202410030102
ミッキースバル,2021101490,B,202410030102
シャカシャカシー,2021101237,B,202410030102
ツーエムピシュー,2021107078,B,202410030102
タイヘイノヨ,2021103864,B,202410030102
ビーコング,2021103595,A,202410030102
コスモストーム,2022104120,C,202410030106
モンテシート,2022105108,B,202410030106
オトメナシャチョウ,2022110088,C,202410030106
マルモリスパークル,2022100452,D,202410030106
ロワン,2022101499,B,202410030106
カリスパール,2022106035,C,202410030106
アーデルリーベ,2022104633,B,202410030106
ボヌールキャッツ,2022105124,B,202410030106
メイショウボヌール,2021102567,B,202410030107
トゥラッタッタ,2021102973,B,202410030107
ルパンモージュ,2021104679,C,202410030107
レッドモンストル,2021104207,B,202410030107
ラブリーメイク,2021102680,B,202410030107
ミヤノキングリー,2021102513,C,202410030107
ユウトザイースト,2021104661,C,202410030107
テイエムデンセツ,2021102160,C,202410030107
ボーズマン,2021102344,D,202410030107
ゼンノジーニー,2021106975,C,202410030107
ケイティガイア,2021104471,B,202410030107
エピックナイト,2021106248,B,202410030107
アレナパラシオ,2021100752,B,202410030107
シレンツィオ,2021102959,B,202410030107
アマントアスク,2021107371,C,202410030107
ソルアマゾン,2021104667,C,202410030107
イルミネーター,2017105895,C,202410030110
シュガーコルト,2019106364,B,202410030110
エナジーポコアポコ,2020106934,B,202410030110
ピジョンブラッド,2019100625,B,202410030110
タイセイウォリアー,2020104148,B,202410030110
ハイラブハンター,2018103195,C,202410030110
ファムスパーブ,2019104448,C,202410030110
トーアエレクトロン,2018105738,B,202410030110
トーホウガレオン,2020103499,C,202410030110
インテンソ,2020103636,B,202410030110
メイショウホマレ,2019103401,B,202410030110
サイモンルモンド,2017106722,C,202410030110
タイキドミニオン,2018106473,B,202410030110
フラムリンガム,2021104910,B,202410030110
ケイアイメビウス,2019100323,B,202410030110
ライジングラパス,2020109096,B,202410030110
サウンドチアフル,2021102778,C,202410030203
ホルガーダンスク,2021105096,B,202410030203
ファッシネイトパイ,2021103617,B,202410030203
テーオーエメラルド,2021102234,B,202410030203
タガノディガー,2021107107,C,202410030203
ランドシュール,2021102660,C,202410030203
ホウショウリナ,2021103069,B,202410030203
メタルハート,2021100565,B,202410030203
モズユイユイ,2021106702,B,202410030203
ポッドフラッター,2021104980,C,202410030203
ゲインサポート,2021104590,B,202410030203
マンチェスター,2021100483,C,202410030203
スラストアウェイ,2021109084,C,202410030203
メイケイアリッサム,2021105841,C,202410030203
メイショウマツリ,2021103270,B,202410030203
トーレ,2021103161,C,202410030203
フレイミングパイ,2021106936,B,202410030207
プリンセスカレン,2021103602,B,202410030207
ルミナスサンライズ,2021103146,B,202410030207
イミュータブル,2020104346,C,202410030207
オールスティール,2020107142,C,202410030207
コロル,2020104769,C,202410030207
エンドレスロード,2019100665,B,202410030207
ゼンノツキヨミ,2021106983,B,202410030207
メイショウキルギス,2021103155,B,202410030207
ラストボーン,2021104639,C,202410030207
テーオードラッカー,2021102244,B,202410030207
カズラポニアン,2019105148,B,202410030207
ロードドミニオン,2017103656,B,202410030207
シリウス,2021100086,B,202410030207
カシノブレンド,2016100297,B,202410030210
メイショウシナノ,2020106635,B,202410030210
ウィズユアドリーム,2020101918,B,202410030210
メイショウミカワ,2018106458,B,202410030210
イチネンエーグミ,2019106684,B,202410030210
ゴッドブルービー,2020106063,B,202410030210
タガノエスコート,2019100539,B,202410030210
コンティノアール,2020103785,B,202410030210
アスクビックスター,2019106414,B,202410030210
レリジールダモーレ,2019104729,B,202410030210
エミサキホコル,2020102751,C,202410030210
ダンテバローズ,2020104661,B,202410030210
メイショウコガシラ,2020100979,B,202410030210
ヘニータイフーン,2020104675,C,202410030210
レッドエランドール,2017104972,B,202410030210
グラストンベリー,2019103004,B,202410030210
ダイヤグラフ,2020103550,B,202410030212
シャイニングローズ,2021100448,B,202410030212
リノアラ,2019101620,B,202410030212
ヴァンヴィーヴ,2021101399,B,202410030212
マーブルマウンテン,2021110084,B,202410030212
ヒロノラメール,2021104131,B,202410030212
サトノマジェスタ,2018104713,B,202410030212
カズペトシーン,2020105585,B,202410030212
フリークボンバー,2017103822,B,202410030212
セイウンデセオ,2021100248,B,202410030212
カルパ,2021105736,C,202410030212
メイショウフィガロ,2019103400,B,202410030212
ララマルシュドロワ,2020110116,B,202410030212
モズアカボス,2020110069,B,202410030212
オーケーミネルバ,2021100301,C,202410030212
キャピタルサックス,2021106706,B,202410030212
タマハガネ,2021100865,C,202410030303
ビーコング,2021103595,B,202410030303
ヴェストラン,2021100695,C,202410030303
ヨシノヤッタルデー,2021102336,B,202410030303
シノノメ,2021101679,C,202410030303
ポートカルタヘナ,2021104615,B,202410030303
ブライトルピナス,2021103598,B,202410030303
ルミリオン,2021100381,B,202410030303
メイショウヴァイゼ,2021102981,C,202410030303
ゲーベル,2021100786,B,202410030303
シュムック,2021102415,C,202410030303
ブラックリバー,2021104484,B,202410030303
フレアビート,2021109110,B,202410030303
エクセレンアーサー,2021107236,B,202410030303
フルオブサクセス,2021110091,B,202410030307
オールラウンダー,2021102442,B,202410030307
マテンロウタイム,2021106988,B,202410030307
エイシンソブリン,2021102604,C,202410030307
トゥラッタッタ,2021102973,B,202410030307
ボックスオフィス,2021101691,C,202410030307
カラリパヤット,2021105681,B,202410030307
メイショウアラセツ,2021102836,B,202410030307
ホウショウディーバ,2021100268,B,202410030307
ケンジョー,2021110152,B,202410030307
ハセノビーバー,2021101389,C,202410030307
リトルハピ,2021106624,B,202410030307
テーオーニコラス,2021106368,C,202410030307
アンバサダー,2021101380,C,202410030307
メイショウイコマ,2021102599,C,202410030307
ホットエンペラー,2021103581,C,202410030307
アルムラトゥール,2020105545,B,202410030311
ユウグロスファクタ,2019106119,C,202410030311
ラインガルーダ,2017106295,B,202410030311
メルシー,2019100451,B,202410030311
ダノンセシボン,2020101633,B,202410030311
メイショウフジタカ,2018105860,B,202410030311
エコロアイ,2020110137,B,202410030311
スキピオ,2018101032,B,202410030311
ジェットエンブレム,2018100886,B,202410030311
オーロベルディ,2019103162,B,202410030311
ペプチドヤマト,2019103605,B,202410030311
クロデメニル,2019110103,B,202410030311
ゼットスティール,2020100202,B,202410030312
アシャカブラン,2021105933,C,202410030312
カネトシゴウト,2021100709,B,202410030312
ゴットゴーゴー,2018105530,C,202410030312
ヘルモーズ,2021105431,B,202410030312
パシアンジャン,2021104503,C,202410030312
ウインドワンピース,2020103901,B,202410030312
メイショウソウタ,2021103263,B,202410030312
スマートハンター,2020104306,B,202410030312
ミスティカ,2021100098,B,202410030312
サンダーバース,2021103582,B,202410030312
レッドリベルタ,2021102436,B,202410030312
スーパーアグリ,2020103340,B,202410030312
マリオンエール,2018101371,C,202410030312
モズバンディット,2020101268,B,202410030312
キタノズエッジ,2021100505,C,202410030312
ハイウェイスター,2021106621,B,202410030404
コウソクテツドウ,2021106252,B,202410030404
ボンジーア,2021104034,C,202410030404
ミラノヴェローチェ,2021103019,C,202410030404
ワンダーガナンシア,2021107387,D,202410030404
ナムラリーナ,2021104304,B,202410030404
フウシカデン,2021106696,C,202410030404
ユキカゼ,2021105645,C,202410030404
クールシェリー,2021106929,C,202410030404
シルヴァリームーン,2021101049,A,202410030404
ファインスカート,2021101217,B,202410030404
メイショウポワロ,2021102547,C,202410030404
アップルハウス,2021106911,C,202410030404
ダイシンサンディー,2021106246,B,202410030404
オテンバムスメ,2021103867,C,202410030404
デイムサンライズ,2021102223,B,202410030404
