horse_id,sire,sire_id,dam,dam_id,damsire,damsire_id
2012100683,マツリダゴッホ,2003104570,コスモクラッベ,2006104855,マイネルラヴ,1995108558
2013101904,ステイゴールド,1994108729,コスモスプラッシュ,2005105507,メジロブライト,1994108411
2014100566,ヴィクトワールピサ,2007102923,ヤマニンプロローグ,2004100645,フレンチデピュティ French Deputy(米),000a00013a
2014101586,キングカメハメハ,2001103460,クリスタルコースト,2002100943,サンデーサイレンス Sunday Silence(米),000a00033a
2014102562,エンパイアメーカー Empire Maker(米),000a010542,マイグリーン,1998103398,ダンシングブレーヴ Dancing Brave(米),000a0000cc
2014102625,アグネスデジタル,1997110025,ダイメイダーク,2007104165,ダンスインザダーク,1993109188
2014103040,ルーラーシップ,2007103143,エイシンサンサン,1992105000,キャロルハウス Carroll House(愛),1985109001
2014103514,メイショウボーラー,2001100650,パワフルリーフ,2004102247,ウイニングチケット,1990102314
2014103896,マンハッタンカフェ,1998101554,エガオヨシ,2006100450,タイキシャトル,1994109686
2014103963,クロフネ,1998110135,クイーンマルサ,2006106732,ステイゴールド,1994108729
2014104716,フリオーソ,2004106867,シックスポケット,2003105652,カリズマティック Charismatic(米),000a00fa33
2014106286,キングヘイロー,1995104427,キーラッキー,2004101061,ティンバーカントリー Timber Country(米),000a00035e
2014109137,ロージズインメイ Roses in May(米),000a010a10,フォンティーン,2003102862,エンドスウィープ End Sweep(米),000a00010f
2015100274,キングヘイロー,1995104427,ベストフューチャー,2007104417,ロージズインメイ Roses in May(米),000a010a10
2015100533,ドリームジャーニー,2004102753,ドナフュージョン,2005101764,シンボリクリスエス,1999110099
2015100744,ステイゴールド,1994108729,マイネテレジア,2007104916,ロージズインメイ Roses in May(米),000a010a10
2015100822,ベーカバド Behkabad(仏),000a011dc0,ハロードリーム,2004106632,ブライアンズタイム Brian's Time(米),000a000082
2015101447,エイシンフラッシュ,2007102951,ホーネットピアス,1994108660,サンデーサイレンス Sunday Silence(米),000a00033a
2015101654,ステイゴールド,1994108729,ブリクセン Blixen(米),000a0116c5,Gone West,000a001be1
2015102127,モンテロッソ Monterosso(英),000a011b05,スズカグレイス,2002107012,サンデーサイレンス Sunday Silence(米),000a00033a
2015103109,サウスヴィグラス,1996110138,メイショウヒミコ,2003105798,Elusive Quality,000a00231f
2015103217,オルフェーヴル,2008102636,ティックルピンク,2006102841,フレンチデピュティ French Deputy(米),000a00013a
2015103340,ダイワメジャー,2001103114,アルペンローズ Alpine Rose(米),000a00fecb,Kris S.,000a0016f2
2015103357,ヴィクトワールピサ,2007102923,ダンシングブルーム,1998103160,コマンダーインチーフ Commander in Chief(英),000a0000b0
2015103616,メイショウボーラー,2001100650,マンハッタンミート,2009101088,マンハッタンカフェ,1998101554
2015103867,プリサイスエンド Precise End(米),000a00fe9b,ヴァップ,2009100845,ストーミングホーム Storming Home(英),1998190003
2015104186,ディープインパクト,2002100816,ソベラニア Soberania(独),000a011abe,Monsun,000a010db6
2015104364,ドリームジャーニー,2004102753,ジャジャマーチャン,2008103040,アドマイヤコジーン,1996106512
2015104367,シンボリクリスエス,1999110099,ジャドール,2004103128,フジキセキ,1992109618
2015104512,ステイゴールド,1994108729,ブルーミングアレー,2007102912,シンボリクリスエス,1999110099
2015104582,ハービンジャー Harbinger(英),000a011996,モルトフェリーチェ,2009106047,ディープインパクト,2002100816
2015104589,ワークフォース Workforce(英),000a011a7f,ラカ,2010103816,キングカメハメハ,2001103460
2015104675,ローズキングダム,2007103404,アンティフォナ,2008110005,Songandaprayer,000a01069b
2015104699,Dansili,000a010a5f,ヴィアメディチ,000a012fc1,Medicean,000a010a19
2015104707,ハービンジャー Harbinger(英),000a011996,エイグレット,2000101618,サンデーサイレンス Sunday Silence(米),000a00033a
2015104713,ハーツクライ,2001103038,エリドゥバビロン,2007110107,Bernstein,000a010bae
2015104714,キングカメハメハ,2001103460,エリモピクシー,1998107103,ダンシングブレーヴ Dancing Brave(米),000a0000cc
2015104887,ルーラーシップ,2007103143,テキサスルビー,2008103194,スペシャルウィーク,1995103211
2015105032,キングカメハメハ,2001103460,ムードインディゴ,2005102182,ダンスインザダーク,1993109188
2015105033,オウケンブルースリ,2005102548,ムーンフェイズ,2001103298,エリシオ Helissio(仏),1993190001
2015105276,ノヴェリスト Novellist(愛),000a012230,シセイカグヤ,2006106132,ネオユニヴァース,2000101426
2015105399,アイルハヴアナザー I'll Have Another(米),000a011ed3,ウインディーヒル,2008100123,マンハッタンカフェ,1998101554
2015105440,ステイゴールド,1994108729,ツーデイズノーチス,2006101393,ヘクタープロテクター Hector Protector(米),000a000d6b
2015105573,ステイゴールド,1994108729,ワイルドゲッツ,2009103470,ワイルドラッシュ Wild Rush(米),000a0003a1
2015105583,ディープインパクト,2002100816,アドマイヤアモーレ,2005100317,Fusaichi Pegasus,000a0022cf
2015105850,サクラオリオン,2002104686,サクラジュレップ,2010103415,サクラプレジデント,2000102261
2015105868,ゴールドアリュール,1999106689,シロガネーゼカフェ,2000110206,Gulch,000a001cd6
2015110032,Stormy Atlantic,000a010b85,Amelia,000a012d52,Dixieland Band,000a0017b2
2015110066,Jimmy Creed (米),000a012a62,Chick Flick,000a013737,Tapit (米),000a011248
2015110073,Violence,000a013951,Ambitious Journey,000a013966,Bernardini (米),000a0111fe
2016100126,ドリームジャーニー,2004102753,ヴードゥーレディ,000a010e14,デインヒル Danehill(米),000a0000d1
2016100158,キンシャサノキセキ,2003110212,ヒシディーバ,2005110086,Fusaichi Pegasus,000a0022cf
2016100201,ベルシャザール,2008103004,ツルハチクィーン,1998100262,ラムタラ Lammtarra(米),000a0001d4
2016100272,ルーラーシップ,2007103143,アンフィルージュ,2007104401,アグネスタキオン,1998101516
2016100297,キャプテントゥーレ,2005102216,セトウチダイヤ,2006100938,タイキシャトル,1994109686
2016100349,パイロ Pyro(米),000a01176a,アルヴェナ Alvena(加),000a011ab9,Seeking the Gold,000a001bea
2016100484,エスポワールシチー,2005102837,キーレター,2003104182,リンドシェーバー,1988107894
2016100507,グランプリボス,2008103388,マイラヴユアラヴ,2003102215,Josr Algarhoud,000a00faf7
2016100550,ヴィクトワールピサ,2007102923,タイムフェアレディ,1998100647,メジロマックイーン,1987107235
2016100598,メイショウサムソン,2003102205,クロンヌドール,2009105896,アグネスタキオン,1998101516
2016100614,オルフェーヴル,2008102636,フェアエレン,2009110056,Street Cry (愛),000a0103ba
2016100617,ヘニーヒューズ Henny Hughes(米),000a011155,プリティメイズ,1999104213,ゼネラリスト,1993109767
2016100752,スクリーンヒーロー,2004103328,マイネボヌール,2009105146,ロージズインメイ Roses in May(米),000a010a10
2016100763,ノヴェリスト Novellist(愛),000a012230,ミルルーテウス,2004103310,アグネスタキオン,1998101516
2016100930,カネヒキリ,2002100978,ワンモアグリッター,2005105310,ゴールドアリュール,1999106689
2016100952,スクリーンヒーロー,2004103328,メロークーミス,2008104870,ダンスインザダーク,1993109188
2016101093,ルーラーシップ,2007103143,ダンツクインビー,2002104803,スペシャルウィーク,1995103211
2016101493,パドトロワ,2007102760,セラフィーヌ,2007102813,ネオユニヴァース,2000101426
2016101650,タイキシャトル,1994109686,エイシンオーガスタ,2011105581,ハーツクライ,2001103038
2016101745,トゥザグローリー,2007103265,ラブリイステラ,2008101364,クロフネ,1998110135
2016101865,マツリダゴッホ,2003104570,アイリスモレア,2005101297,ショウナンカンプ,1998102595
2016101956,タイキシャトル,1994109686,カリオンレディ,2006104237,キングカメハメハ,2001103460
2016102073,モンテロッソ Monterosso(英),000a011b05,ステラーホープ,2005107027,グラスワンダー,1995108676
2016102080,ディープブリランテ,2009105084,マイユクール,2008101691,バゴ Bago(仏),2001190004
2016102111,ロードカナロア,2008103552,ルミアージュ,2010104342,ハーツクライ,2001103038
2016102133,ワークフォース Workforce(英),000a011a7f,シャムローグ,2009106141,ディープインパクト,2002100816
2016102142,ヨハネスブルグ Johannesburg(米),000a0103b9,アイアムネフライト,2009105693,アグネスタキオン,1998101516
2016102175,マンハッタンカフェ,1998101554,ビューティーコンテスト Beauty Contest(愛),000a00ff52,Singspiel (愛),1992190005
2016102177,ロードカナロア,2008103552,ホーマンフリップ,2008103375,フジキセキ,1992109618
2016102201,オルフェーヴル,2008102636,アヴェクトワ,2011103579,チチカステナンゴ Chichicastenango(仏),000a011135
2016102229,ザサンデーフサイチ,2004102855,ミサノグリーン,2008101833,タニノギムレット,1999100226
2016102333,キンシャサノキセキ,2003110212,ゴールドレリック Gold Relic(米),000a010b5e,Kingmambo (米),000a001d7e
2016102362,トゥザグローリー,2007103265,テツムーン,2009100341,アドマイヤムーン,2003102991
2016102370,オルフェーヴル,2008102636,アンジュシュエット,2011103131,フレンチデピュティ French Deputy(米),000a00013a
2016102412,カネヒキリ,2002100978,クリスティビーム,2006100392,ブライアンズタイム Brian's Time(米),000a000082
2016102442,ダイワメジャー,2001103114,ホッコーメモリー,1999101119,ダンシングブレーヴ Dancing Brave(米),000a0000cc
2016102446,キンシャサノキセキ,2003110212,ルスナイクリスティ,1998103463,リンドシェーバー,1988107894
2016102534,スズカフェニックス,2002107011,レアシルウィア,2003104007,ティンバーカントリー Timber Country(米),000a00035e
2016102550,ジャングルポケット,1998101786,オリヴェット,2002106318,ダンスインザダーク,1993109188
2016102663,クロフネ,1998110135,ハギノアーク,2009101332,アドマイヤムーン,2003102991
2016102767,ドリームジャーニー,2004102753,ザリーン,2004105217,メイショウオウドウ,1995101767
2016102801,トーセンジョーダン,2006103169,コスモハート,2006104848,マイネルラヴ,1995108558
2016102904,ブラックタイド,2001103312,ワイルドアフリカ,2005101227,ワイルドラッシュ Wild Rush(米),000a0003a1
2016103092,トゥザグローリー,2007103265,バーグドール,2004105658,サクラバクシンオー,1989108341
2016103252,トランセンド,2006104736,ピシーズクイーン,2007100030,アグネスデジタル,1997110025
2016103387,ダノンバラード,2008103548,ニシノマドカ,2007102514,ジャングルポケット,1998101786
2016103409,タイムパラドックス,1998101683,ホウライビクトリア,2006105807,コロナドズクエスト Coronado's Quest(米),000a0000b5
2016103444,ハービンジャー Harbinger(英),000a011996,ニシノヒナギク,2008104138,アグネスタキオン,1998101516
2016103690,スクリーンヒーロー,2004103328,クリノビリオネア,2006106125,ディアブロ Diablo(米),000a0000e9
2016103730,ドリームジャーニー,2004102753,ザッハトルテ,2007106175,クロフネ,1998110135
2016103884,ベルシャザール,2008103004,ノードラメール,2009110012,ロックオブジブラルタル,000a00fd4c
2016104152,プリサイスエンド Precise End(米),000a00fe9b,トーアティアレ,2007102474,ゴールドアリュール,1999106689
2016104227,マンハッタンカフェ,1998101554,メジロアリス,2005102027,アドマイヤコジーン,1996106512
2016104238,キングカメハメハ,2001103460,メジロマリアン,2006102668,メジロベイリー,1998101457
2016104252,ドリームジャーニー,2004102753,インディストラーダ,2006102733,マンハッタンカフェ,1998101554
2016104319,ディープインパクト,2002100816,ミゼリコルデ,2005110107,ファスリエフ Fasliyev(米),000a00fc4c
2016104335,ルーラーシップ,2007103143,リープオブフェイス,2007102686,クロフネ,1998110135
2016104451,ダンカーク Dunkirk(米),000a012185,カールファターレ,2007103149,キングカメハメハ,2001103460
2016104519,ジャスタウェイ,2009106461,スタイルリスティック,000a010cac,Storm Cat (米),000a001a98
2016104556,ハーツクライ,2001103038,トップモーション,2006103357,シンボリクリスエス,1999110099
2016104618,キングカメハメハ,2001103460,ポップコーンジャズ,2000101560,ダンスインザダーク,1993109188
2016104624,キングカメハメハ,2001103460,マシュマロ,2009106172,クロフネ,1998110135
2016104635,ディープインパクト,2002100816,ミスパスカリ,2001103436,Mr. Greeley,000a00213e
2016104656,ルーラーシップ,2007103143,ラルケット,2005102452,ファルブラヴ Falbrav(愛),1998190004
2016104665,ダイワメジャー,2001103114,リードストーリー Lead Story(米),000a011505,Editor's Note,000a002246
2016104668,ジャスタウェイ,2009106461,レイズアンドコール,2001103471,サクラバクシンオー,1989108341
2016104677,ベルシャザール,2008103004,レースウィング,1999107096,バブルガムフェロー,1993109219
2016104691,トーセンホマレボシ,2009106092,アイズオンリー,2010104010,ネオユニヴァース,2000101426
2016104711,ハーツクライ,2001103038,アビラ Abyla(英),000a0111cb,ロックオブジブラルタル,000a00fd4c
2016104762,ディープインパクト,2002100816,ザズー Zazu(米),000a012061,Tapit (米),000a011248
2016104851,ハービンジャー Harbinger(英),000a011996,マハーバーラタ,2008103336,ディープインパクト,2002100816
2016104874,ロードカナロア,2008103552,ラドラーダ,2006103419,シンボリクリスエス,1999110099
2016104877,ハーツクライ,2001103038,ラリズ La Liz(亜),000a011abb,Bernstein,000a010bae
2016104887,ハーツクライ,2001103038,レツィーナ,2004105815,キャプテンスティーヴ Captain Steve(米),000a000d9d
2016104926,ヴィクトワールピサ,2007102923,イマーキュレイトキャット Immaculate Cat(米),000a0120cf,Storm Cat (米),000a001a98
2016104946,オルフェーヴル,2008102636,エアトゥーレ,1997103456,トニービン Tony Bin(愛),1983109006
2016104982,ハーツクライ,2001103038,カウアイレーン,2006104791,キングカメハメハ,2001103460
2016104998,オルフェーヴル,2008102636,クィーンスプマンテ,2004103215,ジャングルポケット,1998101786
2016105014,ゴールドアリュール,1999106689,コーンドリー,2008102925,Indian Charlie,000a00fcd8
2016105042,ディープインパクト,2002100816,シャンパンドーロ Champagne d'Oro(米),000a0124c7,Medaglia d'Oro,000a010a65
2016105060,ドリームジャーニー,2004102753,ジャジャマーチャン,2008103040,アドマイヤコジーン,1996106512
2016105171,キングカメハメハ,2001103460,ピンクカメオ,2004100719,フレンチデピュティ French Deputy(米),000a00013a
2016105188,ロードカナロア,2008103552,フレンチノワール,2005102347,フレンチデピュティ French Deputy(米),000a00013a
2016105206,ディープインパクト,2002100816,プリンセスオブシルマー Princess of Sylmar(米),000a012942,マジェスティックウォリアー Majestic Warrior(米),000a011e9c
2016105223,ロードカナロア,2008103552,マイノチカラ,2001103107,サンデーサイレンス Sunday Silence(米),000a00033a
2016105239,ノヴェリスト Novellist(愛),000a012230,マルセリーナ,2008103009,ディープインパクト,2002100816
2016105272,ハービンジャー Harbinger(英),000a011996,ラブリネスオブパリ,2002100622,サンデーサイレンス Sunday Silence(米),000a00033a
2016105367,ディープインパクト,2002100816,キトゥンカブードル Kitten Kaboodle(米),000a012995,Kitten's Joy (米),000a0119b3
2016105526,オルフェーヴル,2008102636,メーヴェ,2008110046,Motivator,000a010c91
2016105681,ハーツクライ,2001103038,スプリングサンダー,2007100267,クロフネ,1998110135
2016105750,サダムパテック,2008102652,アニー,2008105007,ファンタスティックライト Fantastic Light(米),1996190005
2016105770,ダイワメジャー,2001103114,ファビラスタイム,2009105923,シンボリクリスエス,1999110099
2016105797,レッドスパーダ,2006105511,コウユーヒカリママ,2008100359,ロックオブジブラルタル,000a00fd4c
2016105885,ヘニーヒューズ Henny Hughes(米),000a011155,アンナータ,2010100658,アドマイヤムーン,2003102991
2016106022,オルフェーヴル,2008102636,ホエールキャプチャ,2008100544,クロフネ,1998110135
2016106263,ディープブリランテ,2009105084,エアラホーヤ,2003105451,ボストンハーバー Boston Harbor(米),000a00007c
2016106292,ルーラーシップ,2007103143,ラブフール,2007103423,ゼンノロブロイ,2000101517
2016106395,ディープインパクト,2002100816,エリモハルカ,2004106737,ナリタトップロード,1996102442
2016106594,ベルシャザール,2008103004,リスティアアスリー,2001101659,スピニングワールド Spinning World(米),000a000325
2016106606,トゥザグローリー,2007103265,レディーノパンチ,2006102867,フレンチデピュティ French Deputy(米),000a00013a
2016109087,スクワートルスクワート Squirtle Squirt(米),000a000da4,クサナギノツルギ,2007102814,デュランダル,1999106756
2016110104,War Front,000a011d00,A Star Is Born,000a013d36,Galileo (愛),000a00232b
2016110119,デクラレーションオブウォー,000a0136f6,Crescent Moon,000a013cf0,Seeking the Gold,000a001bea
2016110131,Central Banker,000a013eed,Our Miss Jones,000a013f15,Alphabet Soup,000a002286
2016110158,War Front,000a011d00,River Belle,000a013f80,Lahib,000a0020d4
2017100005,キズナ,2010105827,イニシャルダブル,2010103683,ウォーエンブレム War Emblem(米),000a00fa35
2017100084,キズナ,2010105827,ナムラシゲコ,2002105626,エンドスウィープ End Sweep(米),000a00010f
2017100091,ディープインパクト,2002100816,レジェトウショウ,2006101287,キングヘイロー,1995104427
2017100141,キンシャサノキセキ,2003110212,イエスアイキャン,2011100134,スマートボーイ,1995100385
2017100169,ワールドエース,2009106353,プルーフオブライフ,2008105369,Vindication,000a010544
2017100240,アドマイヤコジーン,1996106512,クラウンミストラル,2009104142,フジキセキ,1992109618
2017100316,ローズキングダム,2007103404,セミニョン,2008105508,マンハッタンカフェ,1998101554
2017100360,ハーツクライ,2001103038,クラリネット Clarinet(米),000a012167,Giant's Causeway (米),000a0022e1
2017100367,ロードカナロア,2008103552,サトノエカテリーナ,2011100389,ディープインパクト,2002100816
2017100392,ロードカナロア,2008103552,ダイワエルシエーロ,2001106188,サンデーサイレンス Sunday Silence(米),000a00033a
2017100403,ハーツクライ,2001103038,バートラムガーデン,2009102481,サクラバクシンオー,1989108341
2017100415,スピルバーグ,2009105961,ブレンダ,2006110015,ロックオブジブラルタル,000a00fd4c
2017100426,ディープブリランテ,2009105084,マジックミラージュ,2002110147,Giant's Causeway (米),000a0022e1
2017100434,タートルボウル Turtle Bowl(愛),000a012045,ランウェイスナップ,2005103128,Distant View,000a002161
2017100436,ディープインパクト,2002100816,ルアーズストリート,2007105554,キングカメハメハ,2001103460
2017100447,マジェスティックウォリアー Majestic Warrior(米),000a011e9c,リュクスメジャー,2009106549,ダイワメジャー,2001103114
2017100451,ワールドエース,2009106353,アイリッシュペコ,2011110060,Sea The Stars Sea the Stars(愛),000a011c78
2017100452,キングズベスト King's Best(米),000a0022d2,アトランティード,2010103760,Curlin (米),000a011734
2017100461,スウェプトオーヴァーボード Swept Overboard(米),000a00fa34,ナリタシークレット,2002106061,フジキセキ,1992109618
2017100464,ルーラーシップ,2007103143,ヒーラ,2009102525,ディープインパクト,2002100816
2017100583,ヴィクトワールピサ,2007102923,フギン,2010110143,ストリートセンス Street Sense(米),000a0113a2
2017100614,ヘニーヒューズ Henny Hughes(米),000a011155,ヤヤラーラ,2009106508,ゼンノロブロイ,2000101517
2017100641,ゴールドヘイロー,1997101264,ニシノマドカ,2007102514,ジャングルポケット,1998101786
2017100655,スピルバーグ,2009105961,ナックオフィス,1998106219,ジェネラス Generous(愛),000a000148
2017100660,アンライバルド,2006103308,プリンセスビジュー,2006105791,ホワイトマズル White Muzzle(英),1990109700
2017100728,キンシャサノキセキ,2003110212,カストリア Kastria(米),000a01069f,Kingmambo (米),000a001d7e
2017100811,オンファイア,2003102809,デルマトモエゴゼン,2013105482,キングカメハメハ,2001103460
2017100922,アンライバルド,2006103308,ファーマベリー,2012101486,アサクサデンエン,1999110191
2017100988,マジェスティックウォリアー Majestic Warrior(米),000a011e9c,オーパスクイーン,2007105507,スペシャルウィーク,1995103211
2017100992,ヨハネスブルグ Johannesburg(米),000a0103b9,サンデーローズ,2006102792,ブライアンズタイム Brian's Time(米),000a000082
2017101036,メイショウサムソン,2003102205,モエレエターナル,2006103788,ゴールドヘイロー,1997101264
2017101109,マジェスティックウォリアー Majestic Warrior(米),000a011e9c,スズノメヒョー,2004103045,バチアー Bachir(愛),000a00004b
2017101121,ロードカナロア,2008103552,ディープインアスク,2008106602,ディープインパクト,2002100816
2017101159,ルーラーシップ,2007103143,アイアムカミノマゴ,2006102871,アグネスタキオン,1998101516
2017101170,スマートファルコン,2005100097,シャーペンエッジ,2006103222,クロフネ,1998110135
2017101184,マジェスティックウォリアー Majestic Warrior(米),000a011e9c,プロミストスパーク,1999107050,フジキセキ,1992109618
2017101230,ロジユニヴァース,2006103140,ロジディオン,2007100718,サニングデール,1999109275
2017101322,ルーラーシップ,2007103143,チャオプラヤ,2011106514,ネオユニヴァース,2000101426
2017101355,ベーカバド Behkabad(仏),000a011dc0,クリノメダリスト,2006106767,ステイゴールド,1994108729
2017101376,ベーカバド Behkabad(仏),000a011dc0,トキノナスティア,2006104298,ニューイングランド,1997105461
2017101380,オルフェーヴル,2008102636,ルリニガナ,2008104407,スニッツェル Snitzel(豪),000a010eaa
2017101423,スクリーンヒーロー,2004103328,グレートキャティ,1996103011,サクラユタカオー,1982101222
2017101429,スクリーンヒーロー,2004103328,コスモクリスタル,2006105174,マイネルラヴ,1995108558
2017101436,ゴールドシップ,2009102739,サクセスストレイン,1998107219,ティッカネン Tikkanen(米),000a000d88
2017101448,リアルインパクト,2008103244,マリアヴェロニカ,2008103338,ジャングルポケット,1998101786
2017101489,ベーカバド Behkabad(仏),000a011dc0,イゾラトウショウ,2003105166,ティンバーカントリー Timber Country(米),000a00035e
2017101534,キズナ,2010105827,オーヴァーアンダー Over Under(米),000a011e0a,Seeking the Gold,000a001bea
2017101556,キズナ,2010105827,ライステラス,2008104574,ソングオブウインド,2003102461
2017101560,エスポワールシチー,2005102837,アルヴェナ Alvena(加),000a011ab9,Seeking the Gold,000a001bea
2017101562,サウスヴィグラス,1996110138,クィーンオブライフ,2008104581,タイキシャトル,1994109686
2017101571,ベーカバド Behkabad(仏),000a011dc0,イズミバード,2002102074,サンデーサイレンス Sunday Silence(米),000a00033a
2017101624,アスカクリチャン,2007104599,オーデコロン,2003100594,ボストンハーバー Boston Harbor(米),000a00007c
2017101707,ルーラーシップ,2007103143,トウカイメガミ,2003100591,サンデーサイレンス Sunday Silence(米),000a00033a
2017101719,ヘニーヒューズ Henny Hughes(米),000a011155,スペシャルディナー,2005107041,スペシャルウィーク,1995103211
2017101726,グランプリボス,2008103388,タガノティアーズ,2004100611,タニノギムレット,1999100226
2017101730,エイシンフラッシュ,2007102951,タガノラヴキセキ,2008105144,フジキセキ,1992109618
2017101746,エイシンフラッシュ,2007102951,クインズメンテ,2012100558,ゼンノロブロイ,2000101517
2017101767,オルフェーヴル,2008102636,ジョリーダンス,2001102114,ダンスインザダーク,1993109188
2017101771,エピファネイア,2010104155,ヤマニンカルフール,2000105064,エリシオ Helissio(仏),1993190001
2017101772,ディープインパクト,2002100816,ヤマニングルノイユ,2007104741,タイキシャトル,1994109686
2017101783,キズナ,2010105827,アルデュイナ,2007104743,クロフネ,1998110135
2017101804,キンシャサノキセキ,2003110212,ザナ,2008110037,Galileo (愛),000a00232b
2017101877,ベーカバド Behkabad(仏),000a011dc0,ヒカリヴィグラス,2006104810,サウスヴィグラス,1996110138
2017101915,ゴールドシップ,2009102739,トウホクビジン,2006100953,スマートボーイ,1995100385
2017101991,ジョーカプチーノ,2006100529,キクノセンヒメ,2006104949,キングヘイロー,1995104427
2017102011,メイショウボーラー,2001100650,グリーンオリーヴ,1997105297,サンデーサイレンス Sunday Silence(米),000a00033a
2017102043,タイムパラドックス,1998101683,ピンクサプライズ,2008109012,ネオユニヴァース,2000101426
2017102082,オルフェーヴル,2008102636,ウインルナ,2006104964,フレンチデピュティ French Deputy(米),000a00013a
2017102084,ハーツクライ,2001103038,ウエストローズ,2001102782,スピニングワールド Spinning World(米),000a000325
2017102145,ヴァンセンヌ,2009106525,ヴェアリアスローズ,2010106098,スターリングローズ,1997106560
2017102170,キズナ,2010105827,ゼフィランサス,2008105100,キングヘイロー,1995104427
2017102171,クロフネ,1998110135,ダンシングハート,2002102487,サンデーサイレンス Sunday Silence(米),000a00033a
2017102518,ヴィクトワールピサ,2007102923,エバーシャイニング,2007102977,ゼンノロブロイ,2000101517
2017102537,ローズキングダム,2007103404,エーシンシャイナー,2010104635,グラスワンダー,1995108676
2017102599,スマートファルコン,2005100097,アペラシオン,2009106077,アドマイヤムーン,2003102991
2017102603,ロードカナロア,2008103552,ニシノビギン,2001102686,パラダイスクリーク Paradise Creek(米),1989109110
2017102751,ワンダーアキュート,2006106794,ワンダーマッスル,1995107213,キンググローリアス King Glorious(米),000a000d48
2017102809,ヴィクトワールピサ,2007102923,シシャモチャン,2006100245,サクラバクシンオー,1989108341
2017102835,ロードカナロア,2008103552,サンコロネット,2006100285,スペシャルウィーク,1995103211
2017102838,ダイワメジャー,2001103114,スターズアラインド,000a013b87,Sea The Stars Sea the Stars(愛),000a011c78
2017102872,Speightstown (米),000a011200,ヴェイパー Vapour(英),000a01389a,Galileo (愛),000a00232b
2017102892,トビーズコーナー Toby's Corner(米),000a011fed,アクアブルーハート,2012105952,エンパイアメーカー Empire Maker(米),000a010542
2017102897,ルーラーシップ,2007103143,アグネスワルツ,2007102955,ゼンノロブロイ,2000101517
2017102927,キンシャサノキセキ,2003110212,ノースパストラル,2010102087,キングヘイロー,1995104427
2017102930,トゥザグローリー,2007103265,フォーモサマンボ,2011103180,ノボジャック,1997110152
2017102940,キズナ,2010105827,ルスナイクリスティ,1998103463,リンドシェーバー,1988107894
2017102946,バゴ Bago(仏),2001190004,イシス,2012100041,キングヘイロー,1995104427
2017102952,オルフェーヴル,2008102636,ナナヨーティアラ,2002103870,マイネルラヴ,1995108558
2017103000,ナカヤマフェスタ,2006102424,アートリョウコ,2011102182,タイキシャトル,1994109686
2017103005,ヴァンセンヌ,2009106525,ショウナンアオバ,2007103025,キングカメハメハ,2001103460
2017103020,メイショウボーラー,2001100650,サイレントイヴ,2008102830,アグネスタキオン,1998101516
2017103048,トゥザグローリー,2007103265,ミコノス,2005101745,With Approval,000a001c5f
2017103084,カリズマティック Charismatic(米),000a00fa33,ヨドノスマイル,2009101352,タイキシャトル,1994109686
2017103123,ヴァンセンヌ,2009106525,ヤマニンスフィアー,2000100679,ホワイトマズル White Muzzle(英),1990109700
2017103155,サウスヴィグラス,1996110138,サニーロック,2010102292,キングカメハメハ,2001103460
2017103165,メイショウボーラー,2001100650,デンコウデア,2009101334,スペシャルウィーク,1995103211
2017103184,フリオーソ,2004106867,エルシェロアスール,2010102325,アドマイヤジャパン,2002102324
2017103201,オルフェーヴル,2008102636,ダンシングクイーン,2006100664,Giant's Causeway (米),000a0022e1
2017103255,マツリダゴッホ,2003104570,アンカジャポニカ,2010110048,Authorized,000a01139f
2017103267,アイルハヴアナザー I'll Have Another(米),000a011ed3,オメガフレグランス,2007102877,ゴールドアリュール,1999106689
2017103278,マツリダゴッホ,2003104570,ケリーケイズプレジャー Kelly K's Pleasure(米),000a011173,Kelly Kip,000a0110a8
2017103283,スクリーンヒーロー,2004103328,シュヴァリエ,2011101881,フレンチデピュティ French Deputy(米),000a00013a
2017103285,アイルハヴアナザー I'll Have Another(米),000a011ed3,ジェルヴェーズ,2012104251,メイショウサムソン,2003102205
2017103290,キズナ,2010105827,タニノカリス,1997101986,ジェネラス Generous(愛),000a000148
2017103293,ブラックタイド,2001103312,タマヒカル,2002102475,パラダイスクリーク Paradise Creek(米),1989109110
2017103295,マツリダゴッホ,2003104570,チェアユーアップ,2006100751,エアジハード,1995107978
2017103299,ジョーカプチーノ,2006100529,トーセンイレイシャ,2000101777,Silver Hawk,000a0019b4
2017103309,Dark Angel,000a0122b4,ビーコンターン Beacon Tarn(英),000a0137a0,Shamardal (米),000a010c92
2017103353,スピルバーグ,2009105961,コリンズグラス,2002100977,グラスワンダー,1995108676
2017103378,リアルインパクト,2008103244,ベルモントピノコ,2002100208,アジュディケーティング Adjudicating(米),000a000d5d
2017103381,シニスターミニスター Sinister Minister(米),000a011099,マンボビーン,2008100167,スズカマンボ,2001103890
2017103384,スピルバーグ,2009105961,ヤマカツマヤリス,2007100146,クロフネ,1998110135
2017103437,ダノンシャンティ,2007105709,アンプリペアード,2008110135,More Than Ready,000a00fcdd
2017103493,ゴールドアリュール,1999106689,ハードデイズナイト,2010102670,サウスヴィグラス,1996110138
2017103575,カレンブラックヒル,2009106230,ケイアイエーデル,2005106637,トワイニング Twining(米),000a000006
2017103607,キズナ,2010105827,ミヤビグレイス,2007101118,キングカメハメハ,2001103460
2017103616,ワイルドワンダー,2002104665,スイートパッセ,2003109437,テイエムオペラオー,1996100292
2017103641,パイロ Pyro(米),000a01176a,マトゥリアルカ,2006100224,クリプティックラスカル Cryptic Rascal(米),000a000da1
2017103656,ロードカナロア,2008103552,サウンドオブハート,2009103696,アグネスタキオン,1998101516
2017103688,シニスターミニスター Sinister Minister(米),000a011099,シーヴァージア,2011101825,クロフネ,1998110135
2017103710,ルーラーシップ,2007103143,グーテデロワ,2007100261,スペシャルウィーク,1995103211
2017103751,ネオユニヴァース,2000101426,サクラレーヌ,2006101156,シンボリクリスエス,1999110099
2017103788,バーディバーディ,2007100567,サトノアーチ,2007100564,マンハッタンカフェ,1998101554
2017103822,ダノンシャンティ,2007105709,ヒラボクミラクル,2009103904,アグネスデジタル,1997110025
2017103868,ディープインパクト,2002100816,アイラブリリ,2009103971,ストラヴィンスキー,000a00fa41
2017103874,スマートファルコン,2005100097,ネームヴァリュー,1998104591,Honour and Glory,000a002072
2017103890,ニホンピロアワーズ,2007100191,ニホンピロエミリー,2004104950,デヒア Dehere(米),000a0000df
2017103992,ハーツクライ,2001103038,ハーランズロマン,2012110120,Harlan's Holiday,000a010cdf
2017104000,ノヴェリスト Novellist(愛),000a012230,ユキノマーメイド,2003105308,スペシャルウィーク,1995103211
2017104056,ルーラーシップ,2007103143,サトノフラリッシュ,2012103489,エンパイアメーカー Empire Maker(米),000a010542
2017104086,エイシンフラッシュ,2007102951,ヤマカツオーキッド,2005100161,ダンスインザダーク,1993109188
2017104092,ブラックタイド,2001103312,エアラホーヤ,2003105451,ボストンハーバー Boston Harbor(米),000a00007c
2017104093,ルーラーシップ,2007103143,エイジアンウインズ,2004103179,フジキセキ,1992109618
2017104106,キズナ,2010105827,プリンセスペスカ,2006101542,チーフベアハート Chief Bearhart(加),1993190010
2017104128,エイシンフラッシュ,2007102951,ディパッション,2010104446,ダイワメジャー,2001103114
2017104137,ヘニーヒューズ Henny Hughes(米),000a011155,ホーマンピクシー,2007103702,キングカメハメハ,2001103460
2017104138,ルーラーシップ,2007103143,ミラクルベリー,2008103019,ファルブラヴ Falbrav(愛),1998190004
2017104168,リアルインパクト,2008103244,チアフル Cheerful(愛),000a00684e,Caerleon (米),000a0016eb
2017104172,ロードカナロア,2008103552,ラルティスタ,2007100948,マイネルラヴ,1995108558
2017104215,ヴィクトワールピサ,2007102923,ユキアカリノマチ,2010101429,キングカメハメハ,2001103460
2017104234,キングズベスト King's Best(米),000a0022d2,スズノネイロ,2010106274,デュランダル,1999106756
2017104238,トゥザグローリー,2007103265,ディアジーローズ,2009103698,ワイルドラッシュ Wild Rush(米),000a0003a1
2017104262,パイロ Pyro(米),000a01176a,パドブレ,2006102113,ホワイトマズル White Muzzle(英),1990109700
2017104266,ジョーカプチーノ,2006100529,ベルグチケット,1997102163,ウイニングチケット,1990102314
2017104315,ディープインパクト,2002100816,レインデート Rain Date(米),000a0117cf,Unbridled's Song (米),000a002071
2017104415,ディープインパクト,2002100816,トーセンブリリアン,2003102610,ホワイトマズル White Muzzle(英),1990109700
2017104560,ロージズインメイ Roses in May(米),000a010a10,ヒカルダイヤモンド,2004102509,アグネスタキオン,1998101516
2017104623,ディープインパクト,2002100816,メジロツボネ,2008102538,スウェプトオーヴァーボード Swept Overboard(米),000a00fa34
2017104652,ハービンジャー Harbinger(英),000a011996,アルティメイトラブ,2009105790,シンボリクリスエス,1999110099
2017104666,ノヴェリスト Novellist(愛),000a012230,イチオクノホシ,2009106042,ゼンノロブロイ,2000101517
2017104681,オルフェーヴル,2008102636,エアトゥーレ,1997103456,トニービン Tony Bin(愛),1983109006
2017104685,キングカメハメハ,2001103460,エアワンピース,2008102792,ロックオブジブラルタル,000a00fd4c
2017104698,キズナ,2010105827,オッティマルーチェ,2004110119,Fusaichi Pegasus,000a0022cf
2017104700,ヴィクトワールピサ,2007102923,オメガアイランド,2002100494,エルコンドルパサー,1995108742
2017104706,ノヴェリスト Novellist(愛),000a012230,オメガハートロック,2011104198,ネオユニヴァース,2000101426
2017104719,ディープインパクト,2002100816,カンビーナ Cambina(愛),000a0124c6,Hawk Wing,000a010d4d
2017104727,オルフェーヴル,2008102636,クィーンスプマンテ,2004103215,ジャングルポケット,1998101786
2017104743,ディープインパクト,2002100816,コンテスティッド Contested(米),000a0120cc,Ghostzapper,000a010525
2017104756,キングカメハメハ,2001103460,サンシャイン,2009105903,ハーツクライ,2001103038
2017104767,キズナ,2010105827,シュピッツェ,2009105812,Azamour (愛),000a01053b
2017104773,ダイワメジャー,2001103114,シーエスシルク C. S. Silk(米),000a0120cd,Medaglia d'Oro,000a010a65
2017104810,キングカメハメハ,2001103460,ダイワズーム,2009105930,ハーツクライ,2001103038
2017104815,ディープインパクト,2002100816,ダリシア Dalicia(独),000a011800,Acatenango,000a001f0b
2017104852,ロードカナロア,2008103552,ハシッテホシーノ,2006102883,アグネスタキオン,1998101516
2017104867,スクリーンヒーロー,2004103328,パーソナルレジェンド Personal Legend(米),000a010ac0,Awesome Again (加),000a0021cb
2017104873,キズナ,2010105827,ビーチアイドル,2005102351,ファルブラヴ Falbrav(愛),1998190004
2017104936,キングカメハメハ,2001103460,マルセリーナ,2008103009,ディープインパクト,2002100816
2017104961,ルーラーシップ,2007103143,ラブアクチュアリー,2003106302,ダンスインザダーク,1993109188
2017104972,Golden Horn (英),000a012adf,リュポメルー Rue Pomereu(愛),000a013891,Dubawi,000a0115e2
2017104985,ジャスタウェイ,2009106461,レディイン Lady Ying(仏),000a00ff4a,Kendor,000a001be4
2017105027,ゴールドアリュール,1999106689,タマユラ,2011110057,Tamayuz,000a011c79
2017105070,ヴァンセンヌ,2009106525,アルーリングアクト,1997103555,エンドスウィープ End Sweep(米),000a00010f
2017105074,ロードカナロア,2008103552,イリュミナンス,2010104429,マンハッタンカフェ,1998101554
2017105097,ロードカナロア,2008103552,グランデアモーレ,2010104460,ネオユニヴァース,2000101426
2017105109,スクリーンヒーロー,2004103328,シングライクバード,2005102278,シンボリクリスエス,1999110099
2017105117,フェノーメノ,2009106599,タスクミストレス,2007103106,キングカメハメハ,2001103460
2017105135,オルフェーヴル,2008102636,フォルテピアノ,2003102840,フレンチデピュティ French Deputy(米),000a00013a
2017105179,ディープインパクト,2002100816,アゼリ Azeri(米),000a0117a2,ジェイドハンター Jade Hunter(米),000a0001a6
2017105181,キングカメハメハ,2001103460,アディクティド Addicted(独),000a011a9f,ディクタット Diktat(英),1995190007
2017105194,ディープインパクト,2002100816,アパパネ,2007103234,キングカメハメハ,2001103460
2017105214,ディープインパクト,2002100816,イルーシヴウェーヴ Elusive Wave(愛),000a0124c0,Elusive City,000a01239c
2017105224,ディープインパクト,2002100816,ウォッチハー Watch Her(亜),000a01227a,Mutakddim,000a00217c
2017105248,キズナ,2010105827,エピックラヴ Epic Love(愛),000a011dce,Dansili,000a010a5f
2017105253,タートルボウル Turtle Bowl(愛),000a012045,エルミラドール,2010104020,ジャングルポケット,1998101786
2017105257,リアルインパクト,2008103244,エンプレスティアラ,2004102891,クロフネ,1998110135
2017105269,タートルボウル Turtle Bowl(愛),000a012045,カフヴァール,2009106202,デュランダル,1999106756
2017105272,ルーラーシップ,2007103143,カラフルブラッサム,2010104227,ハーツクライ,2001103038
2017105279,ヘニーヒューズ Henny Hughes(米),000a011155,カールファターレ,2007103149,キングカメハメハ,2001103460
2017105282,ロードカナロア,2008103552,キャレモンショコラ,2011100812,サクラバクシンオー,1989108341
2017105285,ディープインパクト,2002100816,キングスローズ King's Rose(新),000a012169,Redoute's Choice,000a00fe93
2017105298,ディープインパクト,2002100816,クロウキャニオン,2002106979,フレンチデピュティ French Deputy(米),000a00013a
2017105321,ルーラーシップ,2007103143,サトノジュピター,2009106065,アグネスタキオン,1998101516
2017105323,ロードカナロア,2008103552,サトノユリア,2008103211,ディープインパクト,2002100816
2017105339,ロードカナロア,2008103552,シャムロッカー Shamrocker(新),000a01216b,O'Reilly,000a0104d5
2017105358,キンシャサノキセキ,2003110212,シーカーマ C Karma(米),000a011ada,Exchange Rate,000a011433
2017105374,ディープインパクト,2002100816,ジョコンダII Jioconda(愛),000a011cf6,Rossini,000a0119ba
2017105375,ディープインパクト,2002100816,ジョリージョコンド,000a012fc7,Marju (愛),000a001fb6
2017105379,ディープインパクト,2002100816,スウィートリーズン Sweet Reason(米),000a012f08,ストリートセンス Street Sense(米),000a0113a2
2017105392,ルーラーシップ,2007103143,スパークオンアイス,2009106059,シンボリクリスエス,1999110099
2017105403,キズナ,2010105827,センティナリー,2010104161,フレンチデピュティ French Deputy(米),000a00013a
2017105408,ハーツクライ,2001103038,ソーメニーウェイズ So Many Ways(米),000a0124ce,Sightseeing,000a0123e7
2017105433,ゴールドアリュール,1999106689,テスティコ,2011110095,Tiznow,000a00fa4b
2017105439,キングカメハメハ,2001103460,ディアマイベイビー,2010104069,ディープインパクト,2002100816
2017105460,ディープインパクト,2002100816,ナイトマジック Night Magic(独),000a011d58,Sholokhov,000a01196d
2017105477,オルフェーヴル,2008102636,パレスルーマー Palace Rumor(米),000a0124d2,Royal Anthem,000a00fa49
2017105506,アイルハヴアナザー I'll Have Another(米),000a011ed3,フィロンルージュ,2006103236,フレンチデピュティ French Deputy(米),000a00013a
2017105517,キズナ,2010105827,フレンチバレリーナ,2003102937,フレンチデピュティ French Deputy(米),000a00013a
2017105525,エピファネイア,2010104155,ブルーダイアモンド,2011103847,ディープインパクト,2002100816
2017105558,キングカメハメハ,2001103460,マシュマロ,2009106172,クロフネ,1998110135
2017105567,ドリームジャーニー,2004102753,マンデラ Mandela(独),000a011190,Acatenango,000a001f0b
2017105574,キンシャサノキセキ,2003110212,ミスティックリップス Mystic Lips(独),000a011d57,ジェネラス Generous(愛),000a000148
2017105587,ルーラーシップ,2007103143,メテオーリカ,2009105715,ディープインパクト,2002100816
2017105588,ディープインパクト,2002100816,モシーン Mosheen(豪),000a01216a,Fastnet Rock (豪),000a010601
2017105602,ルーラーシップ,2007103143,ラシンティランテ,2009106061,アグネスタキオン,1998101516
2017105614,キズナ,2010105827,リアリサトリス Realisatrice(仏),000a011dd1,Numerous,000a002191
2017105634,ハーツクライ,2001103038,レツィーナ,2004105815,キャプテンスティーヴ Captain Steve(米),000a000d9d
2017105642,ディープインパクト,2002100816,レディドーヴィル Lady Deauville(仏),000a011811,ファスリエフ Fasliyev(米),000a00fc4c
2017105661,ロードカナロア,2008103552,ローズノーブル,2009106088,ディープインパクト,2002100816
2017105667,オルフェーヴル,2008102636,ワンダーレディアンエル Wonder Lady Anne L(米),000a011a42,Real Quiet,000a0022e0
2017105720,キングカメハメハ,2001103460,オンケンバヤソワカ,000a013c98,Excellent Art,000a012379
2017105789,トランセンド,2006104736,エメラルドタワー,2010103307,アドマイヤマックス,1999107004
2017105807,アイルハヴアナザー I'll Have Another(米),000a011ed3,メイショウユウダチ,2010104593,メイショウボーラー,2001100650
2017105822,モンテロッソ Monterosso(英),000a011b05,トシザマキ,2007101248,デュランダル,1999106756
2017105874,バゴ Bago(仏),2001190004,スウィートクレメンタイン Sweet Clementine(愛),000a0123db,Shamardal (米),000a010c92
2017105895,トーセンブライト,2001103660,リエートフィーネ,2007103000,ゼンノロブロイ,2000101517
2017105910,ジャングルポケット,1998101786,カタズオノンデ,2001100183,サンデーウェル,1992107451
2017105982,ダンカーク Dunkirk(米),000a012185,スウィングダンス,2007101432,クロフネ,1998110135
2017106012,キンシャサノキセキ,2003110212,モットヒカリヲ,1998102729,アフリート Afleet(加),000a000013
2017106018,サウスヴィグラス,1996110138,レッドマーキュリー,2009104147,マンハッタンカフェ,1998101554
2017106032,エピファネイア,2010104155,スマッシュハート,2011105753,キングカメハメハ,2001103460
2017106071,モンテロッソ Monterosso(英),000a011b05,メイプルロード,2000107598,ジェニュイン,1992109450
2017106084,ダンカーク Dunkirk(米),000a012185,フラワーガイア,2007101563,ゼンノロブロイ,2000101517
2017106086,トゥザグローリー,2007103265,メイショウオリビア,2007101559,フジキセキ,1992109618
2017106087,ロードカナロア,2008103552,メイショウデイム,2007101565,マンハッタンカフェ,1998101554
2017106125,エピファネイア,2010104155,ユメノオーラ,2003102024,マイネルラヴ,1995108558
2017106136,プリサイスエンド Precise End(米),000a00fe9b,ガーネットスター,2003102513,エルコンドルパサー,1995108742
2017106137,キンシャサノキセキ,2003110212,キャニオンリリー,1999101675,エルハーブ Erhaab(米),000a000d7f
2017106153,ヴィクトワールピサ,2007102923,ヒラボクビジン,2007101587,ブライアンズタイム Brian's Time(米),000a000082
2017106222,ロードカナロア,2008103552,トーコーヴィオラ,2010104090,ディープインパクト,2002100816
2017106236,ゴールドシップ,2009102739,オーシャンルミナス,2004106736,フレンチデピュティ French Deputy(米),000a00013a
2017106240,キンシャサノキセキ,2003110212,サイレントセンティネル Silent Sentinel(米),000a0114af,Silver Hawk,000a0019b4
2017106264,メイショウボーラー,2001100650,ビューティアイ,2005106072,アッミラーレ,1997100569
2017106279,ローレルゲレイロ,2004100933,ステラアクトレス,2001104220,オペラハウス Opera House(英),000a000d77
2017106295,シニスターミニスター Sinister Minister(米),000a011099,マイユクール,2008101691,バゴ Bago(仏),2001190004
2017106303,ケープブランコ Cape Blanco(英),000a011b06,クリスコンフリクト,2010109156,シンボリクリスエス,1999110099
2017106319,オルフェーヴル,2008102636,ハービンジャーラス Harbinger Lass(英),000a012e27,Thousand Words,000a012c44
2017106360,サウスヴィグラス,1996110138,アイアムネフライト,2009105693,アグネスタキオン,1998101516
2017106366,ワークフォース Workforce(英),000a011a7f,カネトシガーネット,2011102737,キングカメハメハ,2001103460
2017106372,ワールドエース,2009106353,アモーレヴォレ,2005106469,アグネスデジタル,1997110025
2017106373,ダイワメジャー,2001103114,アルペンローズ Alpine Rose(米),000a00fecb,Kris S.,000a0016f2
2017106376,アイルハヴアナザー I'll Have Another(米),000a011ed3,エリモフィナーレ,2003103505,サンデーサイレンス Sunday Silence(米),000a00033a
2017106387,キズナ,2010105827,スマートオーシャン,2008110033,Mr. Greeley,000a00213e
2017106394,ヘニーヒューズ Henny Hughes(米),000a011155,ハートアンドハート,2010103855,ハーツクライ,2001103038
2017106404,パイロ Pyro(米),000a01176a,メイショウオウヒ,2008101769,マンハッタンカフェ,1998101554
2017106490,リアルインパクト,2008103244,スプリングドリュー,2000100128,ミシル Misil(米),1988109110
2017106642,カジノドライヴ,2005110112,プレシャスエルフ,2006100290,コロナドズクエスト Coronado's Quest(米),000a0000b5
2017106689,カジノドライヴ,2005110112,ピサノパスティーユ,2001103848,サンデーサイレンス Sunday Silence(米),000a00033a
2017106720,ダイワメジャー,2001103114,サイモンドルチェ,2007106695,ジャングルポケット,1998101786
2017106722,ダノンシャンティ,2007105709,プレゼンスウーマン,2003107303,サクラローレル,1991103498
2017109029,ストロングリターン,2006102934,レモンリーフ,2001106243,リンドシェーバー,1988107894
2017109123,ヴァンセンヌ,2009106525,イロジカケ,2012100787,クロフネ,1998110135
2017110006,Gleneagles (愛),000a0128fa,Waveband,000a013e09,Exceed And Excel,000a010a61
2017110026,New Approach,000a011656,Miss Kenton,000a014045,Pivotal,000a002328
2017110074,Malibu Moon,000a010c8e,For Passion,000a01419d,Not for Love,000a002152
2017110086,City Zip (米),000a0127e6,Espial,000a0141be,Banker's Gold,000a002271
2017110120,Speightstown (米),000a011200,Beauty and Light,000a01429e,Unbridled's Song (米),000a002071
2017110123,Siyouni,000a012056,Viz,000a0143ab,Darshaan,000a0019b1
2017110138,ハットトリック,2001103018,Nokaze,000a013987,エンパイアメーカー Empire Maker(米),000a010542
2017110144,Point of Entry,000a01293c,Little Miss Muffet,000a0145de,Scat Daddy (米),000a0114fe
2017110146,Into Mischief,000a0125a7,Under Wraps,000a0145e3,Dixie Union (米),000a00fdbe
2017110156,Goldencents,000a0144c7,Song'n Dance,000a0145d3,Carson City,000a001e7d
2017110172,Uncle Mo (米),000a011ffb,Isobel Baillie,000a014676,Lomitas,000a00fe91
2017110173,First Samurai,000a011157,Kitten's Peak,000a014677,Kitten's Joy (米),000a0119b3
2018100008,ロードカナロア,2008103552,ダイヤモンドムーン,2007105741,マンハッタンカフェ,1998101554
2018100025,マクフィ Makfi(英),000a011c77,ジーニマジック,2010100157,ダイワメジャー,2001103114
2018100026,エピファネイア,2010104155,セシリア,2009102124,アグネスタキオン,1998101516
2018100040,リオンディーズ,2013105915,シベリアンクラシカ,2004110175,Siphon,000a002220
2018100043,リオンディーズ,2013105915,ビエンナーレ,2003104677,ステイゴールド,1994108729
2018100094,ミッキーアイル,2011103916,パンカティリオ Punctilio(米),000a011a97,Kingmambo (米),000a001d7e
2018100096,ディスクリートキャット Discreet Cat(米),000a0113a1,マイディアソング,2008105281,ディープインパクト,2002100816
2018100097,ディープインパクト,2002100816,レジェトウショウ,2006101287,キングヘイロー,1995104427
2018100099,ストロングリターン,2006102934,アイファーシンシア,2008101615,ジャングルポケット,1998101786
2018100107,トビーズコーナー Toby's Corner(米),000a011fed,レディワシントン,2008110087,Vindication,000a010544
2018100141,ダノンシャーク,2008105554,ウィンディガーデン,2007103248,タニノギムレット,1999100226
2018100170,アポロソニック,2010110120,ツクバビューティ,2011103498,ゼンノロブロイ,2000101517
2018100184,ロードカナロア,2008103552,キストゥヘヴン,2003101040,アドマイヤベガ,1996107396
2018100185,キンシャサノキセキ,2003110212,クルザダアメリカーナ Cruzada Americana(伯),000a0117cc,Nedawi,000a0116fe
2018100186,スクリーンヒーロー,2004103328,ナショナルホリデー,2004103244,ダンスインザダーク,1993109188
2018100190,ドゥラメンテ,2012104511,ミスティックソウル Mystic Soul(米),000a01293d,Bahri (米),000a001fd8
2018100220,ホッコータルマエ,2009100921,シーノットラブユー,2011102728,タニノギムレット,1999100226
2018100241,ホッコータルマエ,2009100921,クリノスペシャル,2003101825,スペシャルウィーク,1995103211
2018100247,ダンカーク Dunkirk(米),000a012185,ナイスゴールド,2009102332,サウスヴィグラス,1996110138
2018100297,ジョーカプチーノ,2006100529,ピントゥハティ,2009102293,アドマイヤムーン,2003102991
2018100298,ロージズインメイ Roses in May(米),000a010a10,フィールザロマンス,2010103585,ブラックタイド,2001103312
2018100299,マクフィ Makfi(英),000a011c77,フクノドリーム,2011105841,ヨハネスブルグ Johannesburg(米),000a0103b9
2018100378,ダイワメジャー,2001103114,ウィステリアアーチ,2007105546,キングカメハメハ,2001103460
2018100382,ルーラーシップ,2007103143,エターナルブーケ,2013100322,マンハッタンカフェ,1998101554
2018100388,ハーツクライ,2001103038,ガスパリライン Gasparilla Inn(米),000a013862,Street Cry (愛),000a0103ba
2018100389,ハーツクライ,2001103038,クラリネット Clarinet(米),000a012167,Giant's Causeway (米),000a0022e1
2018100390,エピファネイア,2010104155,ケトルワンアップ Kettleoneup(米),000a012505,Victory Gallop,000a0022d4
2018100394,ルーラーシップ,2007103143,サトノエカテリーナ,2011100389,ディープインパクト,2002100816
2018100397,ハーツクライ,2001103038,シェイクズセレナーデ Sheikh's Serenade(米),000a012951,Unbridled's Song (米),000a002071
2018100401,ディープインパクト,2002100816,ジェニサ Genisa(米),000a012f0e,Storm Cat (米),000a001a98
2018100406,オルフェーヴル,2008102636,ストーミーレニー,000a0122d7,Storm Cat (米),000a001a98
2018100410,ルーラーシップ,2007103143,ターキー,2003106086,Sinndar (愛),000a002329
2018100420,ディープインパクト,2002100816,パスオブドリームズ Path of Dreams(米),000a012950,Giant's Causeway (米),000a0022e1
2018100421,ジャスタウェイ,2009106461,パッションローズ,2005103173,アフリート Afleet(加),000a000013
2018100433,レッドスパーダ,2006105511,ヘリテージゴールド,2005103161,フジキセキ,1992109618
2018100440,ダンカーク Dunkirk(米),000a012185,マヤノメメント,2003106115,フレンチデピュティ French Deputy(米),000a00013a
2018100442,モーリス,2011100655,マートンパーク,2012101339,フレンチデピュティ French Deputy(米),000a00013a
2018100443,リオンディーズ,2013105915,マーメイドティアラ,2009102448,シンボリクリスエス,1999110099
2018100474,ベルシャザール,2008103004,オースミリンド,1996104713,Woodman,000a001beb
2018100478,マクフィ Makfi(英),000a011c77,セントフロンティア,2002110236,デインヒル Danehill(米),000a0000d1
2018100480,オルフェーヴル,2008102636,チリエージェ,2001107654,サクラバクシンオー,1989108341
2018100494,ダノンレジェンド,2010110102,ミッキーオリーブ,2007103134,クロフネ,1998110135
2018100537,キングカメハメハ,2001103460,スイートサルサ,2010109147,デュランダル,1999106756
2018100593,キズナ,2010105827,ケイエスホノカ,1998106060,アフリート Afleet(加),000a000013
2018100595,キンシャサノキセキ,2003110212,メイショウシオギリ,2004105766,メイショウドトウ,1996110113
2018100618,エイシンフラッシュ,2007102951,トーホウアマポーラ,2009102583,フジキセキ,1992109618
2018100623,エイシンフラッシュ,2007102951,アフレイタス,1999107089,サンデーサイレンス Sunday Silence(米),000a00033a
2018100636,ロードカナロア,2008103552,クァンタムミス Quantum Miss(米),000a01293e,Smoke Glacken,000a00222c
2018100652,パイロ Pyro(米),000a01176a,エンジェヌー,2011100552,コマンズ Commands(豪),000a011625
2018100664,パイロ Pyro(米),000a01176a,サマリーズ,2010100704,ハードスパン Hard Spun(米),000a0116a1
2018100671,ディープインパクト,2002100816,ストロベリーフェア Strawberry Fair(英),000a010aae,Kingmambo (米),000a001d7e
2018100679,パイロ Pyro(米),000a01176a,ティップトップ,2011100511,Dubawi,000a0115e2
2018100681,ディープブリランテ,2009105084,デザートチル Desert Chill(米),000a0116dc,Red Ransom,000a001c68
2018100693,スクリーンヒーロー,2004103328,ブルーストーン,2011100528,コマンズ Commands(豪),000a011625
2018100719,ブラックタイド,2001103312,セレブデート,2012103741,キングカメハメハ,2001103460
2018100720,ルーラーシップ,2007103143,ソフトライム,2010103668,フジキセキ,1992109618
2018100722,ルーラーシップ,2007103143,トランプクイーン,2010104243,ネオユニヴァース,2000101426
2018100736,モーリス,2011100655,ヤマノフェアリー,2011104048,ディープインパクト,2002100816
2018100752,エイシンフラッシュ,2007102951,サトノサンシャイン,2013105573,ステイゴールド,1994108729
2018100756,ゴールドシップ,2009102739,スズノネイロ,2010106274,デュランダル,1999106756
2018100763,フェノーメノ,2009106599,トリアンドルス,2012105900,マツリダゴッホ,2003104570
2018100772,バトルプラン Battle Plan(米),000a0118e8,ルシアンネイル,2012103643,タニノギムレット,1999100226
2018100773,ハーツクライ,2001103038,レディーガリレオ,2013110006,Galileo (愛),000a00232b
2018100821,タイセイレジェンド,2007103199,ベネフィット,2011100608,マンハッタンカフェ,1998101554
2018100827,ジャングルポケット,1998101786,ショウナンラノビア,2003102874,フレンチデピュティ French Deputy(米),000a00013a
2018100829,ミッキーアイル,2011103916,ダイアナバローズ,2006103964,シンボリクリスエス,1999110099
2018100830,マジェスティックウォリアー Majestic Warrior(米),000a011e9c,ダイシンキャンディ,2009106529,アグネスタキオン,1998101516
2018100858,メイショウボーラー,2001100650,ピンクトルマリン,2006110137,Fusaichi Pegasus,000a0022cf
2018100886,ヘニーヒューズ Henny Hughes(米),000a011155,アイアムネオ,2006102889,ネオユニヴァース,2000101426
2018100895,パイロ Pyro(米),000a01176a,サクセスウイッチ,2000104885,ブライアンズタイム Brian's Time(米),000a000082
2018100903,ダンカーク Dunkirk(米),000a012185,リクエストアワー,2011104346,ネオユニヴァース,2000101426
2018100916,エスポワールシチー,2005102837,ビアンコ,2000102652,ウォーニング Warning(英),000a000843
2018100923,Uncle Mo (米),000a011ffb,イースターアイランド Easter Island(米),000a013e18,Giant's Causeway (米),000a0022e1
2018100953,シングンオペラ,1998105609,エフロレス,2006102781,キングカメハメハ,2001103460
2018100961,キズナ,2010105827,フリーバード,2000105691,アフリート Afleet(加),000a000013
2018100967,リオンディーズ,2013105915,ロトクルーザー,2012101831,クロフネ,1998110135
2018100976,オンファイア,2003102809,デルマトモエゴゼン,2013105482,キングカメハメハ,2001103460
2018100991,リオンディーズ,2013105915,グッドファイト,2006105118,チーフベアハート Chief Bearhart(加),1993190010
2018100994,ドゥラメンテ,2012104511,チェストケリリー,2013110099,Scat Daddy (米),000a0114fe
2018100995,ゴールドシップ,2009102739,ハピネスフォーユー,2005110200,A.P. Indy,000a001d37
2018101010,ノヴェリスト Novellist(愛),000a012230,カネツスペシャル,2011100163,スペシャルウィーク,1995103211
2018101012,アスカクリチャン,2007104599,クリノクレオパトラ,2011104761,ロージズインメイ Roses in May(米),000a010a10
2018101032,マツリダゴッホ,2003104570,プレトリアン,2007106059,キングヘイロー,1995104427
2018101071,ヴィクトワールピサ,2007102923,ハイタッチクイーン,2007106112,キングヘイロー,1995104427
2018101075,グランプリボス,2008103388,モズアリュール,2012101979,ゴールドアリュール,1999106689
2018101087,タートルボウル Turtle Bowl(愛),000a012045,ブライトエルフ,2009103059,ブライアンズタイム Brian's Time(米),000a000082
2018101134,ミッキーアイル,2011103916,ザッハトルテ,2007106175,クロフネ,1998110135
2018101145,アジアエクスプレス,2011110091,バトルアンコール,2010106247,フジキセキ,1992109618
2018101166,マジェスティックウォリアー Majestic Warrior(米),000a011e9c,サイモンガーランド,2009103158,ロージズインメイ Roses in May(米),000a010a10
2018101175,ケープブランコ Cape Blanco(英),000a011b06,テーオーヴィーナス,2009103146,ディープインパクト,2002100816
2018101178,ダイワメジャー,2001103114,テーオールネサンス,2007106698,クロフネ,1998110135
2018101198,タートルボウル Turtle Bowl(愛),000a012045,ハートノイヤリング,2008102854,ハーツクライ,2001103038
2018101214,モンテロッソ Monterosso(英),000a011b05,ドレスアップ,2012100952,スウェプトオーヴァーボード Swept Overboard(米),000a00fa34
2018101215,アスカクリチャン,2007104599,マヤノプレム,2004105224,タイキシャトル,1994109686
2018101232,パドトロワ,2007102760,ゴールドピアース,2006100862,ゴールドアリュール,1999106689
2018101240,ヴィットリオドーロ,2009110009,ユニヴァースパール,2012104132,ネオユニヴァース,2000101426
2018101243,サウスヴィグラス,1996110138,グレイスフルアート,2012104531,ダイワメジャー,2001103114
2018101255,リオンディーズ,2013105915,エアジュプロンサ,2008103325,ハーツクライ,2001103038
2018101267,アジアエクスプレス,2011110091,アナコンダ,2009102035,フサイチコンコルド,1993109220
2018101299,キングカメハメハ,2001103460,マルトク,2001107831,マーベラスサンデー,1992103687
2018101300,ドゥラメンテ,2012104511,ラッキーレディ,2010104688,ネオユニヴァース,2000101426
2018101337,エイシンフラッシュ,2007102951,ヒミノプリンセス,2005104548,マンハッタンカフェ,1998101554
2018101343,ラブリーデイ,2010104298,エンドレスノット,2009106084,ディープインパクト,2002100816
2018101348,トーセンジョーダン,2006103169,グレイシアブルー,2002100942,サンデーサイレンス Sunday Silence(米),000a00033a
2018101370,パイロ Pyro(米),000a01176a,マーキークラブ,2013106028,クロフネ,1998110135
2018101371,ロードカナロア,2008103552,ヤマトマリオン,2003104871,オペラハウス Opera House(英),000a000d77
2018101379,ヘニーハウンド,2008110097,トウカイセレッソ,2009104929,キングカメハメハ,2001103460
2018101455,リオンディーズ,2013105915,モンテドーター,2003109309,ブライアンズタイム Brian's Time(米),000a000082
2018101462,トゥザワールド,2011103975,ハルトリーゲル,2009104457,ファスリエフ Fasliyev(米),000a00fc4c
2018101497,シニスターミニスター Sinister Minister(米),000a011099,ブラックシュガー,2012100093,ブラックタイド,2001103312
2018101514,カレンブラックヒル,2009106230,ダームドゥラック,2009101577,シンボリクリスエス,1999110099
2018101516,シニスターミニスター Sinister Minister(米),000a011099,ハマナス,2013100299,キングカメハメハ,2001103460
2018101562,ハービンジャー Harbinger(英),000a011996,カフジビーナス,2013101381,ディープインパクト,2002100816
2018101572,プリサイスエンド Precise End(米),000a00fe9b,アサカラヴァーズ,2011104670,キングヘイロー,1995104427
2018101579,ドゥラメンテ,2012104511,ヘイローフジ,2003100206,キングヘイロー,1995104427
2018101590,ホッコータルマエ,2009100921,コウエイテンプウ,2006100647,デヒア Dehere(米),000a0000df
2018101592,エイシンヒカリ,2011101273,スナークスズラン,1999105134,ダンシングブレーヴ Dancing Brave(米),000a0000cc
2018101615,スクリーンヒーロー,2004103328,イクスキューズ,2004100763,ボストンハーバー Boston Harbor(米),000a00007c
2018101616,スクリーンヒーロー,2004103328,ウインアキレア,2012100229,コンデュイット Conduit(愛),2005190006
2018101621,エピファネイア,2010104155,ウインリバティ,2011104724,ダンスインザダーク,1993109188
2018101625,ハーツクライ,2001103038,コスモアクセス,2009105141,ロージズインメイ Roses in May(米),000a010a10
2018101626,ゴールドシップ,2009102739,コスモエルデスト,2011105940,ブラックホーク,1994109361
2018101630,ドゥラメンテ,2012104511,コスモチェーロ,2003110225,Fusaichi Pegasus,000a0022cf
2018101642,ダノンシャンティ,2007105709,ヒカルラブリーアイ,2000101123,ブライアンズタイム Brian's Time(米),000a000082
2018101646,スクリーンヒーロー,2004103328,マリアヴェロニカ,2008103338,ジャングルポケット,1998101786
2018101660,ルーラーシップ,2007103143,アンフィルージュ,2007104401,アグネスタキオン,1998101516
2018101662,ロージズインメイ Roses in May(米),000a010a10,ツクバオトメ,2008103074,ネオユニヴァース,2000101426
2018101671,ダンカーク Dunkirk(米),000a012185,セイラ,2009102772,スパイキュール,2000101557
2018101704,パイロ Pyro(米),000a01176a,ビクトリーレディー,2006104710,ネオユニヴァース,2000101426
2018101728,リオンディーズ,2013105915,エバーローズ,2009104752,ウインクリューガー,2000107407
2018101739,ディープインパクト,2002100816,ケイアイガーベラ,2006104463,Smarty Jones (米),000a01053e
2018101742,シニスターミニスター Sinister Minister(米),000a011099,ベターナウ Better Now(米),000a011e0c,サンダーガルチ Thunder Gulch(米),000a00035c
2018101744,ヘニーヒューズ Henny Hughes(米),000a011155,アルボランシー,2008104594,ロックオブジブラルタル,000a00fd4c
2018101796,ネオユニヴァース,2000101426,ドリームピーチ,2007104565,タップダンスシチー,1997110043
2018101804,エピファネイア,2010104155,ジュエリスト,2009106421,ダイワメジャー,2001103114
2018101817,スウェプトオーヴァーボード Swept Overboard(米),000a00fa34,ラプザントゥール,2011104558,キングカメハメハ,2001103460
2018101878,モーリス,2011100655,イチノヤジョウ,1999104113,アジュディケーティング Adjudicating(米),000a000d5d
2018101894,カレンブラックヒル,2009106230,トロピカルタイム,2000105004,ブライアンズタイム Brian's Time(米),000a000082
2018101924,ヴァンセンヌ,2009106525,オペラアイ,2000104483,オペラハウス Opera House(英),000a000d77
2018101928,エスポワールシチー,2005102837,ワンモアアリュール,1997105085,ジェイドロバリー Jade Robbery(米),000a0001a7
2018101943,キングカメハメハ,2001103460,アドマイヤシルク,2009106443,シンボリクリスエス,1999110099
2018101945,リオンディーズ,2013105915,アルーア,2009106427,ディープインパクト,2002100816
2018101946,ディスクリートキャット Discreet Cat(米),000a0113a1,アレキパ,2010103863,スペシャルウィーク,1995103211
2018101951,モーリス,2011100655,タガノエトワール,2011103610,キングカメハメハ,2001103460
2018101956,マクフィ Makfi(英),000a011c77,タガノバトラ,2013105637,フレンチデピュティ French Deputy(米),000a00013a
2018101964,エピファネイア,2010104155,チャーリーズ,2012100509,キングカメハメハ,2001103460
2018101966,オルフェーヴル,2008102636,バレドクール,2008102874,タニノギムレット,1999100226
2018101970,ノヴェリスト Novellist(愛),000a012230,ボディーダンシング,2010103812,ホワイトマズル White Muzzle(英),1990109700
2018101982,アジアエクスプレス,2011110091,クインズストリーク,2011102628,ゴールドアリュール,1999106689
2018101984,パイロ Pyro(米),000a01176a,ケイアイアテナ,2008110026,Afleet Alex,000a010dc8
2018101989,ディスクリートキャット Discreet Cat(米),000a0113a1,ジョディーズロマン,2010105781,サムライハート,2002100996
2018102009,ローエングリン,1999106738,ヤマニンアドーレ,2010105803,ダイワメジャー,2001103114
2018102020,ディープインパクト,2002100816,ヤマニンパピオネ,2008104795,スウェプトオーヴァーボード Swept Overboard(米),000a00fa34
2018102021,ヴィクトワールピサ,2007102923,ヤマニンプチフール,2002102270,フレンチデピュティ French Deputy(米),000a00013a
2018102040,ハーツクライ,2001103038,キトゥンズクイーン Kitten's Queen(米),000a012f81,Kitten's Joy (米),000a0119b3
2018102048,シンボリクリスエス,1999110099,シェルエメール,2008104831,ジャングルポケット,1998101786
2018102060,マジェスティックウォリアー Majestic Warrior(米),000a011e9c,パノラマビューティ,2002100969,ダンスインザダーク,1993109188
2018102069,ロードカナロア,2008103552,ラベ,2005105379,ダンスインザダーク,1993109188
2018102077,ヴィクトワールピサ,2007102923,ポポチャン,2005105412,トウカイテイオー,1988101025
2018102087,クリエイターII Creator(米),000a013630,ケイアイリブラ,2010101689,アグネスデジタル,1997110025
2018102091,ドゥラメンテ,2012104511,パールブロッサム,2009102974,アドマイヤドン,1999107052
2018102120,カレンブラックヒル,2009106230,コンフォータブル,2011105174,ザール Xaar(英),000a010990
2018102148,スクリーンヒーロー,2004103328,マイネアルデュール,2005105499,アドマイヤコジーン,1996106512
2018102151,ゴールドシップ,2009102739,マイネイディール,2008105633,アドマイヤマックス,1999107004
2018102155,スクリーンヒーロー,2004103328,マイネエレーナ,2008104911,ロージズインメイ Roses in May(米),000a010a10
2018102163,ゴールドシップ,2009102739,マイネジャンヌ,2008104904,ロージズインメイ Roses in May(米),000a010a10
2018102170,ゴールドシップ,2009102739,マイネヌーヴェル,2000102605,ブライアンズタイム Brian's Time(米),000a000082
2018102172,ハーツクライ,2001103038,マイネヒメル,2009105143,ロージズインメイ Roses in May(米),000a010a10
2018102178,グラスワンダー,1995108676,マイネレーツェル,2005109177,ステイゴールド,1994108729
2018102181,ロージズインメイ Roses in May(米),000a010a10,ミルルーテウス,2004103310,アグネスタキオン,1998101516
2018102186,ゴールドシップ,2009102739,マイネグレヴィル,2011105245,ブライアンズタイム Brian's Time(米),000a000082
2018102195,ヘニーヒューズ Henny Hughes(米),000a011155,ゴールドグローリー,2012100760,ハービンジャー Harbinger(英),000a011996
2018102196,トゥザワールド,2011103975,ゴールドジャパン,2007104957,スターリングローズ,1997106560
2018102202,ドゥラメンテ,2012104511,クイーンオブトロイ Queen of Troy(愛),000a012f9c,Storm Cat (米),000a001a98
2018102215,ディープブリランテ,2009105084,レッドマロン,2008106083,Aragorn,000a011158
2018102216,ラブリーデイ,2010104298,ロンギングシャネル,2010104187,ネオユニヴァース,2000101426
2018102226,ルーラーシップ,2007103143,ストームイメージ,2001102785,ダンスインザダーク,1993109188
2018102227,ミッキーアイル,2011103916,タケノローマン,2011105305,キングカメハメハ,2001103460
2018102247,アジアエクスプレス,2011110091,シーアクトレス,2008105035,ネオユニヴァース,2000101426
2018102260,ヘニーヒューズ Henny Hughes(米),000a011155,アルーシュ,2011103968,チチカステナンゴ Chichicastenango(仏),000a011135
2018102262,ペルーサ,2007102705,ウィステリアカフナ,2011105334,スペシャルウィーク,1995103211
2018102264,シニスターミニスター Sinister Minister(米),000a011099,ウインプラチナム,2005102311,ゼンノエルシド,1997110179
2018102279,エイシンフラッシュ,2007102951,ダンシングロイヤル,2008105189,サクラバクシンオー,1989108341
2018102281,アジアエクスプレス,2011110091,ツルマルサンチャン,2009104344,ディープインパクト,2002100816
2018102294,ジョーカプチーノ,2006100529,バーニングハート,2010105061,ストラヴィンスキー,000a00fa41
2018102338,アジアエクスプレス,2011110091,ボンジュールカレン,2006103066,ゴールドアリュール,1999106689
2018102348,モーリス,2011100655,アメージングムーン,2010106120,アドマイヤムーン,2003102991
2018102350,パイロ Pyro(米),000a01176a,オーシャンフリート,2008105085,アフリート Afleet(加),000a000013
2018102360,アジアエクスプレス,2011110091,メジェルダ,2013102088,ディープインパクト,2002100816
2018102362,オルフェーヴル,2008102636,ラヴァーズレーン,2000105372,メジロライアン,1987105368
2018102372,ヘニーヒューズ Henny Hughes(米),000a011155,ゴッドダンシング,2006105043,ダンスインザダーク,1993109188
2018102394,ガルボ,2007101163,ブセナ,2011106471,マイネルセレクト,1999107196
2018102477,マジェスティックウォリアー Majestic Warrior(米),000a011e9c,プリーズドスマイル,2010103997,ディープインパクト,2002100816
2018102491,リアルインパクト,2008103244,ブリーズヴェール,2012102312,バゴ Bago(仏),2001190004
2018102566,ディスクリートキャット Discreet Cat(米),000a0113a1,レッドルシアン,2011103762,ゼンノロブロイ,2000101517
2018102574,マクフィ Makfi(英),000a011c77,オーシュペール,2009101530,ダイワメジャー,2001103114
2018102576,キングカメハメハ,2001103460,キャトルフィーユ,2009101532,ディープインパクト,2002100816
2018102580,モーリス,2011100655,サッカーマム Soccer Mom(米),000a010758,Kingmambo (米),000a001d7e
2018102585,リオンディーズ,2013105915,スターコレクション,2008103539,アグネスタキオン,1998101516
2018102586,ロードカナロア,2008103552,スピニングワイルドキャット Spinning Wildcat(米),000a01250f,ハードスパン Hard Spun(米),000a0116a1
2018102595,ディープインパクト,2002100816,パーフェクトトリビュート,000a0128f2,Dubawi,000a0115e2
2018102608,ロードカナロア,2008103552,ワイルドココ,000a012d45,Shirocco,000a010db9
2018102649,エイシンヒカリ,2011101273,フォワードカール,2011104109,ゼンノロブロイ,2000101517
2018102657,ドゥラメンテ,2012104511,ダイワパッション,2003101283,フォーティナイナー Forty Niner(米),000a000134
2018102666,リアルインパクト,2008103244,フェイズシフト,2006103691,サクラバクシンオー,1989108341
2018102681,ホッコータルマエ,2009100921,シプカクラッチュ,2002101257,デヒア Dehere(米),000a0000df
2018102715,キズナ,2010105827,エンブレイス,2004100688,アフリート Afleet(加),000a000013
2018102811,リーチザクラウン,2006102923,フローラルウインド,2006102662,アグネスタキオン,1998101516
2018102813,ダイワメジャー,2001103114,リキサンピュアティ,2000101649,トニービン Tony Bin(愛),1983109006
2018102822,ロードカナロア,2008103552,ヒミノダンス,2006103939,ダンスインザダーク,1993109188
2018102832,ドゥラメンテ,2012104511,ティアランドール,2007110025,Action This Day,000a010ab3
2018102859,グランプリボス,2008103388,トーホウフローラ,2002110091,Vicar,000a00ff42
2018102899,モーリス,2011100655,ギュイエンヌ,2005104636,タニノギムレット,1999100226
2018102910,ドゥラメンテ,2012104511,フリティラリア,2010104504,アドマイヤムーン,2003102991
2018102917,ゴールドシップ,2009102739,アルデグロリア,2010101708,アルデバランII Aldebaran(米),000a010541
2018102956,マクフィ Makfi(英),000a011c77,ワンダーノンブーレ,2003102207,デヒア Dehere(米),000a0000df
2018102969,ワールドエース,2009106353,ニシノヘレンド,2007102519,Oasis Dream (英),000a010d4f
2018102989,シニスターミニスター Sinister Minister(米),000a011099,キープサニーハート,2013103148,キングヘイロー,1995104427
2018103005,マジェスティックウォリアー Majestic Warrior(米),000a011e9c,ハミングライフ,2011103808,スペシャルウィーク,1995103211
2018103018,ワールドエース,2009106353,レディークライスト,2004102125,Holy Bull (米),000a000180
2018103021,マクフィ Makfi(英),000a011c77,ココモオレンジ,2008102812,キングカメハメハ,2001103460
2018103063,ルーラーシップ,2007103143,ロンド,2008101974,ロックオブジブラルタル,000a00fd4c
2018103102,ハービンジャー Harbinger(英),000a011996,ラフレッシュブルー,2005104976,グラスワンダー,1995108676
2018103105,ロードカナロア,2008103552,アグネスナチュラル,2006102875,サクラバクシンオー,1989108341
2018103116,ヘニーヒューズ Henny Hughes(米),000a011155,カネトシキフジン,2011103604,キングカメハメハ,2001103460
2018103117,トーセンジョーダン,2006103169,カネトシディザイア,1999106882,フジキセキ,1992109618
2018103120,ロードカナロア,2008103552,カレンシェリーメイ,2009105828,ディープインパクト,2002100816
2018103125,キズナ,2010105827,ゴールドトパーズ,2013102936,エンパイアメーカー Empire Maker(米),000a010542
2018103127,ゴールドシップ,2009102739,シーギリアレディー,2006101887,キングカメハメハ,2001103460
2018103133,リオンディーズ,2013105915,ティアップレーヴ,2010100275,クロフネ,1998110135
2018103147,ホッコータルマエ,2009100921,ホッコーザムーン,2011103168,アドマイヤジャパン,2002102324
2018103150,ジャスタウェイ,2009106461,マスターチアフル,2006100383,ボストンハーバー Boston Harbor(米),000a00007c
2018103159,フサイチセブン,2006101225,ローズアライヴァル,2002102691,フジキセキ,1992109618
2018103173,サウスヴィグラス,1996110138,ロックフォーティ,2008102088,ロックオブジブラルタル,000a00fd4c
2018103195,メイショウサムソン,2003102205,エスケイミネルバ,2012105938,メイショウボーラー,2001100650
2018103200,トゥザグローリー,2007103265,プリティホワイト,2009104650,クロフネ,1998110135
2018103205,ディスクリートキャット Discreet Cat(米),000a0113a1,デイドリーマー,2010100683,ネオユニヴァース,2000101426
2018103206,ジョーカプチーノ,2006100529,パリサンジェルマン,2003104164,フレンチデピュティ French Deputy(米),000a00013a
2018103223,アイルハヴアナザー I'll Have Another(米),000a011ed3,ダイワバーガンディ,2006102993,ブライアンズタイム Brian's Time(米),000a000082
2018103238,リオンディーズ,2013105915,サウスエンピリカル,2005101539,マンハッタンカフェ,1998101554
2018103264,シンボリクリスエス,1999110099,オリヴェット,2002106318,ダンスインザダーク,1993109188
2018103266,トゥザグローリー,2007103265,ミコノス,2005101745,With Approval,000a001c5f
2018103276,シルポート,2005109202,ヒシアニマ,2003110018,Sinndar (愛),000a002329
2018103278,ダンカーク Dunkirk(米),000a012185,ヒシアルコル,2009101220,ダイワメジャー,2001103114
2018103293,サウスヴィグラス,1996110138,クイーンマルサ,2006106732,ステイゴールド,1994108729
2018103296,ゼンノロブロイ,2000101517,ヨドノグレイス,2009102052,バゴ Bago(仏),2001190004
2018103301,ヘニーヒューズ Henny Hughes(米),000a011155,チリビリビン,2001105503,ブロッコ Brocco(米),000a000083
2018103308,ロードカナロア,2008103552,アドマイヤサブリナ,2010104205,シンボリクリスエス,1999110099
2018103319,ホッコータルマエ,2009100921,スパイスフェアリー,2011102763,シニスターミニスター Sinister Minister(米),000a011099
2018103340,ジョーカプチーノ,2006100529,ポジショントーク,2009105816,シンボリクリスエス,1999110099
2018103341,ロードカナロア,2008103552,マリアフィオーレ,2011104286,ハーツクライ,2001103038
2018103362,ニホンピロアワーズ,2007100191,シゲルチャグチャグ,2012100481,サムライハート,2002100996
2018103368,ラブリーデイ,2010104298,デンコウデア,2009101334,スペシャルウィーク,1995103211
2018103377,エピファネイア,2010104155,ビューティソング,1997100572,デインヒル Danehill(米),000a0000d1
2018103388,ホッコータルマエ,2009100921,ミヤジガンバレ,2009101361,ファスリエフ Fasliyev(米),000a00fc4c
2018103391,スマートファルコン,2005100097,キティ,2006100649,Northern Afleet,000a010a96
2018103406,トーホウジャッカル,2011100482,トーホウプリンセス,2007102333,サクラバクシンオー,1989108341
2018103407,モーリス,2011100655,バージニアキャット,2008110103,Bluegrass Cat,000a01173d
2018103430,キングカメハメハ,2001103460,エスピナアスール,2007100028,フジキセキ,1992109618
2018103470,アイルハヴアナザー I'll Have Another(米),000a011ed3,アフロディシアス,2008105107,ジャングルポケット,1998101786
2018103473,カレンブラックヒル,2009106230,アンローランサン,2006100741,フサイチコンコルド,1993109220
2018103477,オルフェーヴル,2008102636,ヴンダーゾンネ,2006100745,グラスワンダー,1995108676
2018103485,トーセンラー,2008102985,オーガンディー,2011101785,フレンチデピュティ French Deputy(米),000a00013a
2018103489,モーリス,2011100655,キョウエイトルース,1997106004,フジキセキ,1992109618
2018103499,ゴールドシップ,2009102739,シュヴァリエ,2011101881,フレンチデピュティ French Deputy(米),000a00013a
2018103503,マツリダゴッホ,2003104570,スノークラフト,2009103322,アグネスデジタル,1997110025
2018103507,アイルハヴアナザー I'll Have Another(米),000a011ed3,スマーティコジーン,2002110200,Cozzene,000a001bda
2018103515,オルフェーヴル,2008102636,タマヒカル,2002102475,パラダイスクリーク Paradise Creek(米),1989109110
2018103529,マツリダゴッホ,2003104570,ハイデフィニション,2005104192,アグネスデジタル,1997110025
2018103535,ディープインパクト,2002100816,ビーコンターン Beacon Tarn(英),000a0137a0,Shamardal (米),000a010c92
2018103537,アイルハヴアナザー I'll Have Another(米),000a011ed3,フィアレス,2009103323,スペシャルウィーク,1995103211
2018103540,キズナ,2010105827,フサイチジェット,2002110192,Gilded Time,000a001fbc
2018103543,ジャスタウェイ,2009106461,ブリュメール,2000101786,ティンバーカントリー Timber Country(米),000a00035e
2018103551,シニスターミニスター Sinister Minister(米),000a011099,マイネホコモモラ,2007104875,ロージズインメイ Roses in May(米),000a010a10
2018103560,マツリダゴッホ,2003104570,モトヒメ,2007100092,ショウナンカンプ,1998102595
2018103563,マツリダゴッホ,2003104570,ラドランファーマ,2002101831,ホワイトマズル White Muzzle(英),1990109700
2018103590,ロードカナロア,2008103552,シティウェルズ City Wells(加),000a013869,City Zip (米),000a0127e6
2018103603,ネオユニヴァース,2000101426,ファシネイト,2009109151,キングカメハメハ,2001103460
2018103611,スピルバーグ,2009105961,マスターマイン,2006100801,Belong to Me,000a001ff2
2018103620,リーチザクラウン,2006102923,ローズカリーナ,2012104934,ハービンジャー Harbinger(英),000a011996
2018103641,ストロングリターン,2006102934,リアンローズ,2008104647,スターリングローズ,1997106560
2018103677,キズナ,2010105827,ヴェルヴェットクイーン Velvet Queen(英),000a010ab0,Singspiel (愛),1992190005
2018103711,ダノンレジェンド,2010110102,グレースグランド,2011101943,アドマイヤムーン,2003102991
2018103724,サウスヴィグラス,1996110138,スズカシャンティー,2005100303,Giant's Causeway (米),000a0022e1
2018103738,サウスヴィグラス,1996110138,ピッチシフター,2010102639,スズカマンボ,2001103890
2018103739,サウスヴィグラス,1996110138,ファイトソング,2004104322,アサティス Assatis(米),1985109002
2018103762,ドゥラメンテ,2012104511,サトノジェイド,2011110001,Cape Cross,000a0022ae
2018103766,ロードカナロア,2008103552,パルティール,2011104009,スペシャルウィーク,1995103211
2018103774,ホッコータルマエ,2009100921,フェバリットガール,2006101512,ダンスインザダーク,1993109188
2018103796,トゥザワールド,2011103975,モルフェキイ,2006106816,モルフェデスペクタ,1998110056
2018103802,ルーラーシップ,2007103143,アステュート,2010102733,アグネスタキオン,1998101516
2018103819,ヘニーヒューズ Henny Hughes(米),000a011155,ケイアイベローナ,2003106218,クロフネ,1998110135
2018103828,ニホンピロアワーズ,2007100191,ニホンピロタルト,2004104432,オペラハウス Opera House(英),000a000d77
2018103862,マクフィ Makfi(英),000a011c77,オービーレディー,2008100380,コマンダーインチーフ Commander in Chief(英),000a0000b0
2018103873,シンボリクリスエス,1999110099,ポリアフ,2012104881,キングカメハメハ,2001103460
2018103902,クリーンエコロジー,2008100563,ブライアンオークス,2003105051,ブライアンズタイム Brian's Time(米),000a000082
2018103926,ダイワメジャー,2001103114,プリンセスオブザスターズ Princessofthestars(愛),000a012e23,Sea The Stars Sea the Stars(愛),000a011c78
2018103927,ダイワメジャー,2001103114,ベアフットレディ Barefoot Lady(愛),000a012102,Footstepsinthesand (英),000a0111b5
2018103929,ディープインパクト,2002100816,マルケサ Marquesa(米),000a013804,Kingmambo (米),000a001d7e
2018103957,ワールドエース,2009106353,フレイムミーティア,2010100559,ファンタスティックライト Fantastic Light(米),1996190005
2018103997,ローエングリン,1999106738,ソルシエトウショウ,2011102299,マーベラスサンデー,1992103687
2018104011,ヴァンセンヌ,2009106525,サクラパピルス,2011102142,アグネスデジタル,1997110025
2018104014,トーセンジョーダン,2006103169,サクラプレジール,2010102812,サクラプレジデント,2000102261
2018104022,サウスヴィグラス,1996110138,サクラフルーレ,2011102165,マンハッタンカフェ,1998101554
2018104030,リオンディーズ,2013105915,ラブディラン,2009103765,Dylan Thomas (愛),000a011072
2018104041,アドマイヤムーン,2003102991,ヤマガール,2010101709,ストーミングホーム Storming Home(英),1998190003
2018104059,ブラックタイド,2001103312,カチューシャ,2009103906,ケイムホーム Came Home(米),000a0108d1
2018104070,トーセンラー,2008102985,サトノローズヒップ,2005100587,タイキシャトル,1994109686
2018104110,ディープインパクト,2002100816,フォーチュンワード,2005100580,デヒア Dehere(米),000a0000df
2018104121,キズナ,2010105827,マーガレットメドウ,2014110044,Distorted Humor (米),000a0022ea
2018104149,サウスヴィグラス,1996110138,ハッピーヴァリュー,2011102338,ゼンノロブロイ,2000101517
2018104152,キズナ,2010105827,ピサノレインボー,2006110003,Rainbow Quest (米),000a001b4d
2018104156,ホッコータルマエ,2009100921,アマランス,2001103721,サンデーサイレンス Sunday Silence(米),000a00033a
2018104160,キズナ,2010105827,ニホンピロアンバー,2011102347,スウェプトオーヴァーボード Swept Overboard(米),000a00fa34
2018104162,ジャングルポケット,1998101786,ニホンピロオーロラ,2010103091,マンハッタンカフェ,1998101554
2018104208,キンシャサノキセキ,2003110212,アサケゴマ,2010103144,クロフネ,1998110135
2018104225,キングヘイロー,1995104427,ヒーリング,2013101094,バトルプラン Battle Plan(米),000a0118e8
2018104240,ドゥラメンテ,2012104511,ボイルトウショウ,2011102321,ケイムホーム Came Home(米),000a0108d1
2018104261,キングカメハメハ,2001103460,ホワイトエレガンス,2012103409,クロフネ,1998110135
2018104266,フェノーメノ,2009106599,ユキノクイーン,2006101447,タイキシャトル,1994109686
2018104268,ゴールドシップ,2009102739,レディインディ Lady Indy(米),000a0114e8,A.P. Indy,000a001d37
2018104317,エピファネイア,2010104155,サトノフラリッシュ,2012103489,エンパイアメーカー Empire Maker(米),000a010542
2018104322,ケープブランコ Cape Blanco(英),000a011b06,セブンシークィーン,2006101515,コロナドズクエスト Coronado's Quest(米),000a0000b5
2018104331,グラスワンダー,1995108676,チアフルスマイル,2000104770,サンデーサイレンス Sunday Silence(米),000a00033a
2018104332,ヘニーヒューズ Henny Hughes(米),000a011155,チャームポット,2006102033,フジキセキ,1992109618
2018104333,ミッキーアイル,2011103916,ティンクルチャーミ,2007100860,スウェプトオーヴァーボード Swept Overboard(米),000a00fa34
2018104346,リオンディーズ,2013105915,マーヴェリックス,2010104060,Smart Strike (加),000a00211c
2018104347,ワールドエース,2009106353,ユキノシンデレラ,2000102685,サンダーガルチ Thunder Gulch(米),000a00035c
2018104367,ロードカナロア,2008103552,トレノトマト,2003105456,デヒア Dehere(米),000a0000df
2018104379,ストロングリターン,2006102934,キモンオレンジ,2011102583,ダンスインザダーク,1993109188
2018104392,ヘニーヒューズ Henny Hughes(米),000a011155,ラブフール,2007103423,ゼンノロブロイ,2000101517
2018104395,ナカヤマフェスタ,2006102424,キズナII,000a012e2b,Hurricane Run (愛),000a01189d
2018104403,バゴ Bago(仏),2001190004,マイネマリアンヌ,2009105127,ダイワメジャー,2001103114
2018104420,リヤンドファミユ,2010104396,アマノブラウニイー,2007102089,サクラバクシンオー,1989108341
2018104460,ジョーカプチーノ,2006100529,ミスベルツリー,2006104843,アグネスデジタル,1997110025
2018104462,ジョーカプチーノ,2006100529,モリトオウカ,1998104267,ブライアンズタイム Brian's Time(米),000a000082
2018104463,キズナ,2010105827,ウィローパドック,2006103108,クロフネ,1998110135
2018104475,ディープインパクト,2002100816,シスタリーラヴ Sisterly Love(米),000a012955,Bellamy Road,000a011cf9
2018104477,ドゥラメンテ,2012104511,スターズインハーアイズ Stars In Her Eyes(愛),000a00fe59,Woodman,000a001beb
2018104481,キズナ,2010105827,ブリリアントクラン,2008101014,ロックオブジブラルタル,000a00fd4c
2018104503,ジャスタウェイ,2009106461,アオゾラペダル,2006103044,ホワイトマズル White Muzzle(英),1990109700
2018104511,Le Havre,000a01198f,アブソリュートレディ Absolute Lady(愛),000a013e6e,Galileo (愛),000a00232b
2018104512,キングカメハメハ,2001103460,アプリコットフィズ,2007102942,ジャングルポケット,1998101786
2018104517,シンボリクリスエス,1999110099,アルティマチャーム,2013105364,キングカメハメハ,2001103460
2018104525,ハーツクライ,2001103038,アンリミテッドバジェット Unlimited Budget(米),000a012946,ストリートセンス Street Sense(米),000a0113a2
2018104533,ルーラーシップ,2007103143,イントロダクション,2011104311,デュランダル,1999106756
2018104534,ロードカナロア,2008103552,ウィケットキーパー,2009105795,アグネスタキオン,1998101516
2018104541,ディープインパクト,2002100816,ヴェルダ Velda(英),000a012809,Observatory,000a010bee
2018104558,オルフェーヴル,2008102636,オヴァンボクイーン Ovambo Queen(独),000a012166,Kalatos,000a01204e
2018104559,ダイワメジャー,2001103114,オフジオールドブロック Offtheoldblock(米),000a01151d,A.P. Indy,000a001d37
2018104561,エピファネイア,2010104155,オメガエンブレム,2009105760,ウォーエンブレム War Emblem(米),000a00fa35
2018104571,ローエングリン,1999106738,オープンユアアイズ,2013105372,ヴィクトワールピサ,2007102923
2018104574,キズナ,2010105827,オールドパサデナ,2009105757,エンパイアメーカー Empire Maker(米),000a010542
2018104576,エピファネイア,2010104155,カジノブギ,2013105437,ワークフォース Workforce(英),000a011a7f
2018104579,ハービンジャー Harbinger(英),000a011996,カレンケカリーナ,2010103791,ハーツクライ,2001103038
2018104586,ディープインパクト,2002100816,キャンディネバダ Candy Nevada(亜),000a012941,Pure Prize,000a011252
2018104591,マジェスティックウォリアー Majestic Warrior(米),000a011e9c,クインリーグレイス,2007102756,スペシャルウィーク,1995103211
2018104598,ロードカナロア,2008103552,クリスマスキャロル,2007102758,アグネスタキオン,1998101516
2018104607,ディープインパクト,2002100816,コンテスティッド Contested(米),000a0120cc,Ghostzapper,000a010525
2018104609,ハーツクライ,2001103038,ゴジップガール Gozzip Girl(米),000a011ade,Dynaformer,000a001dd9
2018104611,スクリーンヒーロー,2004103328,サイレントクロップ,2009105801,シンボリクリスエス,1999110099
2018104621,ディープインパクト,2002100816,シアードラマ Sheer Drama(米),000a013875,Burning Roma,000a013729
2018104633,ダイワメジャー,2001103114,シークレットジプシー Secret Gypsy(米),000a011add,Sea of Secrets,000a00fb8b
2018104638,ジャスタウェイ,2009106461,ジプシーハイウェイ Gypsy Highway(愛),000a0120ed,High Chaparral (愛),000a010270
2018104646,スクリーンヒーロー,2004103328,ステラスターライト,2012104317,ディープインパクト,2002100816
2018104662,オルフェーヴル,2008102636,ソーマジック,2005102296,シンボリクリスエス,1999110099
2018104663,ディープインパクト,2002100816,ターフローズ Turfrose(独),000a011870,Big Shuffle (米),000a010a77
2018104665,キングカメハメハ,2001103460,ダイワズーム,2009105930,ハーツクライ,2001103038
2018104674,ディープインパクト,2002100816,ダンサーデスティネイション Dancer Destination(英),000a012fcc,Dubai Destination,000a010a60
2018104688,ジャスタウェイ,2009106461,ディオニージア Dionisia(米),000a0111c3,Tejano Run,000a010a79
2018104697,トーセンラー,2008102985,トレサンセール,2014105591,Rip Van Winkle (愛),000a012465
2018104698,ハーツクライ,2001103038,トレラピッド Tres Rapide(愛),2005190001,Anabaa Blue,000a011385
2018104700,ディープインパクト,2002100816,ドバウィハイツ Dubawi Heights(英),000a011de0,Dubawi,000a0115e2
2018104708,ヴィクトワールピサ,2007102923,ノッテビアンカ Notte Bianca(仏),000a013870,Kendargent,000a0126fd
2018104711,ルーラーシップ,2007103143,ノーブルコロネット,2010103850,ディープインパクト,2002100816
2018104713,ハーツクライ,2001103038,ノーブルステラ,000a011478,Monsun,000a010db6
2018104714,ディープインパクト,2002100816,ハウオリ,2006100448,キングカメハメハ,2001103460
2018104723,ダイワメジャー,2001103114,ハートシェイプト Heart Shaped(米),000a0124be,Storm Cat (米),000a001a98
2018104729,ハーツクライ,2001103038,パーソナルレジェンド Personal Legend(米),000a010ac0,Awesome Again (加),000a0021cb
2018104738,ハーツクライ,2001103038,ピュアマインド,2008102879,ティンバーカントリー Timber Country(米),000a00035e
2018104746,エピファネイア,2010104155,ファンタジックアイ,2011104376,ネオユニヴァース,2000101426
2018104750,エピファネイア,2010104155,フェータルローズ,2009105960,タニノギムレット,1999100226
2018104754,パイロ Pyro(米),000a01176a,フレンドリーマナー,2000101417,サンデーサイレンス Sunday Silence(米),000a00033a
2018104756,ルーラーシップ,2007103143,フローレスダンサー,2012104286,ハービンジャー Harbinger(英),000a011996
2018104757,Dark Angel,000a0122b4,ブギーダモーレ Bugie d'Amore(英),000a013e72,Rail Link (英),000a010d4a
2018104762,キングカメハメハ,2001103460,ブリッジクライム,2009106032,ゼンノロブロイ,2000101517
2018104765,ディープインパクト,2002100816,ブルーミンバー,2005102305,ファルブラヴ Falbrav(愛),1998190004
2018104775,ディープブリランテ,2009105084,ヘヴンリークルーズ,2005102301,ファルブラヴ Falbrav(愛),1998190004
2018104778,ディープインパクト,2002100816,ベイトゥベイ Bay to Bay(米),000a0120cb,Sligo Bay,000a011fef
2018104787,キンシャサノキセキ,2003110212,マウントコブラ Mt. Kobla(米),000a011a61,Mt. Livermore,000a00184b
2018104791,キングカメハメハ,2001103460,マドモアゼルドパリ,2001103046,サンデーサイレンス Sunday Silence(米),000a00033a
2018104797,ルーラーシップ,2007103143,マルカサワヤカ,1998101556,サンデーサイレンス Sunday Silence(米),000a00033a
2018104800,スクリーンヒーロー,2004103328,マルバイユ Marbye(愛),000a010648,Marju (愛),000a001fb6
2018104827,エイシンフラッシュ,2007102951,ラブアクチュアリー,2003106302,ダンスインザダーク,1993109188
2018104837,リーチザクラウン,2006102923,リトルディッパー,2005102406,アグネスワールド,1995108665
2018104841,ハーツクライ,2001103038,リリーアメリカ Lily America(仏),000a0120ee,American Post,000a011997
2018104849,エイシンフラッシュ,2007102951,レイヨンヴェール,2011104196,ゴールドアリュール,1999106689
2018104857,スクリーンヒーロー,2004103328,レッドマニッシュ,2010103781,シンボリクリスエス,1999110099
2018104865,ダイワメジャー,2001103114,レディトゥプリーズ Ready to Please(米),000a011167,More Than Ready,000a00fcdd
2018104872,オーシャンブルー,2008102978,ローズカットダイヤ,2005102310,フレンチデピュティ French Deputy(米),000a00013a
2018104874,モーリス,2011100655,アイスドール,2003102943,キャプテンスティーヴ Captain Steve(米),000a000d9d
2018104880,キングカメハメハ,2001103460,アヴェンチュラ,2008103078,ジャングルポケット,1998101786
2018104881,ハーツクライ,2001103038,アガルタ,2007103323,キングカメハメハ,2001103460
2018104885,ドゥラメンテ,2012104511,アスコルティ,2011104104,Danehill Dancer (愛),000a002309
2018104891,ノヴェリスト Novellist(愛),000a012230,アドマイヤエレノア,2008103247,ディープインパクト,2002100816
2018104894,キズナ,2010105827,アドマイヤキラメキ,2002100822,エンドスウィープ End Sweep(米),000a00010f
2018104895,モーリス,2011100655,アドマイヤシーマ,2011103884,ディープインパクト,2002100816
2018104896,モーリス,2011100655,アドマイヤセプター,2008103077,キングカメハメハ,2001103460
2018104907,キングカメハメハ,2001103460,アメリ,2010104018,Distorted Humor (米),000a0022ea
2018104908,モーリス,2011100655,アルギュロス,2012104647,マンハッタンカフェ,1998101554
2018104910,ドゥラメンテ,2012104511,アルビアーノ,2012110102,Harlan's Holiday,000a010cdf
2018104913,モーリス,2011100655,アロマティコ,2009106257,キングカメハメハ,2001103460
2018104917,ハービンジャー Harbinger(英),000a011996,アンレール,2010104270,ディープインパクト,2002100816
2018104925,モーリス,2011100655,インナーアージ,2010104322,ディープインパクト,2002100816
2018104929,ディープインパクト,2002100816,ウィラビーオーサム Willa B Awesome(米),000a0124cf,Awesome Gambler,000a0123e8
2018104938,リオンディーズ,2013105915,ウルド,2013105803,ハービンジャー Harbinger(英),000a011996
2018104942,ディープインパクト,2002100816,ヴィアンローズ Viane Rose(仏),000a010bf2,Sevres Rose,000a010a17
2018104944,オルフェーヴル,2008102636,ヴィヤダーナ Viyadana(仏),000a011aa1,Azamour (愛),000a01053b
2018104946,キズナ,2010105827,ヴィリエルバクル,2011110051,Sea The Stars Sea the Stars(愛),000a011c78
2018104947,モーリス,2011100655,ヴィルシーナ,2009106264,ディープインパクト,2002100816
2018104948,ハーツクライ,2001103038,ヴィルジニア,2010104147,Galileo (愛),000a00232b
2018104959,ドゥラメンテ,2012104511,エジル,2010110129,Stormy Atlantic,000a010b85
2018104971,ロードカナロア,2008103552,エレガントマナー,2006103297,シンボリクリスエス,1999110099
2018104980,バゴ Bago(仏),2001190004,オーマイベイビー,2011103810,ディープインパクト,2002100816
2018104982,エピファネイア,2010104155,カイゼリン,2005102655,アドマイヤベガ,1996107396
2018104985,キングカメハメハ,2001103460,カラフルブラッサム,2010104227,ハーツクライ,2001103038
2018104994,ハービンジャー Harbinger(英),000a011996,ガラディナー,2002100906,サンデーサイレンス Sunday Silence(米),000a00033a
2018104996,エイシンフラッシュ,2007102951,ガルデルスリール,2011103993,ダイワメジャー,2001103114
2018105008,キングカメハメハ,2001103460,クルミナル,2012104599,ディープインパクト,2002100816
2018105011,リオンディーズ,2013105915,クレヨンルージュ,2003103002,フジキセキ,1992109618
2018105012,ディープインパクト,2002100816,クロウキャニオン,2002106979,フレンチデピュティ French Deputy(米),000a00013a
2018105017,キズナ,2010105827,クーデグレイス,2006103197,ホワイトマズル White Muzzle(英),1990109700
2018105020,キングカメハメハ,2001103460,グルヴェイグ,2008103099,ディープインパクト,2002100816
2018105021,ディープブリランテ,2009105084,グルーヴァー,2011103775,シンボリクリスエス,1999110099
2018105043,ディープインパクト,2002100816,サロミナ Salomina(独),000a0121c3,Lomitas,000a00fe91
2018105047,キングカメハメハ,2001103460,サンデースマイルII Sunday Smile(英),000a01165a,サンデーサイレンス Sunday Silence(米),000a00033a
2018105050,エイシンフラッシュ,2007102951,シェリール,2000101583,サンデーサイレンス Sunday Silence(米),000a00033a
2018105056,ディープインパクト,2002100816,シャムロッカー Shamrocker(新),000a01216b,O'Reilly,000a0104d5
2018105064,ミッキーアイル,2011103916,ショウリュウムーン,2007101578,キングカメハメハ,2001103460
2018105069,ミッキーアイル,2011103916,シロインジャー,2013106122,ハービンジャー Harbinger(英),000a011996
2018105071,モーリス,2011100655,シンハライト,2013105906,ディープインパクト,2002100816
2018105073,ディープインパクト,2002100816,シーヴ Sheave(米),000a0137fc,Mineshaft (米),000a010545
2018105074,ルーラーシップ,2007103143,シーオブラブ,2012104763,ディープインパクト,2002100816
2018105076,モーリス,2011100655,シーザリオ,2002100844,スペシャルウィーク,1995103211
2018105078,ドゥラメンテ,2012104511,シーズインクルーデッド She's Included(米),000a01116d,Include,000a010906
2018105084,モーリス,2011100655,ジュモー,2006103316,タニノギムレット,1999100226
2018105085,ドゥラメンテ,2012104511,ジュントップヒトミ,2013106145,ゼンノロブロイ,2000101517
2018105086,ディープインパクト,2002100816,ジョコンダII Jioconda(愛),000a011cf6,Rossini,000a0119ba
2018105088,キングカメハメハ,2001103460,ジンジャーパンチ Ginger Punch(米),000a0117a0,Awesome Again (加),000a0021cb
2018105092,ロードカナロア,2008103552,スウェアトウショウ,2008100662,ディープインパクト,2002100816
2018105096,リアルインパクト,2008103244,スタイルリスティック,000a010cac,Storm Cat (米),000a001a98
2018105102,ディープブリランテ,2009105084,スネガエクスプレス,2009106159,ウォーエンブレム War Emblem(米),000a00fa35
2018105115,ジャスタウェイ,2009106461,セルキス Selkis(独),000a011d97,Monsun,000a010db6
2018105117,スピルバーグ,2009105961,センティナリー,2010104161,フレンチデピュティ French Deputy(米),000a00013a
2018105129,ディープインパクト,2002100816,ダストアンドダイヤモンズ Dust and Diamonds(米),000a0137a4,Vindication,000a010544
2018105131,キズナ,2010105827,ダークサファイア,2000110186,Out of Place,000a0022ca
2018105137,ルーラーシップ,2007103143,ツィンクルヴェール,2001103384,サンデーサイレンス Sunday Silence(米),000a00033a
2018105147,ロードカナロア,2008103552,ディアデラノビア,2002100954,サンデーサイレンス Sunday Silence(米),000a00033a
2018105151,ミッキーアイル,2011103916,デイトユアドリーム,2006103379,トワイニング Twining(米),000a000006
2018105157,ディープブリランテ,2009105084,デビルズコーナー,2005110198,Songandaprayer,000a01069b
2018105158,ミッキーアイル,2011103916,デュアルストーリー,2000101608,エンドスウィープ End Sweep(米),000a00010f
2018105162,ワールドエース,2009106353,トップモーション,2006103357,シンボリクリスエス,1999110099
2018105164,キングカメハメハ,2001103460,ドナブリーニ Donna Blini(英),000a010eb8,Bertolini,000a00fe97
2018105165,ディープインパクト,2002100816,ドバイマジェスティ Dubai Majesty(米),000a011a63,Essence of Dubai,000a0119b8
2018105169,ロードカナロア,2008103552,ナンヨーカノン,2010104253,フジキセキ,1992109618
2018105187,ダイワメジャー,2001103114,パーシステントリー Persistently(米),000a011b0f,Smoke Glacken,000a00222c
2018105192,キングカメハメハ,2001103460,ヒカルアマランサス,2006103241,アグネスタキオン,1998101516
2018105199,ディープブリランテ,2009105084,ビジュートウショウ,2011102310,ディープスカイ,2005101358
2018105201,リアルインパクト,2008103244,ビバリーヒルズ,2012104803,スニッツェル Snitzel(豪),000a010eaa
2018105213,モーリス,2011100655,ピーチブローフィズ,2007103298,シンボリクリスエス,1999110099
2018105214,Into Mischief,000a0125a7,ファイナルディシジョン Final Decision(米),000a013dae,Super Saver,000a012d51
2018105215,オルフェーヴル,2008102636,ファシネイション,2009106140,シンボリクリスエス,1999110099
2018105226,ハーツクライ,2001103038,フォーシンズ Four Sins(独),000a011533,Sinndar (愛),000a002329
2018105231,ロードカナロア,2008103552,フロアクラフト,2010104347,フジキセキ,1992109618
2018105236,モーリス,2011100655,ブルーメンブラット,2003102993,アドマイヤベガ,1996107396
2018105237,ルーラーシップ,2007103143,ブロンシェダーム,2011103927,ディープインパクト,2002100816
2018105249,ハーツクライ,2001103038,プンタステラ Punta Stella(愛),000a0124c1,Elusive City,000a01239c
2018105251,キングカメハメハ,2001103460,ベットーレ,000a0139a1,Blu Air Force,000a01289c
2018105253,エピファネイア,2010104155,ベッラレジーナ,2011104046,ネオユニヴァース,2000101426
2018105256,キングカメハメハ,2001103460,ベルワトリング Belle Watling(智),000a011df9,Dushyantor,000a011d8d
2018105258,エピファネイア,2010104155,ペルレンケッテ,2008103309,ディープインパクト,2002100816
2018105260,ダイワメジャー,2001103114,ホットチャチャ Hot Cha Cha(米),000a01205c,Cactus Ridge,000a011ff1
2018105264,ハービンジャー Harbinger(英),000a011996,ボージェスト,2011103749,キングカメハメハ,2001103460
2018105277,ハーツクライ,2001103038,マラコスタムブラダ Malacostumbrada(亜),000a012b0b,Lizard Island,000a0129b9
2018105284,Frankel,000a01239b,マーゴットディド Margot Did(愛),000a013dbc,Exceed And Excel,000a010a61
2018105286,ディープインパクト,2002100816,ミスアンコール,2006103348,キングカメハメハ,2001103460
2018105291,ディープインパクト,2002100816,ミュージカルウェイ Musical Way(仏),000a011534,Gold Away,000a010313
2018105293,ゴールドシップ,2009102739,ミリオンウィッシーズ Million Wishes(英),000a0120f5,Darshaan,000a0019b1
2018105296,ダイワメジャー,2001103114,ムーングロウ Moonglow(英),000a013897,Nayef,000a01056f
2018105297,ロードカナロア,2008103552,ムーンライトダンス Moonlight Dance(愛),000a010b61,Sinndar (愛),000a002329
2018105301,ルーラーシップ,2007103143,メテオーリカ,2009105715,ディープインパクト,2002100816
2018105308,ハービンジャー Harbinger(英),000a011996,モンローブロンド,2002100890,アドマイヤベガ,1996107396
2018105316,キングカメハメハ,2001103460,ライラプス,2002101006,フレンチデピュティ French Deputy(米),000a00013a
2018105317,アジアエクスプレス,2011110091,ラインダール,2013105968,クロフネ,1998110135
2018105321,モーリス,2011100655,ラストグルーヴ,2010104053,ディープインパクト,2002100816
2018105328,キングカメハメハ,2001103460,ラドラーダ,2006103419,シンボリクリスエス,1999110099
2018105333,ブラックタイド,2001103312,ラリズ La Liz(亜),000a011abb,Bernstein,000a010bae
2018105336,ブラックタイド,2001103312,リアリサトリス Realisatrice(仏),000a011dd1,Numerous,000a002191
2018105338,キングカメハメハ,2001103460,リッスン Listen(愛),000a011aa0,Sadler's Wells (米),000a00185d
2018105342,ハーツクライ,2001103038,リュシオル,2006103365,クロフネ,1998110135
2018105343,ディープインパクト,2002100816,リュズキナ Ryzhkina(愛),000a012f79,Storm Cat (米),000a001a98
2018105345,ディープインパクト,2002100816,リュヌドール Lune d'Or(仏),2001190001,Green Tune,000a01025d
2018105349,ロードカナロア,2008103552,リングネブラ,2009106376,ハーツクライ,2001103038
2018105350,ヘニーヒューズ Henny Hughes(米),000a011155,リーチコンセンサス,2006103160,フレンチデピュティ French Deputy(米),000a00013a
2018105352,ドリームジャーニー,2004102753,ルナレガーロ,2010104077,アドマイヤムーン,2003102991
2018105357,キンシャサノキセキ,2003110212,レイズアンドコール,2001103471,サクラバクシンオー,1989108341
2018105360,ダイワメジャー,2001103114,レスペランス,2012104542,キングカメハメハ,2001103460
2018105366,ディープインパクト,2002100816,レッドファンタジア,2010110012,Unbridled's Song (米),000a002071
2018105383,カレンブラックヒル,2009106230,ロッシェノワール,2006103393,ブラックホーク,1994109361
2018105386,ブラックタイド,2001103312,ローエキスキーズ,2013110035,Oasis Dream (英),000a010d4f
2018105392,ハーツクライ,2001103038,ローブティサージュ,2010104278,ウォーエンブレム War Emblem(米),000a00fa35
2018105398,ハービンジャー Harbinger(英),000a011996,アニマトゥール,2010104564,ホワイトマズル White Muzzle(英),1990109700
2018105401,モーリス,2011100655,アンチュラス,2009106569,ディープインパクト,2002100816
2018105402,ハーツクライ,2001103038,イルーシヴキャット,2011103549,キングカメハメハ,2001103460
2018105405,ロードカナロア,2008103552,ヴァゼム,2011103526,ゼンノロブロイ,2000101517
2018105408,ドリームジャーニー,2004102753,オネストリーダーリン Honestly Darling(米),000a010e86,Kingmambo (米),000a001d7e
2018105418,オルフェーヴル,2008102636,シーフロント Sea Front(仏),000a013886,Le Havre,000a01198f
2018105423,ハーツクライ,2001103038,タマユラ,2011110057,Tamayuz,000a011c79
2018105431,ダノンレジェンド,2010110102,ヌチバナ,2008102618,キングカメハメハ,2001103460
2018105438,オルフェーヴル,2008102636,ベルプラージュ,2011103535,キングカメハメハ,2001103460
2018105452,ロードカナロア,2008103552,ラバヤデール,2000101283,サンデーサイレンス Sunday Silence(米),000a00033a
2018105454,ディープインパクト,2002100816,リトルゲルダ,2009110133,Closing Argument,000a011594
2018105462,ディープインパクト,2002100816,ワイ Why(愛),000a011de6,Galileo (愛),000a00232b
2018105471,ルーラーシップ,2007103143,イストワール,2001103230,サンデーサイレンス Sunday Silence(米),000a00033a
2018105478,ドゥラメンテ,2012104511,ヴァリディオル,2009106431,Dynaformer,000a001dd9
2018105495,ハーツクライ,2001103038,クリアンサス,2008102710,Redoute's Choice,000a00fe93
2018105497,ドゥラメンテ,2012104511,グランデアモーレ,2010104460,ネオユニヴァース,2000101426
2018105500,マクフィ Makfi(英),000a011c77,コードネーム,1999106688,サンデーサイレンス Sunday Silence(米),000a00033a
2018105503,ヘニーヒューズ Henny Hughes(米),000a011155,サダムグランジュテ,2008102669,キングカメハメハ,2001103460
2018105505,オルフェーヴル,2008102636,サンタエヴィータ,2011103572,Smart Strike (加),000a00211c
2018105506,Super Saver,000a012d51,ザガールインザットソング,000a013cf1,My Golden Song,000a013be7
2018105515,ドゥラメンテ,2012104511,スカーレル,2009105882,ゴールドアリュール,1999106689
2018105518,ルーラーシップ,2007103143,スナッチマインド,2011103620,ディープインパクト,2002100816
2018105521,ハーツクライ,2001103038,セデュイールII Seduire(加),000a012f04,Elusive Quality,000a00231f
2018105523,オルフェーヴル,2008102636,ソベラニア Soberania(独),000a011abe,Monsun,000a010db6
2018105524,ハーツクライ,2001103038,タイムウィルテル,2000101636,ブライアンズタイム Brian's Time(米),000a000082
2018105529,ドゥラメンテ,2012104511,テスタオクローチェ Testa O Croce(仏),000a012e80,Orpen,000a002326
2018105530,ルーラーシップ,2007103143,デコレイト,2009106600,スペシャルウィーク,1995103211
2018105544,ヘニーヒューズ Henny Hughes(米),000a011155,ピエリーナ,2011103644,チチカステナンゴ Chichicastenango(仏),000a011135
2018105573,ドゥラメンテ,2012104511,レディオブヴェニス Lady of Venice(仏),000a011565,Loup Solitaire,000a0114fc
2018105605,ラブリーデイ,2010104298,ウインガイア,2009106432,Broken Vow,000a0101a0
2018105610,キズナ,2010105827,ケイティーズギフト,2002100852,フレンチデピュティ French Deputy(米),000a00013a
2018105647,トーセンファントム,2007102870,トーセンアルニカ,2010100233,メイショウサムソン,2003102205
2018105711,ディープインパクト,2002100816,プラヤデシエルタ Playa Desierta(亜),000a01379c,Orpen,000a002326
2018105722,ハービンジャー Harbinger(英),000a011996,ヒカルドウキセイ,2001103326,サンデーサイレンス Sunday Silence(米),000a00033a
2018105731,フェノーメノ,2009106599,ロジカルクィーン,2000110188,Deputy Minister,000a001849
2018105738,ディスクリートキャット Discreet Cat(米),000a0113a1,ジョーヌダンブル,2011105459,アグネスデジタル,1997110025
2018105748,ルーラーシップ,2007103143,アースビーガ,2013102355,ゴールドアリュール,1999106689
2018105762,ブラックタイド,2001103312,フィールザビュウ,2000110184,Distant View,000a002161
2018105774,ヴァンセンヌ,2009106525,アールヌーヴォー,2004104690,ブライアンズタイム Brian's Time(米),000a000082
2018105803,リアルインパクト,2008103244,リボンノキシ,2004102720,スクワートルスクワート Squirtle Squirt(米),000a000da4
2018105810,ゴールドシップ,2009102739,シアトルサンセット Seattle Sunset(米),000a00fe52,Belong to Me,000a001ff2
2018105814,ディープブリランテ,2009105084,ナオミノユメ,2009106131,ジャングルポケット,1998101786
2018105831,ドゥラメンテ,2012104511,メジロバーミューズ,2002100385,アサティス Assatis(米),1985109002
2018105833,ルーラーシップ,2007103143,メジロマリアン,2006102668,メジロベイリー,1998101457
2018105842,ホッコータルマエ,2009100921,ゴールデンオーラ,2009105087,ステイゴールド,1994108729
2018105846,トウケイヘイロー,2009101682,ブーケドレーヌ,2003102768,フレンチデピュティ French Deputy(米),000a00013a
2018105847,メイショウボーラー,2001100650,メイショウイザヨイ,2009100139,オレハマッテルゼ,2000101550
2018105853,ナムラタイタン,2006101408,メジロミシェル,2007102574,アグネスタキオン,1998101516
2018105860,メイショウサムソン,2003102205,メイショウユウダチ,2010104593,メイショウボーラー,2001100650
2018105873,ミキノバンジョー,2007100811,ミキノモナコ,2004101197,ディアブロ Diablo(米),000a0000e9
2018105874,トゥザグローリー,2007103265,オードリーローズ,2003101714,ブライアンズタイム Brian's Time(米),000a000082
2018105877,ストーミングホーム Storming Home(英),1998190003,トシキャンディ,2006101748,バブルガムフェロー,1993109219
2018105908,ブラックタイド,2001103312,エイシンサンタフェ,2012110075,Zensational,000a0119b2
2018105935,フリオーソ,2004106867,エーシンアマゾーン,2007101308,ファルブラヴ Falbrav(愛),1998190004
2018105952,トーセンジョーダン,2006103169,エーシンチェロキー,2008101269,ディープインパクト,2002100816
2018105996,マジェスティックウォリアー Majestic Warrior(米),000a011e9c,ヤマカツセイレーン,2007101469,グラスワンダー,1995108676
2018105998,ロードカナロア,2008103552,タッチアス,2006110087,Mineshaft (米),000a010545
2018106031,ダンカーク Dunkirk(米),000a012185,ラブリイステラ,2008101364,クロフネ,1998110135
2018106035,シンボリクリスエス,1999110099,マイネフェリックス,2007104909,アグネスデジタル,1997110025
2018106050,ルーラーシップ,2007103143,ゴールデンプライズ,2005102303,ホワイトマズル White Muzzle(英),1990109700
2018106055,ルーラーシップ,2007103143,アースプレイ,2011105664,ゼンノロブロイ,2000101517
2018106064,キズナ,2010105827,ハヤブサユウサン,2010104737,スペシャルウィーク,1995103211
2018106074,ディスクリートキャット Discreet Cat(米),000a0113a1,カプリースレディー,2008101417,ジャングルポケット,1998101786
2018106077,ロードカナロア,2008103552,アルーリングハート,2013105307,ダイワメジャー,2001103114
2018106078,オルフェーヴル,2008102636,アンジェリック,2011105685,シンボリクリスエス,1999110099
2018106084,キングカメハメハ,2001103460,クイーンオリーブ,2008101424,マンハッタンカフェ,1998101554
2018106144,タイムパラドックス,1998101683,レオフォーレンス,2001100334,フジキセキ,1992109618
2018106145,ダノンレジェンド,2010110102,ピンキーカフェ,2011102972,ステイゴールド,1994108729
2018106147,トゥザグローリー,2007103265,フミノアザレア,2009100439,マンハッタンカフェ,1998101554
2018106154,モーリス,2011100655,スマッシュハート,2011105753,キングカメハメハ,2001103460
2018106183,アジアエクスプレス,2011110091,パリーナチャン,2009100469,メイショウオウドウ,1995101767
2018106200,ハービンジャー Harbinger(英),000a011996,メイショウデイム,2007101565,マンハッタンカフェ,1998101554
2018106220,ホッコータルマエ,2009100921,キンショーオトヒメ,2005106123,マーベラスサンデー,1992103687
2018106259,ダノンレジェンド,2010110102,ノースプリンセス,2003102037,アジュディケーティング Adjudicating(米),000a000d5d
2018106311,オールステイ,2011110029,ピアノコンクール,2011103341,フォーティナイナーズサン Fourty Niners Son(米),000a011227
2018106314,キズナ,2010105827,アドマイヤスペース,2004102089,アドマイヤコジーン,1996106512
2018106318,ワールドエース,2009106353,アドマイヤビアン,2004102092,アドマイヤコジーン,1996106512
2018106324,キズナ,2010105827,ウアジェト,2008101637,シンボリクリスエス,1999110099
2018106345,マクフィ Makfi(英),000a011c77,スズカローラン,2002103112,サンデーサイレンス Sunday Silence(米),000a00033a
2018106352,エピファネイア,2010104155,テンイムホウ,2002102852,ラムタラ Lammtarra(米),000a0001d4
2018106353,ドゥラメンテ,2012104511,トーコーヴィオラ,2010104090,ディープインパクト,2002100816
2018106354,バゴ Bago(仏),2001190004,トーコーユズキ,2009106289,ディープインパクト,2002100816
2018106357,ハーツクライ,2001103038,ハワイアンローズ,2011103384,キングカメハメハ,2001103460
2018106368,ダンカーク Dunkirk(米),000a012185,ルミナーラ,2013103574,ヴィクトワールピサ,2007102923
2018106388,モーリス,2011100655,マカロンドナンシー,2006103148,ダンスインザダーク,1993109188
2018106389,エイシンフラッシュ,2007102951,メイショウアキシノ,2009100613,デュランダル,1999106756
2018106391,クリエイターII Creator(米),000a013630,メイショウジェーン,2009100614,アグネスタキオン,1998101516
2018106425,キズナ,2010105827,ナイアード,2006102204,ワイルドラッシュ Wild Rush(米),000a0003a1
2018106428,メイショウサムソン,2003102205,マイユクール,2008101691,バゴ Bago(仏),2001190004
2018106429,ディスクリートキャット Discreet Cat(米),000a0113a1,マリカ,2011105959,サウスヴィグラス,1996110138
2018106451,クリエイターII Creator(米),000a013630,レインボーローズ,2007100271,アグネスタキオン,1998101516
2018106455,メイショウサムソン,2003102205,ブルーボックスボウ,1998103264,サンデーサイレンス Sunday Silence(米),000a00033a
2018106458,ミッキーアイル,2011103916,メイショウボナール,2006101902,ホワイトマズル White Muzzle(英),1990109700
2018106466,スピルバーグ,2009105961,アッシュベリー,2009102615,Any Given Saturday,000a0113a0
2018106473,ダノンシャーク,2008105554,ニチドウルチル,2007103476,ファルブラヴ Falbrav(愛),1998190004
2018106474,リオンディーズ,2013105915,フロレンティナ,2009106503,クロフネ,1998110135
2018106492,マジェスティックウォリアー Majestic Warrior(米),000a011e9c,ピエナサクラ,2010105126,アグネスタキオン,1998101516
2018106504,ハーツクライ,2001103038,キャッチザカクテル Catch the Cocktail(亜),000a013907,Catcher In The Rye,000a01372d
2018106506,ディープインパクト,2002100816,クライシスオブスピリット Crisis of Spirit(米),000a012f23,Vindication,000a010544
2018106511,ディープインパクト,2002100816,シャンロッサ Chanrossa(愛),000a01251d,Galileo (愛),000a00232b
2018106513,エピファネイア,2010104155,シージョー,2005106471,フジキセキ,1992109618
2018106529,モーリス,2011100655,ニコールバローズ,2009104381,ゼンノロブロイ,2000101517
2018106532,キズナ,2010105827,バスラットアマル,2010100657,New Approach,000a011656
2018106545,リオンディーズ,2013105915,メイショウオウヒ,2008101769,マンハッタンカフェ,1998101554
2018106552,ダイワメジャー,2001103114,メイショウスズラン,2007101659,キングカメハメハ,2001103460
2018106559,ディープインパクト,2002100816,ライトニングパール Lightening Pearl(愛),000a012fa2,Marju (愛),000a001fb6
2018106560,Distorted Humor (米),000a0022ea,ラヴアンドフェイス Love and Faith(米),000a013e1c,Corinthian (米),000a01173f
2018106561,ドゥラメンテ,2012104511,ラッシュライフ,2003102762,サクラバクシンオー,1989108341
2018106569,ホッコータルマエ,2009100921,エナジーハート,2007101822,サクラバクシンオー,1989108341
2018106571,ホッコータルマエ,2009100921,シニスタークイーン,2009100820,シニスターミニスター Sinister Minister(米),000a011099
2018106573,マジェスティックウォリアー Majestic Warrior(米),000a011e9c,スマッシュ,2010104569,キングカメハメハ,2001103460
2018106581,パイロ Pyro(米),000a01176a,ボストンサクラ,2009100807,ダイワメジャー,2001103114
2018106588,ドゥラメンテ,2012104511,クレバークリス,2006101820,クロフネ,1998110135
2018106597,プリサイスエンド Precise End(米),000a00fe9b,オーミチェリッシュ,2004103702,キャプテンスティーヴ Captain Steve(米),000a000d9d
2018106602,ジョーカプチーノ,2006100529,デスティニーラブ,2011103244,アグネスデジタル,1997110025
2018106606,トゥザグローリー,2007103265,ブリッサ,2009104935,ブラックホーク,1994109361
2018106610,モンテロッソ Monterosso(英),000a011b05,ミュージカルパレス,2005102409,アグネスタキオン,1998101516
2018106612,ジョーカプチーノ,2006100529,リーベストラウム,2005100990,ゼンノエルシド,1997110179
2018106613,ディスクリートキャット Discreet Cat(米),000a0113a1,ローブドヴルール,2006105366,サウスヴィグラス,1996110138
2018106663,ロードカナロア,2008103552,エアマスカット,2010103698,ジャングルポケット,1998101786
2018106693,マクフィ Makfi(英),000a011c77,オクシペタルム,2008102782,シンボリクリスエス,1999110099
2018106701,ブラックタイド,2001103312,ベリーフィールズ,2008101162,オペラハウス Opera House(英),000a000d77
2018106715,メイショウサムソン,2003102205,ナムラカメーリア,2008106123,ネオユニヴァース,2000101426
2018106739,トーホウジャッカル,2011100482,リトルラブソング,2003103424,マイネルラヴ,1995108558
2018106795,キズナ,2010105827,アップワードスパイラル Upward Spiral(英),000a012509,Teofilo,000a01139e
2018106815,ディープインパクト,2002100816,リズムオブライト Rhythm of Light(英),000a012507,Beat Hollow,000a00fe45
2018106834,ジャスタウェイ,2009106461,ハロースカーレット,2006106350,シンボリクリスエス,1999110099
2018106837,モーリス,2011100655,リーグルメアリー,000a01175f,Afternoon Deelites,000a0021a7
2018106865,ミッキーアイル,2011103916,ハートマイハート,2009104572,キングカメハメハ,2001103460
2018109026,スピルバーグ,2009105961,スプリングシーズンII Spring Season(英),000a011dd2,Dansili,000a010a5f
2018109046,ディープブリランテ,2009105084,タークオイズローズ,2012109037,フレンチデピュティ French Deputy(米),000a00013a
2018109080,キズナ,2010105827,ローレルアンジュ,1999109402,パラダイスクリーク Paradise Creek(米),1989109110
2018109100,バゴ Bago(仏),2001190004,ターフデライト,2009105991,アグネスタキオン,1998101516
2018110001,Shalaa,000a0142a5,ジュマイエル Jemayel(愛),000a01434f,Lope de Vega,000a012919
2018110015,Lemon Drop Kid,000a0022d0,Unreachable,000a01a5f0,Giant's Causeway (米),000a0022e1
2018110017,Pioneerof the Nile,000a0122f5,ジョイフルビクトリー Joyful Victory(加),000a01440d,Tapit (米),000a011248
2018110035,Dark Angel,000a0122b4,Fashionable,000a01490d,Nashwan,000a001ce7
2018110037,Invincible Spirit (愛),000a01056d,Jasmine Blue,000a014911,Galileo (愛),000a00232b
2018110043,Havana Gold,000a0148fc,Muscovado,000a01491b,Mr. Greeley,000a00213e
2018110064,Union Rags,000a012d4c,Acquant,000a014a3f,Giant's Causeway (米),000a0022e1
2018110070,Carpe Diem,000a014112,Santa Vindi,000a014a48,Vindication,000a010544
2018110086,Tapit (米),000a011248,Unrivaled Belle (米),000a013658,Unbridled's Song (米),000a002071
2018110112,ダノンバラード,2008103548,Epica,000a01533c,Excellent Art,000a012379
2018110117,ウィルテイクチャージ,000a01372f,Dreamy Blues,000a014dc7,Curlin (米),000a011734
2018110119,I Am Invincible,000a0144f0,Meliora,000a0169e9,Ad Valorem,000a0169e2
2018110126,Khozan,000a017939,Gracious Lady,000a017951,Put It Back,000a01074e
2018110131,Tapit (米),000a011248,La Cloche,000a01793e,Ghostzapper,000a010525
2018110132,Tapit (米),000a011248,Sindy With an S,000a017941,Broken Vow,000a0101a0
2018110134,Dialed In,000a0139c7,Into Reality,000a017960,Untuttable,000a01793a
2018110137,Point of Entry,000a01293c,Nokaze,000a013987,エンパイアメーカー Empire Maker(米),000a010542
2018110149,スニッツェル Snitzel(豪),000a010eaa,River Serenade,000a018f1c,Hurricane Sky,000a0112cd
2018190001,Toronado (愛),000a014fff,Noetic,000a01fb58,Cape Cross,000a0022ae
2018190002,Acclamation,000a0122b0,Folk Melody,000a01be97,Street Cry (愛),000a0103ba
2018190003,Deep Field,000a01b9d6,Raheights,000a01fb6c,Rahy,000a001c5e
2018190004,Deep Field,000a01b9d6,Little Favours,000a01fde3,Falvelon (豪),000a0112da
2018190005,Mastercraftsman,000a01249a,Zeva,000a024893,Zamindar,000a011b6e
2018190006,Sweynesse,000a01d4af,Madonna Mia,000a01d4ac,Red Clubs (愛),000a015239
2019100011,エピファネイア,2010104155,ネオイリュージョン,2006103384,ネオユニヴァース,2000101426
2019100038,シルバーステート,2013105903,バオバブ,2013100534,クロフネ,1998110135
2019100051,ドレフォン Drefong(米),000a013b82,アラフネ,2009104441,クロフネ,1998110135
2019100055,ヘニーヒューズ Henny Hughes(米),000a011155,スプリングシティ Spring City(仏),000a010e55,Seeking the Gold,000a001bea
2019100069,アジアエクスプレス,2011110091,アーベントロート,2009105917,フジキセキ,1992109618
2019100072,メイショウボーラー,2001100650,ケージーナデシコ,2010105333,クロフネ,1998110135
2019100081,ヘニーヒューズ Henny Hughes(米),000a011155,オーサムクイーン,2014100088,クロフネ,1998110135
2019100083,シニスターミニスター Sinister Minister(米),000a011099,ケージーレインボー,2002101728,ダンスインザダーク,1993109188
2019100094,トビーズコーナー Toby's Corner(米),000a011fed,タイセイゴディス,2010104198,ステイゴールド,1994108729
2019100097,グランプリボス,2008103388,マレンカヤ,2008104283,ファンタスティックライト Fantastic Light(米),1996190005
2019100108,エスケンデレヤ,000a012cc0,カーナヴァル,2006104728,ダンスインザダーク,1993109188
2019100109,ディープインパクト,2002100816,シャッセロール,2010105366,クロフネ,1998110135
2019100110,シニスターミニスター Sinister Minister(米),000a011099,ジュンユーミン,2013105643,キングカメハメハ,2001103460
2019100119,トビーズコーナー Toby's Corner(米),000a011fed,ゴールドオアシス,2003105839,アフリート Afleet(加),000a000013
2019100126,エピファネイア,2010104155,アモーレエテルノ,2012104767,ゼンノロブロイ,2000101517
2019100132,カレンブラックヒル,2009106230,ヒシシャトル,2005104880,ボストンハーバー Boston Harbor(米),000a00007c
2019100135,ヘニーヒューズ Henny Hughes(米),000a011155,プラセンティア,2006103189,トワイニング Twining(米),000a000006
2019100153,ドレフォン Drefong(米),000a013b82,カフジビーナス,2013101381,ディープインパクト,2002100816
2019100167,ルーラーシップ,2007103143,ファインスカイ,2010105423,アグネスタキオン,1998101516
2019100168,イスラボニータ,2011103565,ヘイローフジ,2003100206,キングヘイロー,1995104427
2019100170,ミッキーアイル,2011103916,ワンズガーホッド,2006104306,マイネルラヴ,1995108558
2019100177,ホッコータルマエ,2009100921,コウエイテンプウ,2006100647,デヒア Dehere(米),000a0000df
2019100182,マジェスティックウォリアー Majestic Warrior(米),000a011e9c,タマモリド,2011102557,ワイルドラッシュ Wild Rush(米),000a0003a1
2019100195,ドゥラメンテ,2012104511,ウインアキレア,2012100229,コンデュイット Conduit(愛),2005190006
2019100197,ダノンシャンティ,2007105709,ウインティアラ,2012100236,ハービンジャー Harbinger(英),000a011996
2019100205,ゴールドシップ,2009102739,コスモアクセス,2009105141,ロージズインメイ Roses in May(米),000a010a10
2019100210,モーリス,2011100655,コスモネモシン,2007101171,ゼンノロブロイ,2000101517
2019100212,ゴールドシップ,2009102739,コスモマイルール,2011105730,ルールオブロー Rule of Law(米),000a010d7d
2019100213,アイルハヴアナザー I'll Have Another(米),000a011ed3,コスモマーベラス,2002101336,フジキセキ,1992109618
2019100214,ビッグアーサー,2011103328,コスモメリー,2011101467,アドマイヤジャパン,2002102324
2019100215,ディープインパクト,2002100816,サマーエタニティ,2005103207,アドマイヤコジーン,1996106512
2019100221,ルーラーシップ,2007103143,プリティプリンセス,2001103100,サンデーサイレンス Sunday Silence(米),000a00033a
2019100234,エスポワールシチー,2005102837,ヘイブンズギフト,2010103658,クロフネ,1998110135
2019100242,ヘニーヒューズ Henny Hughes(米),000a011155,エイシンピカデリー,2013110115,ハードスパン Hard Spun(米),000a0116a1
2019100249,ハービンジャー Harbinger(英),000a011996,ヤマノローラ,2006104415,スペシャルウィーク,1995103211
2019100251,ワールドエース,2009106353,ルナツー,2012101661,エンパイアメーカー Empire Maker(米),000a010542
2019100252,バトルプラン Battle Plan(米),000a0118e8,サリール,2006101524,スペシャルウィーク,1995103211
2019100275,アイルハヴアナザー I'll Have Another(米),000a011ed3,マイネチャーム,2010105485,アグネスタキオン,1998101516
2019100284,ザファクター,000a0130d0,アプレレクール,2008103224,ゼンノロブロイ,2000101517
2019100286,ヘニーヒューズ Henny Hughes(米),000a011155,エルフィン,2000104846,ダンシングブレーヴ Dancing Brave(米),000a0000cc
2019100288,エスポワールシチー,2005102837,クィーンオブシバ,2011104796,ファスリエフ Fasliyev(米),000a00fc4c
2019100295,キタサンブラック,2012102013,マリブウィン Malibu Win(米),000a012046,Malibu Moon,000a010c8e
2019100297,ヘニーヒューズ Henny Hughes(米),000a011155,レディーソルジャー,2009104741,マヤノトップガン,1992102988
2019100318,ディープインパクト,2002100816,ケイアイガーベラ,2006104463,Smarty Jones (米),000a01053e
2019100321,エスポワールシチー,2005102837,パイクーニャン,2004100420,フレンチデピュティ French Deputy(米),000a00013a
2019100323,マジェスティックウォリアー Majestic Warrior(米),000a011e9c,ベターナウ Better Now(米),000a011e0c,サンダーガルチ Thunder Gulch(米),000a00035c
2019100324,ヘニーハウンド,2008110097,ママキジャ,2008104580,ストラヴィンスキー,000a00fa41
2019100326,キズナ,2010105827,ビバエルフ,2006106523,コロナドズクエスト Coronado's Quest(米),000a0000b5
2019100354,ビッグアーサー,2011103328,キャサリンアイドル,2005102764,バブルガムフェロー,1993109219
2019100360,ダンカーク Dunkirk(米),000a012185,ミスアシング,2011103801,キングカメハメハ,2001103460
2019100390,スマートファルコン,2005100097,ノーブルガイア,2009102750,マリエンバード Marienbard(愛),000a00fa36
2019100410,トーセンラー,2008102985,シルクヴァルキリー,2003100566,マーベラスサンデー,1992103687
2019100415,アジアエクスプレス,2011110091,プリティタヤス,2003100250,マーベラスサンデー,1992103687
2019100425,アメリカンペイトリオット,000a013bba,ニシノコハク,2009103388,ゴールドアリュール,1999106689
2019100438,サトノアラジン,2011104063,グラスケリー,2011103839,ジャングルポケット,1998101786
2019100450,バトルプラン Battle Plan(米),000a0118e8,ミントシャイン,2002103789,サンデーサイレンス Sunday Silence(米),000a00033a
2019100451,リオンディーズ,2013105915,メモリーオブハース,2012104073,ディープインパクト,2002100816
2019100464,ハービンジャー Harbinger(英),000a011996,サンデージョウ,2007104582,グラスワンダー,1995108676
2019100498,メイショウボーラー,2001100650,ニシノマメフク,2015105197,スペシャルウィーク,1995103211
2019100510,カレンブラックヒル,2009106230,シャフィガ Shafiga(米),000a00fec2,Woodman,000a001beb
2019100522,ロゴタイプ,2010103783,トウカイアンジュ,2013101700,ハービンジャー Harbinger(英),000a011996
2019100539,ロードカナロア,2008103552,スペシャルディナー,2005107041,スペシャルウィーク,1995103211
2019100541,ドレフォン Drefong(米),000a013b82,タガノキャンドル,2009106310,アグネスタキオン,1998101516
2019100546,アイルハヴアナザー I'll Have Another(米),000a011ed3,タガノバトラ,2013105637,フレンチデピュティ French Deputy(米),000a00013a
2019100548,ザファクター,000a0130d0,タガノラヴキセキ,2008105144,フジキセキ,1992109618
2019100549,キタサンブラック,2012102013,タガノレヴェントン,2006106568,キングカメハメハ,2001103460
2019100551,ブラックタイド,2001103312,チャーリーズ,2012100509,キングカメハメハ,2001103460
2019100553,ディスクリートキャット Discreet Cat(米),000a0113a1,ドナリサ,2008105857,サウスヴィグラス,1996110138
2019100566,ロードカナロア,2008103552,オルトリンデ,2006102909,ダンスインザダーク,1993109188
2019100567,ロジユニヴァース,2006103140,ギンザヴィクトリア,2012100544,ゼンノロブロイ,2000101517
2019100569,ドレフォン Drefong(米),000a013b82,クインズメンテ,2012100558,ゼンノロブロイ,2000101517
2019100570,キズナ,2010105827,クローバーナイト Clover Night(米),000a013928,Henrythenavigator (米),000a0116fd
2019100572,キタサンブラック,2012102013,シャンスイ,2005102148,スウェプトオーヴァーボード Swept Overboard(米),000a00fa34
2019100577,マジェスティックウォリアー Majestic Warrior(米),000a011e9c,セイユウヴィーナス,2012100556,ハーツクライ,2001103038
2019100578,キンシャサノキセキ,2003110212,ネネグース,2004102898,クロフネ,1998110135
2019100581,キズナ,2010105827,フィックルベリー,2005110002,Cryptoclearance,000a001e83
2019100584,ダイワメジャー,2001103114,プリンセスルーシー Princess Lucy(愛),000a012524,Strategic Prince,000a01246a
2019100590,ロードカナロア,2008103552,レゼトワール,2010105780,ファスリエフ Fasliyev(米),000a00fc4c
2019100593,エイシンフラッシュ,2007102951,ジョリーダンス,2001102114,ダンスインザダーク,1993109188
2019100596,イスラボニータ,2011103565,ヤマニンエマイユ,2003100626,ホワイトマズル White Muzzle(英),1990109700
2019100604,ダイワメジャー,2001103114,ヤマニンパピオネ,2008104795,スウェプトオーヴァーボード Swept Overboard(米),000a00fa34
2019100606,ディープインパクト,2002100816,ヤマニンプードレ,2010105807,チチカステナンゴ Chichicastenango(仏),000a011135
2019100612,ルーラーシップ,2007103143,アディアフォーン,2006104744,ダンスインザダーク,1993109188
2019100614,トランセンド,2006104736,アルマミーア,2011105115,ディープインパクト,2002100816
2019100615,ワンアンドオンリー,2011105072,アンシャンタン,2008110053,Unbridled's Song (米),000a002071
2019100617,シニスターミニスター Sinister Minister(米),000a011099,ウィッシュハピネス,2012100613,ゴールドアリュール,1999106689
2019100618,ブラックタイド,2001103312,ヴァイセフラウ,2011105117,キングカメハメハ,2001103460
2019100620,キズナ,2010105827,ヴェルディアーナ,2014110025,Perfect Soul,000a01186e
2019100625,パイロ Pyro(米),000a01176a,カスクドール,2007104753,ダンスインザダーク,1993109188
2019100628,ディープインパクト,2002100816,キトゥンズクイーン Kitten's Queen(米),000a012f81,Kitten's Joy (米),000a0119b3
2019100629,マジェスティックウォリアー Majestic Warrior(米),000a011e9c,キングベイビー,2010105836,マンハッタンカフェ,1998101554
2019100630,キズナ,2010105827,クイーンパイレーツ,2014105872,キングカメハメハ,2001103460
2019100631,シニスターミニスター Sinister Minister(米),000a011099,クライミングローズ,2012100611,マンハッタンカフェ,1998101554
2019100635,ラニ,2013110045,コンプリカーター,1998100676,Mr. Prospector,000a001607
2019100637,キズナ,2010105827,ザナ,2008110037,Galileo (愛),000a00232b
2019100641,ワンアンドオンリー,2011105072,シャンパンルージュ,2010105853,ファスリエフ Fasliyev(米),000a00fc4c
2019100643,トランセンド,2006104736,スイートメドゥーサ,2010105865,アグネスタキオン,1998101516
2019100652,モーリス,2011100655,ハギノエスカーダ,2014106229,タートルボウル Turtle Bowl(愛),000a012045
2019100653,サトノアラジン,2011104063,ハギノナトゥーラ,2012100606,ダイワメジャー,2001103114
2019100657,キズナ,2010105827,フェアエレン,2009110056,Street Cry (愛),000a0103ba
2019100659,ロードカナロア,2008103552,ブルーモーメント,2007104764,ダンスインザダーク,1993109188
2019100663,ディープインパクト,2002100816,ラヴェリータ,2006110090,Unbridled's Song (米),000a002071
2019100664,キズナ,2010105827,ラトナプラ,2013110049,Distorted Humor (米),000a0022ea
2019100665,クロフネ,1998110135,ラナンキュラス,2007104775,スペシャルウィーク,1995103211
2019100666,スクリーンヒーロー,2004103328,ラベ,2005105379,ダンスインザダーク,1993109188
2019100667,キズナ,2010105827,ルミエールヴェリテ,2007110112,Cozzene,000a001bda
2019100668,ディープインパクト,2002100816,ロードクロサイト,2010110076,Unbridled's Song (米),000a002071
2019100675,アドマイヤムーン,2003102991,ポポチャン,2005105412,トウカイテイオー,1988101025
2019100677,ダイワメジャー,2001103114,ウメノファイバー,1996101247,サクラユタカオー,1982101222
2019100683,ストロングリターン,2006102934,ブランカ,2013105509,ディープインパクト,2002100816
2019100684,キズナ,2010105827,ベラルーサ Belarusa(亜),000a013aa7,Orpen,000a002326
2019100689,フェノーメノ,2009106599,ヴァニラシャンティ,2008102751,シンボリクリスエス,1999110099
2019100693,ハーツクライ,2001103038,ナスノシベリウス,2009110036,Unbridled's Song (米),000a002071
2019100702,エイシンヒカリ,2011101273,ルヴェソンヴェール,2011105135,クロフネ,1998110135
2019100718,トゥザワールド,2011103975,ヒカリヴィグラス,2006104810,サウスヴィグラス,1996110138
2019100722,ラニ,2013110045,シアージュ,2010110073,Raven's Pass,000a011d04
2019100723,ヘニーハウンド,2008110097,マザーレイク,2002102287,サンデーサイレンス Sunday Silence(米),000a00033a
2019100732,シルバーステート,2013105903,サマーコード,2007104861,スターリングローズ,1997106560
2019100740,オルフェーヴル,2008102636,クードヴァン,2013101949,ディープインパクト,2002100816
2019100741,ゴールドシップ,2009102739,グワダラハラ Guadalajara(独),000a011a1d,Acatenango,000a001f0b
2019100751,ダイワメジャー,2001103114,コスモルーシー,2009106653,マイネルラヴ,1995108558
2019100755,アドマイヤマックス,1999107004,シーギリヤガール,2010100565,スターリングローズ,1997106560
2019100759,ゴールドシップ,2009102739,スーパーウーマン,2005105924,マーベラスサンデー,1992103687
2019100764,スクリーンヒーロー,2004103328,ドリームローズ,2005102626,サクラバクシンオー,1989108341
2019100765,シルバーステート,2013105903,ニシノムーンライト,1999107138,Diesis,000a001815
2019100768,キングカメハメハ,2001103460,フライングメリッサ,2004102746,ダンスインザダーク,1993109188
2019100772,ジョーカプチーノ,2006100529,マイネアラベスク,2010110009,キングズベスト King's Best(米),000a0022d2
2019100774,ゴールドシップ,2009102739,マイネアルナイル,2009105140,ロージズインメイ Roses in May(米),000a010a10
2019100777,ゴールドシップ,2009102739,マイネヴォヤージ,2009110016,Teofilo,000a01139e
2019100784,ゴールドシップ,2009102739,マイネサマンサ,2000101863,ディアブロ Diablo(米),000a0000e9
2019100786,スクリーンヒーロー,2004103328,マイネショコラーデ,2008104913,ロージズインメイ Roses in May(米),000a010a10
2019100787,ゴールドシップ,2009102739,マイネジャーダ,2003102746,ジェイドロバリー Jade Robbery(米),000a0001a7
2019100788,ゴールドシップ,2009102739,マイネソルシエール,2008104953,ロージズインメイ Roses in May(米),000a010a10
2019100790,オルフェーヴル,2008102636,マイネテレジア,2007104916,ロージズインメイ Roses in May(米),000a010a10
2019100791,ジョーカプチーノ,2006100529,マイネデセール,2002105178,マイネルラヴ,1995108558
2019100792,スクリーンヒーロー,2004103328,マイネトゥインクル,2005105525,ムタファーウエク Mutafaweq(米),000a000d9e
2019100794,スクリーンヒーロー,2004103328,マイネヒメル,2009105143,ロージズインメイ Roses in May(米),000a010a10
2019100796,ゴールドシップ,2009102739,マイネプレセア,2011105191,マイネルラヴ,1995108558
2019100800,ロージズインメイ Roses in May(米),000a010a10,ミルルーテウス,2004103310,アグネスタキオン,1998101516
2019100824,ドゥラメンテ,2012104511,ゴールドグローリー,2012100760,ハービンジャー Harbinger(英),000a011996
2019100831,ハービンジャー Harbinger(英),000a011996,カヒリ,2009106091,キングカメハメハ,2001103460
2019100841,エピファネイア,2010104155,ウインシップ,2015100779,ルーラーシップ,2007103143
2019100844,ヘニーヒューズ Henny Hughes(米),000a011155,ナスカザン,2012101815,ダイワメジャー,2001103114
2019100861,ドゥラメンテ,2012104511,グランシャルム,2009106050,Dylan Thomas (愛),000a011072
2019100871,コパノリッキー,2010106548,ハニードント,2011102872,クロフネ,1998110135
2019100876,コパノリッキー,2010106548,ブライアンズレター,1999104283,ナリタブライアン,1991108889
2019100898,シルバーステート,2013105903,ダイヤモンドパール,2009105275,クロフネ,1998110135
2019100899,ジョーカプチーノ,2006100529,ゴールデンレコード,2012104199,ハーツクライ,2001103038
2019100907,アスカクリチャン,2007104599,ウィステリアカフナ,2011105334,スペシャルウィーク,1995103211
2019100913,リオンディーズ,2013105915,ウエストローズ,2001102782,スピニングワールド Spinning World(米),000a000325
2019100915,シルバーステート,2013105903,ヴォワルドール,2014100822,ハービンジャー Harbinger(英),000a011996
2019100928,シニスターミニスター Sinister Minister(米),000a011099,ダイワミストレス,2009105803,ダイワメジャー,2001103114
2019100932,ホッコータルマエ,2009100921,ツルマルサンチャン,2009104344,ディープインパクト,2002100816
2019100936,リーチザクラウン,2006102923,ニシノステディー,2008102454,グランデラ Grandera(愛),000a00fe3b
2019100937,ディスクリートキャット Discreet Cat(米),000a0113a1,ニシノテキーラ,2008102473,マンハッタンカフェ,1998101554
2019100938,バゴ Bago(仏),2001190004,ニシノナースコール,2002100167,ブライアンズタイム Brian's Time(米),000a000082
2019100965,ダイワメジャー,2001103114,パルテノン,2012102310,キングカメハメハ,2001103460
2019100997,キタサンブラック,2012102013,スルターナ,2012100889,キングヘイロー,1995104427
2019101002,ハービンジャー Harbinger(英),000a011996,ファーストチェア,2004103028,ジャングルポケット,1998101786
2019101005,ディープブリランテ,2009105084,メリオール,2012100888,キングカメハメハ,2001103460
2019101007,エイシンフラッシュ,2007102951,エアルシアン,2012104691,ジャングルポケット,1998101786
2019101012,ホッコータルマエ,2009100921,インクルーシブ,2012104063,ディープインパクト,2002100816
2019101015,ヘニーヒューズ Henny Hughes(米),000a011155,レッドアンコール,2011105412,キングカメハメハ,2001103460
2019101021,キズナ,2010105827,ヒトリムスメ,2003100600,アフリート Afleet(加),000a000013
2019101023,シルバーステート,2013105903,ラサンバ La Samba(豪),000a011bb7,Orientate,000a010902
2019101031,スクリーンヒーロー,2004103328,ヴェルテュ,2009101637,ファスリエフ Fasliyev(米),000a00fc4c
2019101032,パドトロワ,2007102760,エーピーモモ,2003100414,ダンスインザダーク,1993109188
2019101055,エスポワールシチー,2005102837,キャンドルアイス,2002104976,フォーティナイナー Forty Niner(米),000a000134
2019101079,ハービンジャー Harbinger(英),000a011996,ディープインアスク,2008106602,ディープインパクト,2002100816
2019101100,リオンディーズ,2013105915,クナウ,2013101099,シンボリクリスエス,1999110099
2019101107,コパノリッキー,2010106548,レディマールボロ Lady Marlboro(米),000a011506,Smoke Glacken,000a00222c
2019101121,エイシンヒカリ,2011101273,ヒラルダ,2009102123,Kyllachy,000a010cba
2019101133,キタサンブラック,2012102013,デイドリーム,2012100904,アドマイヤムーン,2003102991
2019101151,ドレフォン Drefong(米),000a013b82,ヴェルデライト,2008103254,ディープインパクト,2002100816
2019101158,リオンディーズ,2013105915,フェスティヴマロン,2004100468,クロフネ,1998110135
2019101165,ロードカナロア,2008103552,アイアムカミノマゴ,2006102871,アグネスタキオン,1998101516
2019101168,イスラボニータ,2011103565,ウォンビーロング,2007103916,ストラヴィンスキー,000a00fa41
2019101179,オウケンブルースリ,2005102548,ジュピターズジャズ,1999107036,サンデーサイレンス Sunday Silence(米),000a00033a
2019101185,アメリカンペイトリオット,000a013bba,ディープサウス,2010104178,ディープインパクト,2002100816
2019101187,モンテロッソ Monterosso(英),000a011b05,パンドラズホープ,2012104790,キングカメハメハ,2001103460
2019101190,ドゥラメンテ,2012104511,ビービーバーレル,2013103288,パイロ Pyro(米),000a01176a
2019101198,キタサンブラック,2012102013,ヤマトマリオン,2003104871,オペラハウス Opera House(英),000a000d77
2019101200,ミッキーアイル,2011103916,ワイオラ Wyola(米),000a011dcf,Sadler's Wells (米),000a00185d
2019101222,アジアエクスプレス,2011110091,ハッピーロングラン,2011103990,ネオユニヴァース,2000101426
2019101233,バトルプラン Battle Plan(米),000a0118e8,エアリーチューン,2012104470,ステイゴールド,1994108729
2019101253,ロードカナロア,2008103552,ヴィリア,2013100016,ディープインパクト,2002100816
2019101260,ヘニーヒューズ Henny Hughes(米),000a011155,マリンフェスタ,2003105699,サクラバクシンオー,1989108341
2019101262,ロードカナロア,2008103552,ランスタン,2013100019,ダイワメジャー,2001103114
2019101264,リオンディーズ,2013105915,アポロノカンザシ,2008110118,Ghostzapper,000a010525
2019101266,ドゥラメンテ,2012104511,キルシュワッサー,2003105704,サクラバクシンオー,1989108341
2019101270,ロードカナロア,2008103552,トップオブドーラ,2004110263,Grand Slam,000a0022b9
2019101273,コパノリッキー,2010106548,ビーラヴリー,2008110081,ヨハネスブルグ Johannesburg(米),000a0103b9
2019101274,ストロングリターン,2006102934,ベアフルート,2009105736,サクラバクシンオー,1989108341
2019101275,ラブリーデイ,2010104298,マルターズオリジン,2005110167,Swain (愛),000a0021ca
2019101276,ゴスホークケン,2005110186,マルターズクリス,2006105155,シンボリクリスエス,1999110099
2019101278,アイルハヴアナザー I'll Have Another(米),000a011ed3,エイシンバンバ,2012110073,Rock Hard Ten,000a010612
2019101291,オルフェーヴル,2008102636,ロイヤルライン,2006103131,クロフネ,1998110135
2019101295,アジアエクスプレス,2011110091,ホワイトポピー,2010100070,スウェプトオーヴァーボード Swept Overboard(米),000a00fa34
2019101313,クロフネ,1998110135,スマートアストリア,2014104862,ストラヴィンスキー,000a00fa41
2019101324,ドレフォン Drefong(米),000a013b82,エミネントシチー,1998106179,ブライアンズタイム Brian's Time(米),000a000082
2019101325,トビーズコーナー Toby's Corner(米),000a011fed,オトメローズ,2012103460,アサクサデンエン,1999110191
2019101330,アイファーソング,2008100386,レディワシントン,2008110087,Vindication,000a010544
2019101340,ディスクリートキャット Discreet Cat(米),000a0113a1,シャイニングスルー,2002100973,スペシャルウィーク,1995103211
2019101348,アメリカンペイトリオット,000a013bba,マオリオ,2013100300,ネオユニヴァース,2000101426
2019101351,ロゴタイプ,2010103783,ユキアカリノマチ,2010101429,キングカメハメハ,2001103460
2019101359,ロードカナロア,2008103552,シャインセレブ,2007102941,クロフネ,1998110135
2019101399,ビッグアーサー,2011103328,ディマクコンダ,2004103033,バチアー Bachir(愛),000a00004b
2019101403,キズナ,2010105827,プラスドピラミッド,2014105731,ヴィクトワールピサ,2007102923
2019101406,カレンブラックヒル,2009106230,ラブハート,2003100810,マイネルラヴ,1995108558
2019101408,ハービンジャー Harbinger(英),000a011996,リップル,2010100715,アグネスタキオン,1998101516
2019101413,リオンディーズ,2013105915,オノユウ,2007100023,バブルガムフェロー,1993109219
2019101416,ロードカナロア,2008103552,キストゥヘヴン,2003101040,アドマイヤベガ,1996107396
2019101422,ワールドエース,2009106353,シナル,2008105447,キングカメハメハ,2001103460
2019101428,グランデッツァ,2009105989,ローズプラネット,2010100315,フレンチデピュティ French Deputy(米),000a00013a
2019101435,モンテロッソ Monterosso(英),000a011b05,コウユーキズナ,2004106348,ティンバーカントリー Timber Country(米),000a00035e
2019101446,リオンディーズ,2013105915,ホッコーアムール,2010100328,スタチューオブリバティ Statue of Liberty(米),000a0109d5
2019101448,ディープブリランテ,2009105084,ユキノチャンプ,2003103577,タバスコキャット Tabasco Cat(米),000a000348
2019101462,ドゥラメンテ,2012104511,スカーゲン Skagen(独),000a012519,Dashing Blade,000a00fa3a
2019101464,ヤマニンセラフィム,1999104188,ティフィン,2006103170,トワイニング Twining(米),000a000006
2019101473,シニスターミニスター Sinister Minister(米),000a011099,サザンジュエリー,2004105424,アフリート Afleet(加),000a000013
2019101479,スクリーンヒーロー,2004103328,バラベルサイユ,2007105390,アグネスデジタル,1997110025
2019101484,ヘニーヒューズ Henny Hughes(米),000a011155,マハロマナ,2012101212,エンパイアメーカー Empire Maker(米),000a010542
2019101488,ストロングリターン,2006102934,クラウンイヴ,2011100216,ブラックタイド,2001103312
2019101500,キングカメハメハ,2001103460,クラウンロゼ,2010105389,ロサード,1996107429
2019101507,ドゥラメンテ,2012104511,ラヴァリーノ Ravarino(米),000a011426,Unbridled's Song (米),000a002071
2019101531,ロードカナロア,2008103552,ラフェクレール,2007103123,スペシャルウィーク,1995103211
2019101533,ベルシャザール,2008103004,サンウィノナ,2012109120,スニッツェル Snitzel(豪),000a010eaa
2019101562,ベーカバド Behkabad(仏),000a011dc0,アブマーシュ,2009102385,ディクタット Diktat(英),1995190007
2019101605,ルーラーシップ,2007103143,アユサン,2010100487,ディープインパクト,2002100816
2019101607,ジャスタウェイ,2009106461,ウィステリアアーチ,2007105546,キングカメハメハ,2001103460
2019101609,リオンディーズ,2013105915,エターナルブーケ,2013100322,マンハッタンカフェ,1998101554
2019101612,ディープインパクト,2002100816,カラズマッチポイント Kara's Match Point(米),000a013863,Curlin (米),000a011734
2019101613,Curlin (米),000a011734,ガリレオズソング Galileo's Song(愛),000a0143c9,Galileo (愛),000a00232b
2019101614,キタサンブラック,2012102013,クラリネット Clarinet(米),000a012167,Giant's Causeway (米),000a0022e1
2019101618,ディープインパクト,2002100816,コンクエストハーラネイト Conquest Harlanate(加),000a013898,Harlan's Holiday,000a010cdf
2019101620,キングカメハメハ,2001103460,サトノジョリー,2009102473,Bernardini (米),000a0111fe
2019101621,ザファクター,000a0130d0,サンデーサンライズ,2002105981,サンデーサイレンス Sunday Silence(米),000a00033a
2019101624,ロードカナロア,2008103552,シャンパンフルート,2005103150,クロフネ,1998110135
2019101626,マクフィ Makfi(英),000a011c77,シュンドルボン,2011100352,ハーツクライ,2001103038
2019101629,ディープインパクト,2002100816,ジェニサ Genisa(米),000a012f0e,Storm Cat (米),000a001a98
2019101633,モーリス,2011100655,ジルコニア,2007105530,タイキシャトル,1994109686
2019101634,ハーツクライ,2001103038,スイートジュエリー,2009102461,キングカメハメハ,2001103460
2019101635,ディープインパクト,2002100816,スウィーティーガール Sweetie Girl(亜),000a013e15,Star Dabbler,000a013be8
2019101643,ビッグアーサー,2011103328,ダッシャーレーヌ,2011100355,ディープインパクト,2002100816
2019101644,ザファクター,000a0130d0,ツインキャンドル,2011100379,キングカメハメハ,2001103460
2019101645,ロードカナロア,2008103552,トリニティプレイス,2011100323,マンハッタンカフェ,1998101554
2019101646,ルーラーシップ,2007103143,ドラゴンハピネス,2012101370,ディープインパクト,2002100816
2019101661,ディープブリランテ,2009105084,プレシャスライン,2008105588,キングカメハメハ,2001103460
2019101668,ヘニーヒューズ Henny Hughes(米),000a011155,マーメイドティアラ,2009102448,シンボリクリスエス,1999110099
2019101670,オルフェーヴル,2008102636,メモリーパフィア,2006105996,ノボジャック,1997110152
2019101673,コパノリッキー,2010106548,ラグジャリークラス Luxury Class(米),000a0114e3,Gone West,000a001be1
2019101675,エピファネイア,2010104155,リンネ,2013100383,ワイルドラッシュ Wild Rush(米),000a0003a1
2019101679,ロードカナロア,2008103552,ロイヤルストリート,2012101374,ディープインパクト,2002100816
2019101680,ホッコータルマエ,2009100921,ロイヤルスピリッツ,2012101401,ハーツクライ,2001103038
2019101681,リオンディーズ,2013105915,ローマンブリッジ,2005103174,ブライアンズタイム Brian's Time(米),000a000082
2019101700,ロードカナロア,2008103552,チリエージェ,2001107654,サクラバクシンオー,1989108341
2019101714,キンシャサノキセキ,2003110212,ミルトス,2006102167,サクラバクシンオー,1989108341
2019101716,エピファネイア,2010104155,ラヴィアンフルール,2010100289,ステイゴールド,1994108729
2019101741,ドゥラメンテ,2012104511,インドリヤ Indriya(米),000a013e1e,Stormy Atlantic,000a010b85
2019101743,サトノアラジン,2011104063,ヴァケア Vacare(米),000a012f24,Lear Fan,000a00199d
2019101749,エスポワールシチー,2005102837,スイレン,2007110083,Roman Ruler,000a011480
2019101753,ラブリーデイ,2010104298,スイートピグレット,2004109404,ブライアンズタイム Brian's Time(米),000a000082
2019101759,ラニ,2013110045,スイートマルセル,2011109117,ワイルドラッシュ Wild Rush(米),000a0003a1
2019101761,ストロングリターン,2006102934,ハイデルベーレ,2008102778,ハーツクライ,2001103038
2019101763,ビッグアーサー,2011103328,メリーウェザー,2010103605,メジロベイリー,1998101457
2019101765,ビッグアーサー,2011103328,レディパレード,2007103590,マンハッタンカフェ,1998101554
2019101778,エピファネイア,2010104155,ルビーレジェンド,2003103030,アグネスタキオン,1998101516
2019101782,モーリス,2011100655,アバンドーネ,2014104055,ファルブラヴ Falbrav(愛),1998190004
2019101794,アドマイヤムーン,2003102991,ファミリズム,2006102974,ダンスインザダーク,1993109188
2019101811,ザファクター,000a0130d0,ケイエスアカリ,2001106354,フジキセキ,1992109618
2019101814,カレンブラックヒル,2009106230,メイショウデンコー,2000106199,ジェイドロバリー Jade Robbery(米),000a0001a7
2019101819,ベルシャザール,2008103004,マッシヴエレガンス,2014104954,ディープブリランテ,2009105084
2019101825,サトノアラジン,2011104063,ファーマペニー,2008105712,ジャングルポケット,1998101786
2019101833,ミッキーアイル,2011103916,ウインクルスーパー,2013100520,アンクルスーパー,1997100632
2019101847,オルフェーヴル,2008102636,スターエンジェル,2004105816,アフリート Afleet(加),000a000013
2019101860,アメリカンペイトリオット,000a013bba,アクアリスト Aquarist(英),000a0116c3,コロナドズクエスト Coronado's Quest(米),000a0000b5
2019101864,ハーツクライ,2001103038,アーキオロジー Archeology(米),000a010ce0,Seeking the Gold,000a001bea
2019101865,エピファネイア,2010104155,ウェイヴランナー Waverunner(英),000a012807,Raven's Pass,000a011d04
2019101873,ダイワメジャー,2001103114,グレイトタイミング Great Timing(米),000a0127f9,Raven's Pass,000a011d04
2019101875,ジャスタウェイ,2009106461,ゴールデンリーヴス Golden Leaves(米),000a0127f8,Tiznow,000a00fa4b
2019101888,アドマイヤムーン,2003102991,スプリングレイン,2002100014,Dubai Millennium (英),000a0022d1
2019101889,ディスクリートキャット Discreet Cat(米),000a0113a1,スモーダリング,2012101513,パイロ Pyro(米),000a01176a
2019101894,ディスクリートキャット Discreet Cat(米),000a0113a1,チャーム,2013100632,パイロ Pyro(米),000a01176a
2019101896,ブラックタイド,2001103312,ティップトップ,2011100511,Dubawi,000a0115e2
2019101903,アメリカンペイトリオット,000a013bba,ハッシュ,2011100540,コマンズ Commands(豪),000a011625
2019101907,ダイワメジャー,2001103114,ヒントオブスプリング Hint of Spring(英),000a0116cd,Seeking the Gold,000a001bea
2019101908,アメリカンペイトリオット,000a013bba,ピクシープリンセス,2008105759,ディープインパクト,2002100816
2019101914,アメリカンペイトリオット,000a013bba,ベルリンガー,2013100602,マンハッタンカフェ,1998101554
2019101920,スクリーンヒーロー,2004103328,レディオブオペラ,2010100717,Singspiel (愛),1992190005
2019101923,キングズベスト King's Best(米),000a0022d2,セイカフォルトゥナ,2009102695,サウスヴィグラス,1996110138
2019101930,ゴールドシップ,2009102739,ウッドシップ,2008105827,クロフネ,1998110135
2019101964,ゼンノロブロイ,2000101517,エスカレートバイオ,2013101113,アルデバランII Aldebaran(米),000a010541
2019101975,ミッキーアイル,2011103916,ナムラヒラリー,2011102118,クロフネ,1998110135
2019101985,キズナ,2010105827,ダイシンパーティー,2003100653,ブライアンズタイム Brian's Time(米),000a000082
2019101998,カレンブラックヒル,2009106230,ラフォンテロッソ,2013105806,ワークフォース Workforce(英),000a011a7f
2019102009,アメリカンペイトリオット,000a013bba,ビクトリーチャンス,2009101498,ステイゴールド,1994108729
2019102011,パイロ Pyro(米),000a01176a,プレシャスエルフ,2006100290,コロナドズクエスト Coronado's Quest(米),000a0000b5
2019102013,フリオーソ,2004106867,モアマイガール,2001100427,フジキセキ,1992109618
2019102041,モーリス,2011100655,テンシノホホエミ,2011100756,ダイワメジャー,2001103114
2019102044,ドゥラメンテ,2012104511,プルージャ Pluja(亜),000a013e82,Sidney's Candy,000a0126c5
2019102062,トゥザワールド,2011103975,プリンセスハルカ,2010101284,ハーツクライ,2001103038
2019102068,クロフネ,1998110135,ジルダ,2012104152,ゼンノロブロイ,2000101517
2019102082,トーセンジョーダン,2006103169,マキアージュシチー,2010100936,ダイワメジャー,2001103114
2019102102,ザファクター,000a0130d0,トゥモローズライト,2006105267,アフリート Afleet(加),000a000013
2019102106,コパノリッキー,2010106548,ミスマープル,2010100682,Sinndar (愛),000a002329
2019102137,キズナ,2010105827,ケイティーズベスト,2005102517,ファルブラヴ Falbrav(愛),1998190004
2019102143,ホッコータルマエ,2009100921,ゴールドフォレスト,2013103176,ゴールドアリュール,1999106689
2019102161,ミッキーアイル,2011103916,トウカイファイン,2004106738,フレンチデピュティ French Deputy(米),000a00013a
2019102163,パイロ Pyro(米),000a01176a,フォーミー,2008106101,アドマイヤマックス,1999107004
2019102171,オルフェーヴル,2008102636,パミーナコラッジョ,2013101527,ダイワメジャー,2001103114
2019102178,ゴールドシップ,2009102739,コーラルビュー,2008106126,キングヘイロー,1995104427
2019102186,クリエイターII Creator(米),000a013630,ユニバーサルビーチ,2011102215,ネオユニヴァース,2000101426
2019102202,マジェスティックウォリアー Majestic Warrior(米),000a011e9c,スマートノエル,2012102129,ヴァーミリアン,2002100877
2019102203,シニスターミニスター Sinister Minister(米),000a011099,スマートレモラ,2008100110,ゴールドアリュール,1999106689
2019102215,リオンディーズ,2013105915,コパノマルコリーニ,2004106386,マヤノトップガン,1992102988
2019102219,ハービンジャー Harbinger(英),000a011996,チュウワプリンセス,2008102659,スペシャルウィーク,1995103211
2019102220,スクリーンヒーロー,2004103328,ハイタッチクイーン,2007106112,キングヘイロー,1995104427
2019102229,バトルプラン Battle Plan(米),000a0118e8,シュヴァルツィーナ,2014102526,カジノドライヴ,2005110112
2019102238,フリオーソ,2004106867,サイレンスラヴ,2012100453,スペシャルウィーク,1995103211
2019102240,リヤンドファミユ,2010104396,ファーマクリーム,2008106177,スニッツェル Snitzel(豪),000a010eaa
2019102265,キズナ,2010105827,ショウサンウルル,2006100539,Grand Slam,000a0022b9
2019102273,モーリス,2011100655,グロリエッテ,2010101134,アドマイヤムーン,2003102991
2019102274,リオンディーズ,2013105915,ザッハトルテ,2007106175,クロフネ,1998110135
2019102282,エスポワールシチー,2005102837,バトルアンコール,2010106247,フジキセキ,1992109618
2019102292,ラブリーデイ,2010104298,コフィーチャン,2008101054,シンボリクリスエス,1999110099
2019102293,ディーマジェスティ,2013104704,サツマガイア,2008101362,タイキシャトル,1994109686
2019102303,エイシンフラッシュ,2007102951,ヒーラブズミー,2011104510,ディープインパクト,2002100816
2019102306,スズカコーズウェイ,2004104345,ラッキーガール,2010102623,サウスヴィグラス,1996110138
2019102312,シニスターミニスター Sinister Minister(米),000a011099,エターナルロマンス,2005103844,シンボリクリスエス,1999110099
2019102320,コパノリッキー,2010106548,サイモンドルチェ,2007106695,ジャングルポケット,1998101786
2019102321,ロードカナロア,2008103552,シュガーハート,2005106935,サクラバクシンオー,1989108341
2019102327,リオンディーズ,2013105915,テーオーヴィーナス,2009103146,ディープインパクト,2002100816
2019102337,コパノリッキー,2010106548,ブライトサファイヤ,2000106898,サンダーガルチ Thunder Gulch(米),000a00035c
2019102341,コパノリッキー,2010106548,プレゼンスウーマン,2003107303,サクラローレル,1991103498
2019102343,コパノリッキー,2010106548,マキシムカフェ,2007106200,マンハッタンカフェ,1998101554
2019102371,キンシャサノキセキ,2003110212,ケイアイメルヘン,2002107326,エンドスウィープ End Sweep(米),000a00010f
2019102376,パイロ Pyro(米),000a01176a,リオ,2005104908,ジャングルポケット,1998101786
2019102383,キタサンブラック,2012102013,チェストケローズ,2013110100,Uncle Mo (米),000a011ffb
2019102384,ゴールドシップ,2009102739,ノウ Know(米),000a012f8e,Street Cry (愛),000a0103ba
2019102395,ワールドエース,2009106353,チュウワベイビー,2011106508,サウスヴィグラス,1996110138
2019102399,オーシャンブルー,2008102978,ヒシアリアケ,2005109305,シンボリクリスエス,1999110099
2019102421,パイロ Pyro(米),000a01176a,タガノシムナ,2015100525,ロードカナロア,2008103552
2019102436,ミッキーアイル,2011103916,トラストフェアリー,2011103054,ケイムホーム Came Home(米),000a0108d1
2019102437,マクフィ Makfi(英),000a011c77,バイカターキン,2013102789,エンパイアメーカー Empire Maker(米),000a010542
2019102438,ヘニーヒューズ Henny Hughes(米),000a011155,ホワイトフーガ,2012105752,クロフネ,1998110135
2019102439,ビッグアーサー,2011103328,マリーンウィナー,2005105424,フジキセキ,1992109618
2019102454,マスタリー,000a0143b4,コーテサン Courtesan(米),000a0143c4,ストリートセンス Street Sense(米),000a0113a2
2019102456,ブラックタイド,2001103312,シシャモチャン,2006100245,サクラバクシンオー,1989108341
2019102458,ザファクター,000a0130d0,ブルーボンボヤージ,2010101960,Medaglia d'Oro,000a010a65
2019102460,ジャスタウェイ,2009106461,レゾリューション,2004103409,カリズマティック Charismatic(米),000a00fa33
2019102469,ホッコータルマエ,2009100921,スープリムシチー,2011106370,ネオユニヴァース,2000101426
2019102470,ホッコータルマエ,2009100921,チェリーシェル,2010101976,サクラバクシンオー,1989108341
2019102479,ディスクリートキャット Discreet Cat(米),000a0113a1,スパークルレディー,2006109237,フォーティナイナー Forty Niner(米),000a000134
2019102481,シニスターミニスター Sinister Minister(米),000a011099,アカカホール,2013102846,ダイワメジャー,2001103114
2019102490,キタサンブラック,2012102013,パラフレーズ Paraphrase(英),000a0116e0,Pivotal,000a002328
2019102491,ドレフォン Drefong(米),000a013b82,プリオバーン Priomhbhean(愛),000a011dfb,Galileo (愛),000a00232b
2019102493,ロードカナロア,2008103552,モンクール,2009101019,ディープインパクト,2002100816
2019102496,エピファネイア,2010104155,ルサビ,2009101009,アグネスタキオン,1998101516
2019102510,トゥザグローリー,2007103265,テツムーン,2009100341,アドマイヤムーン,2003102991
2019102512,タイセイレジェンド,2007103199,デザートフラワー,2010102833,サイレントディール,2000101634
2019102514,プリサイスエンド Precise End(米),000a00fe9b,ファーレサルティ,2006103200,ダンスインザダーク,1993109188
2019102521,キングカメハメハ,2001103460,ショウナンアクト,2004103493,フレンチデピュティ French Deputy(米),000a00013a
2019102522,キタサンブラック,2012102013,ショウナンカラット,2007102038,ブライアンズタイム Brian's Time(米),000a000082
2019102531,ハービンジャー Harbinger(英),000a011996,ポントマイコ,2010102053,ゼンノロブロイ,2000101517
2019102542,キズナ,2010105827,アグネスパサー,2001103041,エルコンドルパサー,1995108742
2019102552,マクフィ Makfi(英),000a011c77,オールオールオール,2006100363,アグネスタキオン,1998101516
2019102553,ゴールドシップ,2009102739,カクテルローズ,2007106496,タニノギムレット,1999100226
2019102559,ジャスタウェイ,2009106461,カーディナルコーヴ Cardinal Cove(米),000a013908,Leroidesanimaux,000a0115cc
2019102576,ビッグアーサー,2011103328,トリンカファイブ,2012105893,ステイゴールド,1994108729
2019102583,シニスターミニスター Sinister Minister(米),000a011099,フォースライト,2009101134,マンハッタンカフェ,1998101554
2019102585,アジアエクスプレス,2011110091,フジインザスカイ,2011103176,ディープスカイ,2005101358
2019102593,ブラックタイド,2001103312,ミュゲプリンセス,2013102564,エンパイアメーカー Empire Maker(米),000a010542
2019102604,ルーラーシップ,2007103143,ローズアライヴァル,2002102691,フジキセキ,1992109618
2019102609,ドゥラメンテ,2012104511,シニョリーナ,2011103187,キングヘイロー,1995104427
2019102611,ハーツクライ,2001103038,ナナヨーティアラ,2002103870,マイネルラヴ,1995108558
2019102613,ジョーカプチーノ,2006100529,ハリケーンタマ,2008102786,クロフネ,1998110135
2019102628,ミッキーアイル,2011103916,ゴールドグレース,2002103893,エリシオ Helissio(仏),1993190001
2019102632,シルバーステート,2013105903,ハイノリッジ,2011103212,マンハッタンカフェ,1998101554
2019102635,エピファネイア,2010104155,マルハチラブーム,2006100415,キングカメハメハ,2001103460
2019102648,プリサイスエンド Precise End(米),000a00fe9b,インティワタナ,2010101401,フサイチコンコルド,1993109220
2019102649,ミッキーアイル,2011103916,クリスマドンナ,2007102122,シンボリクリスエス,1999110099
2019102654,ダノンレジェンド,2010110102,インマイラヴ,2001106409,ダンスインザダーク,1993109188
2019102656,リオンディーズ,2013105915,エイシンバーサス,2012102443,ファルブラヴ Falbrav(愛),1998190004
2019102661,ダンカーク Dunkirk(米),000a012185,ダイワバーガンディ,2006102993,ブライアンズタイム Brian's Time(米),000a000082
2019102665,トーセンジョーダン,2006103169,フェリスホイール,2006103062,ダンスインザダーク,1993109188
2019102672,シルバーステート,2013105903,ミスエンピリカル,2012105962,プリサイスエンド Precise End(米),000a00fe9b
2019102676,ワールドエース,2009106353,リアライズナラック,2008110032,Fusaichi Pegasus,000a0022cf
2019102694,ザファクター,000a0130d0,ヤマカツサユリ,2011103685,マンハッタンカフェ,1998101554
2019102701,コパノリッキー,2010106548,ミコノス,2005101745,With Approval,000a001c5f
2019102705,シニスターミニスター Sinister Minister(米),000a011099,カリビアンセレブ,2006100494,ゴールドアリュール,1999106689
2019102728,エイシンアポロン,2007110020,サフランパートナー,2010100058,アドマイヤボス,1997103699
2019102731,アドマイヤマックス,1999107004,ヨドノスマイル,2009101352,タイキシャトル,1994109686
2019102736,ビッグアーサー,2011103328,エメライン,2014103972,マンハッタンカフェ,1998101554
2019102737,ヘニーヒューズ Henny Hughes(米),000a011155,シヤボナ Siyabona(米),000a01152e,Kingmambo (米),000a001d7e
2019102747,ビッグアーサー,2011103328,ルージュバンブー,2006100557,マリエンバード Marienbard(愛),000a00fa36
2019102751,ダイワメジャー,2001103114,オールブランニュー,2006100570,ノボジャック,1997110152
2019102753,トランセンド,2006104736,カフジティアラ,2013103113,カネヒキリ,2002100978
2019102758,ホッコータルマエ,2009100921,ジューンヴィエナ,2011102376,カンパニー,2001103435
2019102761,ガルボ,2007101163,スカイグラフィティ,2010102979,ジャングルポケット,1998101786
2019102772,ミッキーアイル,2011103916,レイテッド,2008102894,ジャングルポケット,1998101786
2019102775,ラブリーデイ,2010104298,ヤマニンアドーレ,2010105803,ダイワメジャー,2001103114
2019102777,シニスターミニスター Sinister Minister(米),000a011099,ヤマニンパソドブル,2007104730,シンボリクリスエス,1999110099
2019102783,ザファクター,000a0130d0,プレシャスペスカ,2009101306,フジキセキ,1992109618
2019102786,ダイワメジャー,2001103114,ウォーターパイパー,2004103777,Tale of the Cat (米),000a002276
2019102792,ストロングリターン,2006102934,マリアフィオーレ,2011104286,ハーツクライ,2001103038
2019102793,ルーラーシップ,2007103143,ディアルーモ,2010102921,ネオユニヴァース,2000101426
2019102794,カレンブラックヒル,2009106230,エメラルドコースト,2008105569,ダンスインザダーク,1993109188
2019102799,ヴィクトワールピサ,2007102923,ネガノ Negano(加),000a0067f5,Miswaki,000a0017b0
2019102803,ワンダーアキュート,2006106794,ワンダープリマ,2006106793,デヒア Dehere(米),000a0000df
2019102813,ビッグアーサー,2011103328,シゲルオワリ,2011104839,ファスリエフ Fasliyev(米),000a00fc4c
2019102820,ドゥラメンテ,2012104511,サンタローズ,2002104181,パントレセレブル Peintre Celebre(米),000a000271
2019102824,ホッコータルマエ,2009100921,マイラッキー,2005103338,Elusive Quality,000a00231f
2019102826,ジャスタウェイ,2009106461,メイショウボーテ,2013103689,シンボリクリスエス,1999110099
2019102827,ザファクター,000a0130d0,エミリア,2000103853,サンデーサイレンス Sunday Silence(米),000a00033a
2019102869,カレンブラックヒル,2009106230,シーザシー,2008110096,Lemon Drop Kid,000a0022d0
2019102874,エスケンデレヤ,000a012cc0,グリマープリンセス,2013104974,マンハッタンカフェ,1998101554
2019102879,ハーツクライ,2001103038,サラトガヴィーナス,2002101038,ブライアンズタイム Brian's Time(米),000a000082
2019102884,ミッキーアイル,2011103916,クラッシーシャーロット Classy Charlotte(米),000a010aa1,A.P. Indy,000a001d37
2019102886,モーリス,2011100655,パワーフレーズ,2014100973,クロフネ,1998110135
2019102888,ロードカナロア,2008103552,ロージーローズ,2010101223,シンボリクリスエス,1999110099
2019102922,ザファクター,000a0130d0,クールユリア,2009102597,ケイムホーム Came Home(米),000a0108d1
2019102937,コパノリッキー,2010106548,レスタンノール,2008102607,ステイゴールド,1994108729
2019102938,イスラボニータ,2011103565,ワイキキブリーズ,2007103513,フレンチデピュティ French Deputy(米),000a00013a
2019102944,フェノーメノ,2009106599,リリアーレ,2006102737,キングカメハメハ,2001103460
2019102950,アーネストリー,2005105410,アイファーアプリル,2008103484,スパイキュール,2000101557
2019102953,アイファーソング,2008100386,アグリデジタル,2011104848,アグネスデジタル,1997110025
2019102979,エイシンヒカリ,2011101273,マーゼリン Marzelline(愛),000a011a9c,Barathea,000a000054
2019102983,ホッコータルマエ,2009100921,キュールエアリス,2010104528,ウォーエンブレム War Emblem(米),000a00fa35
2019102986,ベルシャザール,2008103004,ピースヴィクトリア,2009103884,マヤノトップガン,1992102988
2019103004,ロードカナロア,2008103552,アドマイヤシャイ,2012104806,キンシャサノキセキ,2003110212
2019103005,ディープインパクト,2002100816,インディアナギャル Indiana Gal(愛),000a011a94,Intikhab,000a0022af
2019103006,ロードカナロア,2008103552,ウッドランドドリーム Woodland Dream(愛),000a0118f4,Charnwood Forest,000a002095
2019103008,ハービンジャー Harbinger(英),000a011996,エンジェリックレイ,2010101354,ダイワメジャー,2001103114
2019103010,ルーラーシップ,2007103143,オーシュペール,2009101530,ダイワメジャー,2001103114
2019103012,ロードカナロア,2008103552,キャトルフィーユ,2009101532,ディープインパクト,2002100816
2019103013,ロードカナロア,2008103552,キープセイク,2013110002,Sea The Stars Sea the Stars(愛),000a011c78
2019103014,ロードカナロア,2008103552,グラナダ,2012102295,Galileo (愛),000a00232b
2019103016,ノヴェリスト Novellist(愛),000a012230,ザンスカール,2013102300,エンパイアメーカー Empire Maker(米),000a010542
2019103017,ロードカナロア,2008103552,シンメイフジ,2007103593,フジキセキ,1992109618
2019103020,モーリス,2011100655,ティアーモ,2010101353,キングカメハメハ,2001103460
2019103021,ドゥラメンテ,2012104511,デルフィーノ,2011103449,ハーツクライ,2001103038
2019103027,Fort Larned,000a01293b,フラーティングアウェイ Flirting Away(米),000a0143c6,Distorted Humor (米),000a0022ea
2019103034,ロードカナロア,2008103552,レキシールー Lexie Lou(加),000a013e42,Sligo Bay,000a011fef
2019103036,ルーラーシップ,2007103143,レディカーニバル,2004101198,Giant's Causeway (米),000a0022e1
2019103042,シニスターミニスター Sinister Minister(米),000a011099,エヴァ,2006103110,キングカメハメハ,2001103460
2019103055,シルバーステート,2013105903,アルテーロ,2014105908,ハービンジャー Harbinger(英),000a011996
2019103063,キンシャサノキセキ,2003110212,パラダイスコーブ,2013105314,キングカメハメハ,2001103460
2019103064,リーチザクラウン,2006102923,ライムスカッシュ,2012104448,キングカメハメハ,2001103460
2019103065,モーリス,2011100655,ルタンデスリーズ,2009101564,サクラバクシンオー,1989108341
2019103081,ガルボ,2007101163,トゥファーアウェイ,2011105750,チチカステナンゴ Chichicastenango(仏),000a011135
2019103092,ザファクター,000a0130d0,ワンダービーナス,2007103642,バゴ Bago(仏),2001190004
2019103100,エスケンデレヤ,000a012cc0,ノバラ,2012103019,マンハッタンカフェ,1998101554
2019103101,サトノアラジン,2011104063,フェイズシフト,2006103691,サクラバクシンオー,1989108341
2019103122,リオンディーズ,2013105915,ショウナンガッド,2003103836,フジキセキ,1992109618
2019103123,キズナ,2010105827,フォトジェニック,2008105783,Sinndar (愛),000a002329
2019103148,キズナ,2010105827,エンブレイス,2004100688,アフリート Afleet(加),000a000013
2019103149,ドレフォン Drefong(米),000a013b82,オールウェイズラブ,2010105856,ディープインパクト,2002100816
2019103152,キズナ,2010105827,セレブラール,2004101364,ボストンハーバー Boston Harbor(米),000a00007c
2019103158,ドゥラメンテ,2012104511,フィールグリュック,2009106456,ストラヴィンスキー,000a00fa41
2019103162,スマートファルコン,2005100097,ヒラボクミラクル,2009103904,アグネスデジタル,1997110025
2019103193,アドマイヤムーン,2003102991,レディパッション,2011101441,ネオユニヴァース,2000101426
2019103197,モンテロッソ Monterosso(英),000a011b05,キリエ,2006102818,ブライアンズタイム Brian's Time(米),000a000082
2019103204,アポロキングダム,2003110139,ナムラミステリー,1999105132,ジェニュイン,1992109450
2019103208,ドレフォン Drefong(米),000a013b82,グローブ,2010104292,ダイワメジャー,2001103114
2019103210,シニスターミニスター Sinister Minister(米),000a011099,フレンチトウショウ,2009103946,フレンチデピュティ French Deputy(米),000a00013a
2019103219,ラニ,2013110045,チェストケハーツ,2013102496,ハーツクライ,2001103038
2019103224,アドマイヤムーン,2003102991,オルフィーク,2012102504,ヴァーミリアン,2002100877
2019103225,ビッグアーサー,2011103328,クレーンズラヴァー,2007103866,ゼンノロブロイ,2000101517
2019103233,ロードカナロア,2008103552,ニシノメルモ,2007102503,スペシャルウィーク,1995103211
2019103261,ザファクター,000a0130d0,ニシノケイト,2013106208,ゴールドアリュール,1999106689
2019103274,ザファクター,000a0130d0,ティアドロップス,1997103387,サンデーサイレンス Sunday Silence(米),000a00033a
2019103278,ジャスタウェイ,2009106461,ゲッコウ,2008103872,キングカメハメハ,2001103460
2019103285,シニスターミニスター Sinister Minister(米),000a011099,アイムヒアー,2008103880,プリサイスエンド Precise End(米),000a00fe9b
2019103302,ゴールドシップ,2009102739,レディーメグネイト,2009101862,ファスリエフ Fasliyev(米),000a00fc4c
2019103308,アロマカフェ,2007104812,カフェララルー,2001110111,ストラヴィンスキー,000a00fa41
2019103309,ヘニーヒューズ Henny Hughes(米),000a011155,カフェローレル,2008103903,マンハッタンカフェ,1998101554
2019103318,リオンディーズ,2013105915,ソラコマチ,2009101892,サクラバクシンオー,1989108341
2019103346,アメリカンペイトリオット,000a013bba,ゴールドターフ,2008103940,ゴールドアリュール,1999106689
2019103358,シルバーステート,2013105903,カワイコチャン,2010101633,ゴールドヘイロー,1997101264
2019103393,ダノンレジェンド,2010110102,ジョリファム,2010103607,スペシャルウィーク,1995103211
2019103400,リオンディーズ,2013105915,メイショウスザンナ,2009105230,アグネスデジタル,1997110025
2019103401,ディスクリートキャット Discreet Cat(米),000a0113a1,メイショウラグーナ,2007101779,バブルガムフェロー,1993109219
2019103407,メイショウボーラー,2001100650,メイショウスコール,2005100644,メイショウオウドウ,1995101767
2019103410,サトノアラジン,2011104063,ヴォーグジャック,2009100173,クロフネ,1998110135
2019103418,トランセンド,2006104736,ミキノモナコ,2004101197,ディアブロ Diablo(米),000a0000e9
2019103419,ザファクター,000a0130d0,カシュカシュ,2009102465,アフリート Afleet(加),000a000013
2019103420,マジェスティックウォリアー Majestic Warrior(米),000a011e9c,キャニオンバレー,2010100493,シンボリクリスエス,1999110099
2019103421,マジェスティックウォリアー Majestic Warrior(米),000a011e9c,トシキャンディ,2006101748,バブルガムフェロー,1993109219
2019103422,レッドスパーダ,2006105511,トシザコジーン,2005105828,アドマイヤコジーン,1996106512
2019103427,キズナ,2010105827,クインポルカ,2010104632,タニノギムレット,1999100226
2019103428,ヘニーヒューズ Henny Hughes(米),000a011155,クイーンキセキ,2009100199,フジキセキ,1992109618
2019103430,キズナ,2010105827,ティーエスベリー,2013110118,New Approach,000a011656
2019103442,エイシンヒカリ,2011101273,エイシンカラット,2012110074,Tale of Ekati,000a012550
2019103472,キタサンブラック,2012102013,エーシンエムディー,2009100231,キングカメハメハ,2001103460
2019103488,ケープブランコ Cape Blanco(英),000a011b06,スウィートクレメンタイン Sweet Clementine(愛),000a0123db,Shamardal (米),000a010c92
2019103506,リヤンドファミユ,2010104396,レディラック,2002104617,タイキシャトル,1994109686
2019103507,エスポワールシチー,2005102837,アンダルシア,2007101337,アルカセット Alkaased(米),2000190010
2019103512,ジャスタウェイ,2009106461,アファーブル,2009103890,ブライアンズタイム Brian's Time(米),000a000082
2019103517,マクフィ Makfi(英),000a011c77,マロンベル,2012104424,ハーツクライ,2001103038
2019103518,ホッコータルマエ,2009100921,アルブスメロディー,2011105622,ゴールドアリュール,1999106689
2019103529,マジェスティックウォリアー Majestic Warrior(米),000a011e9c,ダイオプサイド,2011105640,フジキセキ,1992109618
2019103542,ジョーカプチーノ,2006100529,マイネオレンジ,2010105940,ロージズインメイ Roses in May(米),000a010a10
2019103543,シンボリクリスエス,1999110099,マイネフェリックス,2007104909,アグネスデジタル,1997110025
2019103548,シルバーステート,2013105903,ハリウッドローズ,1999105888,ラムタラ Lammtarra(米),000a0001d4
2019103553,イスラボニータ,2011103565,プリティウイッチ,2010104172,クロフネ,1998110135
2019103556,ヘニーヒューズ Henny Hughes(米),000a011155,アイカギ,2008101396,ファンタスティックライト Fantastic Light(米),1996190005
2019103561,ドゥラメンテ,2012104511,テイエムオーシャン,1998102673,ダンシングブレーヴ Dancing Brave(米),000a0000cc
2019103562,ロードカナロア,2008103552,ハンナリト,2007101397,ネオユニヴァース,2000101426
2019103563,キズナ,2010105827,アースプレイ,2011105664,ゼンノロブロイ,2000101517
2019103570,ダンカーク Dunkirk(米),000a012185,ニシノリコルディ,2012102499,ハーツクライ,2001103038
2019103575,アドマイヤムーン,2003102991,プリンセスメイク,2007101408,キャプテンスティーヴ Captain Steve(米),000a000d9d
2019103578,アメリカンペイトリオット,000a013bba,ビーナスライン,2001100355,フジキセキ,1992109618
2019103584,ロードカナロア,2008103552,アリデッド,2006102809,ダンスインザダーク,1993109188
2019103586,ドゥラメンテ,2012104511,アンジェリック,2011105685,シンボリクリスエス,1999110099
2019103588,オルフェーヴル,2008102636,ヴィーヴァブーケ,2006100776,キングカメハメハ,2001103460
2019103592,ビッグアーサー,2011103328,カルテブランシェ,2007101433,ゴールドアリュール,1999106689
2019103593,モーリス,2011100655,クイーンオリーブ,2008101424,マンハッタンカフェ,1998101554
2019103594,ドゥラメンテ,2012104511,サウンタ Saunta(英),000a013db9,Invincible Spirit (愛),000a01056d
2019103600,ヘニーヒューズ Henny Hughes(米),000a011155,バーニントウショウ,2002104942,バブルガムフェロー,1993109219
2019103605,ドレフォン Drefong(米),000a013b82,ペプチドルビー,2005104018,コロナドズクエスト Coronado's Quest(米),000a0000b5
2019103633,ドレフォン Drefong(米),000a013b82,リバティスプライト,2003105100,サクラバクシンオー,1989108341
2019103634,ケープブランコ Cape Blanco(英),000a011b06,アニムス,2011104362,ゴールドアリュール,1999106689
2019103641,エスポワールシチー,2005102837,シャイニングムーン,2002104881,エリシオ Helissio(仏),1993190001
2019103659,キズナ,2010105827,スマッシュハート,2011105753,キングカメハメハ,2001103460
2019103663,マツリダゴッホ,2003104570,ブラジリアンビューティ Brazilian Beauty(英),000a011a96,Galileo (愛),000a00232b
2019103672,ビッグアーサー,2011103328,ビーフィットウォー,2010104464,ウォーエンブレム War Emblem(米),000a00fa35
2019103679,トゥザグローリー,2007103265,セキサンジョオウ,2001100372,サクラバクシンオー,1989108341
2019103692,ザファクター,000a0130d0,トウカイポプリ,2005105314,タイキシャトル,1994109686
2019103714,モーリス,2011100655,メイショウデイム,2007101565,マンハッタンカフェ,1998101554
2019103718,グランプリボス,2008103388,モズフリムカナイデ,2012101803,クロフネ,1998110135
2019103719,グランプリボス,2008103388,モズラコルタ,2013105849,ヴィクトワールピサ,2007102923
2019103726,ミッキーアイル,2011103916,フェールクークー,2005106340,アラムシャー Alamshar(愛),000a00fdab
2019103728,ホッコータルマエ,2009100921,プライムウィッシュ,2006105923,シンボリクリスエス,1999110099
2019103742,キズナ,2010105827,チョコレートリリー,2010104501,ウォーエンブレム War Emblem(米),000a00fa35
2019103753,ミッキーアイル,2011103916,サンクイーンII Sun Queen(米),000a011dfd,Storm Cat (米),000a001a98
2019103767,クロフネ,1998110135,ヒラボクビジン,2007101587,ブライアンズタイム Brian's Time(米),000a000082
2019103776,エイシンヒカリ,2011101273,モズハツコイ,2011103111,クロフネ,1998110135
2019103780,ディーマジェスティ,2013104704,リトルジュン,2007106060,クロフネ,1998110135
2019103790,アドマイヤムーン,2003102991,センコウノマイヒメ,2012105368,スタチューオブリバティ Statue of Liberty(米),000a0109d5
2019103791,マジェスティックウォリアー Majestic Warrior(米),000a011e9c,フミノアマゾン,2009100552,フジキセキ,1992109618
2019103806,シルバーステート,2013105903,マチャプチャレ,2013103474,ヨハネスブルグ Johannesburg(米),000a0103b9
2019103813,ハーツクライ,2001103038,アクアシャンデリア,2008110001,Galileo (愛),000a00232b
2019103815,イスラボニータ,2011103565,アドマイヤオンリー,2007103052,クロフネ,1998110135
2019103816,エピファネイア,2010104155,アドマイヤカンナ,2003102082,ブライアンズタイム Brian's Time(米),000a000082
2019103817,シルバーステート,2013105903,アドマイヤチャーム,2007101628,キングヘイロー,1995104427
2019103823,シルバーステート,2013105903,アンブラッセモワ,2013110032,Zoffany,000a012701
2019103824,マジェスティックウォリアー Majestic Warrior(米),000a011e9c,ウェルノーテッド,2013103588,ドリームジャーニー,2004102753
2019103825,リオンディーズ,2013105915,エスジーアンクル,2009100574,シニスターミニスター Sinister Minister(米),000a011099
2019103826,モーリス,2011100655,エスジーブルーム,2009100575,アフリート Afleet(加),000a000013
2019103827,フェノーメノ,2009106599,オウケンサクラブ,2014100347,オウケンブルースリ,2005102548
2019103829,キングカメハメハ,2001103460,オツウ,2010104221,ハーツクライ,2001103038
2019103831,ワールドエース,2009106353,カカリア,2011102954,ヨハネスブルグ Johannesburg(米),000a0103b9
2019103850,バゴ Bago(仏),2001190004,トーコーユズキ,2009106289,ディープインパクト,2002100816
2019103858,ディスクリートキャット Discreet Cat(米),000a0113a1,ヒルノマテーラ,2011105890,マンハッタンカフェ,1998101554
2019103876,ワールドエース,2009106353,ジョリーザスターズ,2013110039,Sea The Stars Sea the Stars(愛),000a011c78
2019103879,イスラボニータ,2011103565,ディアコメット,2009103802,キングカメハメハ,2001103460
2019103885,ゴールドシップ,2009102739,デヴェロッペ,2005103632,ボストンハーバー Boston Harbor(米),000a00007c
2019103887,マジェスティックウォリアー Majestic Warrior(米),000a011e9c,トリアンドルス,2012105900,マツリダゴッホ,2003104570
2019103888,トーセンラー,2008102985,ヌングロース,2012103074,ハービンジャー Harbinger(英),000a011996
2019103897,エイシンヒカリ,2011101273,エイシンスイーツ,2014103556,シンボリクリスエス,1999110099
2019103898,Siyouni,000a012056,オーティニャック Autignac(仏),000a01460b,Solon,000a014559
2019103902,ディーマジェスティ,2013104704,サーリセルカ,2005102176,ウォーエンブレム War Emblem(米),000a00fa35
2019103907,ドゥラメンテ,2012104511,ストライキングヴェイル Striking Veil(米),000a011e10,Smart Strike (加),000a00211c
2019103908,シニスターミニスター Sinister Minister(米),000a011099,スペシャルクイン,2006100349,スペシャルウィーク,1995103211
2019103912,マジェスティックウォリアー Majestic Warrior(米),000a011e9c,フラッパーウィング,2007101663,スペシャルウィーク,1995103211
2019103917,キズナ,2010105827,メイショウフェーヴ,2005106459,フレンチデピュティ French Deputy(米),000a00013a
2019103920,ロードカナロア,2008103552,レッドシェリール,2011104077,ゼンノロブロイ,2000101517
2019103943,シニスターミニスター Sinister Minister(米),000a011099,キングスベリー,2004102172,キングヘイロー,1995104427
2019103946,ホッコータルマエ,2009100921,スールキートス,2012105471,キングヘイロー,1995104427
2019103953,マジェスティックウォリアー Majestic Warrior(米),000a011e9c,マイユクール,2008101691,バゴ Bago(仏),2001190004
2019103960,マクフィ Makfi(英),000a011c77,アイハヴアジョイ,2014106349,アイルハヴアナザー I'll Have Another(米),000a011ed3
2019103965,マクフィ Makfi(英),000a011c77,バクシンスクリーン,2007104616,サクラバクシンオー,1989108341
2019103971,アメリカンペイトリオット,000a013bba,スラリーアイス,2012105480,オレハマッテルゼ,2000101550
2019103973,スピルバーグ,2009105961,パンツァネッラ,2014105950,ルーラーシップ,2007103143
2019103974,ダンカーク Dunkirk(米),000a012185,フレッチャロッサ,2008104873,アグネスデジタル,1997110025
2019103976,ヘニーヒューズ Henny Hughes(米),000a011155,マレーナ,2011103777,ダイワメジャー,2001103114
2019103978,ザファクター,000a0130d0,レインボーローズ,2007100271,アグネスタキオン,1998101516
2019103983,ストロングリターン,2006102934,フォーシーム,2013103684,ダイワメジャー,2001103114
2019103984,ザファクター,000a0130d0,マノアラニ,2010103025,アグネスタキオン,1998101516
2019103996,アメリカンペイトリオット,000a013bba,グッドイヴニング,2011100519,コマンズ Commands(豪),000a011625
2019104000,ザファクター,000a0130d0,スノーサミット,2013100592,アドマイヤムーン,2003102991
2019104005,フリオーソ,2004106867,タイキラナキラ,2011106005,フジキセキ,1992109618
2019104007,ホッコータルマエ,2009100921,マロノヴィーナス,2007103243,タニノギムレット,1999100226
2019104010,ワールドエース,2009106353,ミサトサウス,2007106000,サウスヴィグラス,1996110138
2019104044,ダンカーク Dunkirk(米),000a012185,ウォータームージカ,2009100779,フレンチデピュティ French Deputy(米),000a00013a
2019104046,ハーツクライ,2001103038,キャッチザカクテル Catch the Cocktail(亜),000a013907,Catcher In The Rye,000a01372d
2019104053,エイシンフラッシュ,2007102951,シャインダイアン,2013103763,エンパイアメーカー Empire Maker(米),000a010542
2019104056,ドゥラメンテ,2012104511,ジェラスガール Jealous Girl(米),000a012957,Petionville,000a0021de
2019104057,ドゥラメンテ,2012104511,スクービドゥー Scoubidou(独),000a011535,Johan Cruyff,000a0114c3
2019104059,キングカメハメハ,2001103460,スマートオーシャン,2008110033,Mr. Greeley,000a00213e
2019104068,エピファネイア,2010104155,ニコールバローズ,2009104381,ゼンノロブロイ,2000101517
2019104075,ドゥラメンテ,2012104511,ビューティーコンテスト Beauty Contest(愛),000a00ff52,Singspiel (愛),1992190005
2019104079,キタサンブラック,2012102013,ポールポジションII Pole Position(英),000a0116c0,Pivotal,000a002328
2019104080,キングカメハメハ,2001103460,マイグッドネス,000a011dc6,Storm Cat (米),000a001a98
2019104089,ディスクリートキャット Discreet Cat(米),000a0113a1,メイショウコブシ,2007101796,スペシャルウィーク,1995103211
2019104091,ゴールドシップ,2009102739,メイショウスイヅキ,2013106291,パイロ Pyro(米),000a01176a
2019104092,キズナ,2010105827,メイショウスズラン,2007101659,キングカメハメハ,2001103460
2019104097,マジェスティックウォリアー Majestic Warrior(米),000a011e9c,メイショウブーケ,2011106065,フレンチデピュティ French Deputy(米),000a00013a
2019104098,ハーツクライ,2001103038,メイショウベルーガ,2005106472,フレンチデピュティ French Deputy(米),000a00013a
2019104100,ロードカナロア,2008103552,メイショウメイゲツ,2012105574,ディープインパクト,2002100816
2019104106,オルフェーヴル,2008102636,アヴェクトワ,2011103579,チチカステナンゴ Chichicastenango(仏),000a011135
2019104108,ジャングルポケット,1998101786,エナジーハート,2007101822,サクラバクシンオー,1989108341
2019104112,メイショウサムソン,2003102205,サーストンララア,2010104139,キングカメハメハ,2001103460
2019104116,コパノリッキー,2010106548,ソフィアルージュ,2003102310,クロフネ,1998110135
2019104118,シニスターミニスター Sinister Minister(米),000a011099,タムロウイング,2006100314,ブラックホーク,1994109361
2019104119,ザファクター,000a0130d0,デンファレ,2007101820,フジキセキ,1992109618
2019104126,ドゥラメンテ,2012104511,リュヌドサーブル Lune de Sable(愛),000a01386a,Medicean,000a010a19
2019104128,アポロキングダム,2003110139,イエスオアノー,2003105362,サクラバクシンオー,1989108341
2019104135,ダノンレジェンド,2010110102,ヴァップ,2009100845,ストーミングホーム Storming Home(英),1998190003
2019104141,アドマイヤムーン,2003102991,キタノリツメイ,2014103618,アイルハヴアナザー I'll Have Another(米),000a011ed3
2019104143,ディスクリートキャット Discreet Cat(米),000a0113a1,コウギョウマシェリ,2013103162,アサクサデンエン,1999110191
2019104147,ダノンレジェンド,2010110102,デイドリーマー,2010100683,ネオユニヴァース,2000101426
2019104159,ゴールドシップ,2009102739,リーベストラウム,2005100990,ゼンノエルシド,1997110179
2019104169,アジアエクスプレス,2011110091,メイショウヒメユリ,2009100793,ハーツクライ,2001103038
2019104192,ホッコータルマエ,2009100921,ターキッシュブルー,2009105555,カリズマティック Charismatic(米),000a00fa33
2019104194,ホッコータルマエ,2009100921,リリーオブザナイル,2010103550,バゴ Bago(仏),2001190004
2019104245,エスポワールシチー,2005102837,リサプシュケ,2011102993,ワイルドラッシュ Wild Rush(米),000a0003a1
2019104259,メイショウサムソン,2003102205,メイショウルナ,2011105998,スタチューオブリバティ Statue of Liberty(米),000a0109d5
2019104260,シルバーステート,2013105903,メイショウレクセラ,2013103754,キングカメハメハ,2001103460
2019104261,ホッコータルマエ,2009100921,メイショウワゴコロ,2012105364,マンハッタンカフェ,1998101554
2019104263,ストロングリターン,2006102934,タガノディナー,2012100501,タニノギムレット,1999100226
2019104288,エイシンヒカリ,2011101273,バンデリータ,2003103432,メイショウオウドウ,1995101767
2019104303,エイシンヒカリ,2011101273,ブルーボサノヴァ,2011106338,パイロ Pyro(米),000a01176a
2019104316,マクフィ Makfi(英),000a011c77,ハッピーセーラー,2011100650,ダンスインザダーク,1993109188
2019104321,ゴールドシップ,2009102739,ラプンツェル,2002106787,デヒア Dehere(米),000a0000df
2019104328,ハーツクライ,2001103038,ディアマンティナ Diamantina(米),000a011237,Seeking the Gold,000a001bea
2019104356,ザファクター,000a0130d0,バアゼルザウバー,2010103262,シンボリクリスエス,1999110099
2019104361,ルーラーシップ,2007103143,アイアムノココロ,2007102768,フジキセキ,1992109618
2019104374,ミッキーアイル,2011103916,マイネハッピー,2010105942,ブライアンズタイム Brian's Time(米),000a000082
2019104385,ジャスタウェイ,2009106461,エミレーツガール Emirate's Girl(亜),000a012e25,Lizard Island,000a0129b9
2019104386,トーセンファントム,2007102870,カグラグレイス,2013100457,エンパイアメーカー Empire Maker(米),000a010542
2019104409,ヴァンキッシュラン,2013105718,トーセンソニア,2008105789,ファンタスティックライト Fantastic Light(米),1996190005
2019104437,ディープインパクト,2002100816,Ryans Charm (米),000a013603,Heatseeker,000a012181
2019104447,キングカメハメハ,2001103460,アンチュラス,2009106569,ディープインパクト,2002100816
2019104448,ハーツクライ,2001103038,イッツオンリーアクティングダッド Itsonlyactingdad(米),000a0137a6,Giant's Causeway (米),000a0022e1
2019104451,モーリス,2011100655,ヴィクトリーマーチ,2007102649,アグネスタキオン,1998101516
2019104460,オルフェーヴル,2008102636,サザンフェアリー,2001110018,サザンヘイロー Southern Halo(米),000a00031e
2019104461,マジェスティックウォリアー Majestic Warrior(米),000a011e9c,サルサドゥーラ,2010104539,ゴールドアリュール,1999106689
2019104462,ダイワメジャー,2001103114,シーフロント Sea Front(仏),000a013886,Le Havre,000a01198f
2019104465,ドゥラメンテ,2012104511,スパニッシュクイーン Spanish Queen(米),000a012f0b,Tribal Rule,000a011b10
2019104467,オルフェーヴル,2008102636,セレスティアルキャット Celestial Cat(米),000a012545,Tale of the Cat (米),000a002276
2019104470,ロードカナロア,2008103552,チェリーペトルズ,2010104541,ダイワメジャー,2001103114
2019104475,リオンディーズ,2013105915,ドリームアドリーム,2011103513,ディープインパクト,2002100816
2019104476,キタサンブラック,2012102013,ナターレ,2008102623,クロフネ,1998110135
2019104478,フェノーメノ,2009106599,ヌチバナ,2008102618,キングカメハメハ,2001103460
2019104479,モーリス,2011100655,ハイリリー,2009106597,アグネスタキオン,1998101516
2019104483,ディープインパクト,2002100816,パーソナルダイアリー Personal Diary(米),000a0137a5,City Zip (米),000a0127e6
2019104486,ロードカナロア,2008103552,フォーエバーモア,2011103499,ネオユニヴァース,2000101426
2019104498,ダイワメジャー,2001103114,リトルゲルダ,2009110133,Closing Argument,000a011594
2019104518,イスラボニータ,2011103565,アイヴォリーカラー,2004102743,クロフネ,1998110135
2019104522,ジャスタウェイ,2009106461,アルーリングライフ,2007102995,フレンチデピュティ French Deputy(米),000a00013a
2019104525,キンシャサノキセキ,2003110212,ウィルパワー,2007103269,キングカメハメハ,2001103460
2019104528,ドゥラメンテ,2012104511,ヴァリディオル,2009106431,Dynaformer,000a001dd9
2019104531,オルフェーヴル,2008102636,エヴィータアルゼンティーナ Evita Argentina(米),000a011a47,Candy Ride,000a01132a
2019104533,ドレフォン Drefong(米),000a013b82,エスプリドパリ,2012104348,ハーツクライ,2001103038
2019104536,キンシャサノキセキ,2003110212,カイカヨソウ,2010104312,ティンバーカントリー Timber Country(米),000a00035e
2019104537,ドレフォン Drefong(米),000a013b82,カラフルデイズ,2008102625,フジキセキ,1992109618
2019104538,ハービンジャー Harbinger(英),000a011996,キャットコイン,2012104074,ステイゴールド,1994108729
2019104546,ハービンジャー Harbinger(英),000a011996,ゴールデンロッド,2011103664,キングカメハメハ,2001103460
2019104548,イスラボニータ,2011103565,サマーナイトシティ,1999106898,エリシオ Helissio(仏),1993190001
2019104549,ダイワメジャー,2001103114,サンヴァンサン,2007103098,クロフネ,1998110135
2019104550,ゴールドシップ,2009102739,サンクボヌール,2012104037,ハービンジャー Harbinger(英),000a011996
2019104551,ドゥラメンテ,2012104511,サンタエヴィータ,2011103572,Smart Strike (加),000a00211c
2019104556,ルーラーシップ,2007103143,シャルール,2012104065,ゼンノロブロイ,2000101517
2019104557,ロードカナロア,2008103552,ショウナンパンドラ,2011103584,ディープインパクト,2002100816
2019104558,ディープブリランテ,2009105084,シルクユニバーサル,2001102213,ブライアンズタイム Brian's Time(米),000a000082
2019104560,イスラボニータ,2011103565,シークレットジプシー Secret Gypsy(米),000a011add,Sea of Secrets,000a00fb8b
2019104561,Dutch Art (英),000a0121d7,シーティス,000a0142da,Invincible Spirit (愛),000a01056d
2019104564,リーチザクラウン,2006102923,スターズインヘヴン,2014105290,ワークフォース Workforce(英),000a011a7f
2019104571,ハービンジャー Harbinger(英),000a011996,セレブリティモデル,2010103939,キングカメハメハ,2001103460
2019104572,ディープインパクト,2002100816,タイムトラベリング,2004102771,ブライアンズタイム Brian's Time(米),000a000082
2019104586,ロードカナロア,2008103552,ビキニスタイル,2011103653,ディープインパクト,2002100816
2019104588,ジャスタウェイ,2009106461,ビートリックスキッド Beatrix Kiddo(仏),000a011501,Victory Note,000a01143b
2019104589,ダンカーク Dunkirk(米),000a012185,ピエリーナ,2011103644,チチカステナンゴ Chichicastenango(仏),000a011135
2019104590,マジェスティックウォリアー Majestic Warrior(米),000a011e9c,ピュリティゴールド,2014105286,ゴールドアリュール,1999106689
2019104592,キタサンブラック,2012102013,ファルネーゼ,2005102174,フレンチデピュティ French Deputy(米),000a00013a
2019104600,キタサンブラック,2012102013,ポーレン Pollen(愛),000a011cd8,Orpen,000a002326
2019104602,エイシンフラッシュ,2007102951,ミラグロッサ,2008102648,フジキセキ,1992109618
2019104606,ジャスタウェイ,2009106461,ライカート,2004102749,スウェプトオーヴァーボード Swept Overboard(米),000a00fa34
2019104607,リーチザクラウン,2006102923,ラタンバスケット,2006102947,タイキシャトル,1994109686
2019104613,ドゥラメンテ,2012104511,ルシルク Le Cirque(米),000a0117a1,Dynaformer,000a001dd9
2019104621,ジャスタウェイ,2009106461,アイアムルビー,2007110004,Saint Liam,000a010610
2019104632,ロードカナロア,2008103552,アラドヴァル,2009105749,シンボリクリスエス,1999110099
2019104635,ノヴェリスト Novellist(愛),000a012230,アルティメイトラブ,2009105790,シンボリクリスエス,1999110099
2019104636,ラブリーデイ,2010104298,アルテミスハート,2010103957,ハーツクライ,2001103038
2019104642,ダイワメジャー,2001103114,アンナモンダ Anna Monda(独),000a0111c2,Monsun,000a010db6
2019104644,ハーツクライ,2001103038,アンリミテッドバジェット Unlimited Budget(米),000a012946,ストリートセンス Street Sense(米),000a0113a2
2019104646,ヘニーヒューズ Henny Hughes(米),000a011155,アーバンレジェンド,2010103866,アグネスタキオン,1998101516
2019104657,ルーラーシップ,2007103143,ウイングレット,2001103057,タイキシャトル,1994109686
2019104658,ハーツクライ,2001103038,ウィンドハック Windhuk(独),000a0111c4,Platini (独),1989109107
2019104660,ローエングリン,1999106738,ウララカ,2006103084,ワイルドラッシュ Wild Rush(米),000a0003a1
2019104665,マジェスティックウォリアー Majestic Warrior(米),000a011e9c,エアティアーモ,2007102719,ロージズインメイ Roses in May(米),000a010a10
2019104666,エピファネイア,2010104155,エアマグダラ,2003102492,サンデーサイレンス Sunday Silence(米),000a00033a
2019104671,ドレフォン Drefong(米),000a013b82,エクスプレスレーン,2013105427,ディープインパクト,2002100816
2019104674,ハービンジャー Harbinger(英),000a011996,エバーブロッサム,2010103752,ディープインパクト,2002100816
2019104675,ディーマジェスティ,2013104704,エマソング Emma Song(米),000a013da5,Unbridled's Song (米),000a002071
2019104678,リーチザクラウン,2006102923,エミーズプライド,2012104160,キングカメハメハ,2001103460
2019104682,トーセンラー,2008102985,オッティマルーチェ,2004110119,Fusaichi Pegasus,000a0022cf
2019104685,ドゥラメンテ,2012104511,オメガエンブレム,2009105760,ウォーエンブレム War Emblem(米),000a00fa35
2019104686,ミッキーアイル,2011103916,オメガクリスマス,2007102745,クロフネ,1998110135
2019104687,ドゥラメンテ,2012104511,オメガスピリット,2001102438,スピニングワールド Spinning World(米),000a000325
2019104688,ローエングリン,1999106738,オメガセニョリーナ,2009105814,アグネスタキオン,1998101516
2019104697,ショウナンカンプ,1998102595,オーバーレイ,2014105626,ダイワメジャー,2001103114
2019104700,ディープインパクト,2002100816,カウアイレーン,2006104791,キングカメハメハ,2001103460
2019104703,オルフェーヴル,2008102636,カトマンブルー Kathmanblu(米),000a0124c9,Bluegrass Cat,000a01173d
2019104705,ディープインパクト,2002100816,カラライナ Curalina(米),000a013878,Curlin (米),000a011734
2019104711,ディープインパクト,2002100816,カンビーナ Cambina(愛),000a0124c6,Hawk Wing,000a010d4d
2019104712,スピルバーグ,2009105961,キトゥンズグレイス,2013105377,Kitten's Joy (米),000a0119b3
2019104720,ロードカナロア,2008103552,クラウンプリンセス,2004103160,スペシャルウィーク,1995103211
2019104721,ロードカナロア,2008103552,クラリスピンク,2008102916,ネオユニヴァース,2000101426
2019104726,キンシャサノキセキ,2003110212,グランディフローラ,2012104364,メイショウサムソン,2003102205
2019104729,キングカメハメハ,2001103460,コイウタ,2003102486,フジキセキ,1992109618
2019104730,イスラボニータ,2011103565,コッパ Coppa(米),000a013ebd,Yesbyjimminy,000a013e31
2019104732,ディープインパクト,2002100816,コンテスティッド Contested(米),000a0120cc,Ghostzapper,000a010525
2019104733,キングカメハメハ,2001103460,コンテッサトゥーレ,2012104153,ディープインパクト,2002100816
2019104735,ハービンジャー Harbinger(英),000a011996,コートシャルマン,2012104217,ハーツクライ,2001103038
2019104738,キタサンブラック,2012102013,サウンドバリアー,2007101512,アグネスデジタル,1997110025
2019104740,ドゥラメンテ,2012104511,サザンスターズ Southern Stars(英),000a013892,Smart Strike (加),000a00211c
2019104742,ディープインパクト,2002100816,サボールアトリウンフォ Sabor a Triunfo(智),000a013093,Dance Brightly,000a00fcba
2019104746,ロードカナロア,2008103552,サンテミリオン,2007102958,ゼンノロブロイ,2000101517
2019104747,ハーツクライ,2001103038,ザッハーマイン,2005110040,Mineshaft (米),000a010545
2019104750,ディープインパクト,2002100816,シアードラマ Sheer Drama(米),000a013875,Burning Roma,000a013729
2019104756,エイシンフラッシュ,2007102951,シャリオドール,2013105462,ヴィクトワールピサ,2007102923
2019104761,ハーツクライ,2001103038,シルヴァーカップ Silver Cup(愛),000a010eb1,Almutawakel,000a01064e
2019104762,ジャスタウェイ,2009106461,シーエスシルク C. S. Silk(米),000a0120cd,Medaglia d'Oro,000a010a65
2019104764,イスラボニータ,2011103565,ジェットスパークル,2006103036,シンボリクリスエス,1999110099
2019104767,キタサンブラック,2012102013,ジュエラー,2013105582,ヴィクトワールピサ,2007102923
2019104768,Gun Runner (米),000a0138fb,ジュリエットシアトル Giuliet Seattle(亜),000a01440c,Seattle Fitz,000a01430b
2019104769,Kitten's Joy (米),000a0119b3,ジョイフルビクトリー Joyful Victory(加),000a01440d,Tapit (米),000a011248
2019104773,ディープインパクト,2002100816,スターシップトラッフルズ Starship Truffles(米),000a012f02,Ghostzapper,000a010525
2019104776,ロゴタイプ,2010103783,ステラプラド,2008102876,ハーツクライ,2001103038
2019104784,ハービンジャー Harbinger(英),000a011996,セウアズール,2011104252,ディープインパクト,2002100816
2019104800,ロードカナロア,2008103552,ダイワミランダ,2012104278,ハービンジャー Harbinger(英),000a011996
2019104805,ロードカナロア,2008103552,ダリシア Dalicia(独),000a011800,Acatenango,000a001f0b
2019104808,ハービンジャー Harbinger(英),000a011996,ダンスアミーガ,2011104307,サクラバクシンオー,1989108341
2019104816,ハービンジャー Harbinger(英),000a011996,チョコレートバイン,2011104253,ディープインパクト,2002100816
2019104818,ミッキーアイル,2011103916,テイラーバートン,2007102903,ジャングルポケット,1998101786
2019104822,キングカメハメハ,2001103460,デリキットピース,2006103004,ホワイトマズル White Muzzle(英),1990109700
2019104825,ハーツクライ,2001103038,トップデサイル Top Decile(米),000a013daa,Congrats (米),000a010687
2019104828,キングカメハメハ,2001103460,ドバウィハイツ Dubawi Heights(英),000a011de0,Dubawi,000a0115e2
2019104831,ジャスタウェイ,2009106461,ナッシングバットドリームズ,000a012eca,Frankel,000a01239b
2019104838,ディープインパクト,2002100816,ハウオリ,2006100448,キングカメハメハ,2001103460
2019104841,ドレフォン Drefong(米),000a013b82,ハラペーニョペパー,2012104484,ゼンノロブロイ,2000101517
2019104842,ストロングリターン,2006102934,ハルマッタン,2012104406,マンハッタンカフェ,1998101554
2019104843,ハービンジャー Harbinger(英),000a011996,ハロックライン,2013105667,キングカメハメハ,2001103460
2019104845,オルフェーヴル,2008102636,バイナリーコード,2012104247,ネオユニヴァース,2000101426
2019104850,スピルバーグ,2009105961,パドパピヨン,2012104211,スウェプトオーヴァーボード Swept Overboard(米),000a00fa34
2019104853,ハービンジャー Harbinger(英),000a011996,パーティードレス,2011104230,デュランダル,1999106756
2019104861,ルーラーシップ,2007103143,ピュアマインド,2008102879,ティンバーカントリー Timber Country(米),000a00035e
2019104868,エピファネイア,2010104155,ファビュラスセンス,2006103038,グラスワンダー,1995108676
2019104874,イスラボニータ,2011103565,フリアアステカ Furia Azteca(亜),000a013dad,Zensational,000a0119b2
2019104877,ストロングリターン,2006102934,フレンチノワール,2005102347,フレンチデピュティ French Deputy(米),000a00013a
2019104878,ロードカナロア,2008103552,フレンチビキニ,2002100626,サンデーサイレンス Sunday Silence(米),000a00033a
2019104882,ジャスタウェイ,2009106461,ブッシュファイヤー Bushfire(米),000a011168,Louis Quatorze (米),000a002275
2019104896,ディープインパクト,2002100816,プレミアステップス Premier Steps(愛),000a0129c1,Footstepsinthesand (英),000a0111b5
2019104899,キズナ,2010105827,ベアトリスII Beatrice(英),000a012970,Dr Fong (米),000a010571
2019104901,ロードカナロア,2008103552,ベイトゥベイ Bay to Bay(米),000a0120cb,Sligo Bay,000a011fef
2019104903,ハービンジャー Harbinger(英),000a011996,ベラフォレスタ,2011104475,ゼンノロブロイ,2000101517
2019104907,ダイワメジャー,2001103114,ホワイトローズII White Rose(米),000a01387a,Tapit (米),000a011248
2019104908,ハービンジャー Harbinger(英),000a011996,ホーカーハリケーン,2006103135,ネオユニヴァース,2000101426
2019104909,スクリーンヒーロー,2004103328,ボルドグザグ Boldogsag(仏),000a0120eb,Layman,000a012049
2019104911,イスラボニータ,2011103565,マイジェン My Jen(米),000a0120d2,Fusaichi Pegasus,000a0022cf
2019104913,ダイワメジャー,2001103114,マジェスティッククオリティ Majestic Quality(米),000a013eb9,Quality Road,000a011cff
2019104915,トーセンラー,2008102985,マチカネハヤテ,2005102387,サクラバクシンオー,1989108341
2019104918,キングカメハメハ,2001103460,マルセリーナ,2008103009,ディープインパクト,2002100816
2019104922,スクリーンヒーロー,2004103328,ミスラゴ Miss Lago(愛),000a0120ef,Encosta de Lago,000a0112ca
2019104924,ドゥラメンテ,2012104511,ミッドナイトフラッシュ Midnight Flash(愛),000a013e71,Anabaa Blue,000a011385
2019104928,スピルバーグ,2009105961,ミルシャイナー,2005102411,シンボリクリスエス,1999110099
2019104929,ダイワメジャー,2001103114,ムニラー Munirah(米),000a012f03,Kitten's Joy (米),000a0119b3
2019104937,キズナ,2010105827,ラセレシオン,2012104126,ゼンノロブロイ,2000101517
2019104952,キンシャサノキセキ,2003110212,ルンバロッカ Rumba Loca(愛),000a010649,Sri Pekan,000a00223f
2019104953,ドゥラメンテ,2012104511,ルーヴインペリアル Louve Imperiale(米),000a013e6f,Giant's Causeway (米),000a0022e1
2019104958,エピファネイア,2010104155,レッツサッチャー,2011104463,フレンチデピュティ French Deputy(米),000a00013a
2019104962,スクリーンヒーロー,2004103328,レッドカーラ,2012104243,マンハッタンカフェ,1998101554
2019104963,エピファネイア,2010104155,レッドガナドーラ,2009110038,Bernardini (米),000a0111fe
2019104968,イスラボニータ,2011103565,レディイン Lady Ying(仏),000a00ff4a,Kendor,000a001be4
2019104976,イスラボニータ,2011103565,ロングホットサマー Long Hot Summer(米),000a013eb8,Street Boss,000a0116a2
2019104981,ディープインパクト,2002100816,クイーンズアドヴァイス Queen's Advice(亜),000a013799,Orpen,000a002326
2019104982,ディープインパクト,2002100816,ドライヴンスノー Driven Snow(米),000a012f78,Storm Cat (米),000a001a98
2019104983,ハーツクライ,2001103038,プラヤデシエルタ Playa Desierta(亜),000a01379c,Orpen,000a002326
2019104984,ディープインパクト,2002100816,ペルフォルマーダ Performada(亜),000a01379d,Jump Start,000a010b86
2019104997,ヘニーヒューズ Henny Hughes(米),000a011155,ブルザンインディゴ,2011102788,フジキセキ,1992109618
2019104998,ザファクター,000a0130d0,レッドメアラス,2012103841,ステイゴールド,1994108729
2019105008,ドレフォン Drefong(米),000a013b82,ツーオブアス,2009105859,フジキセキ,1992109618
2019105023,ダンカーク Dunkirk(米),000a012185,アイスドール,2003102943,キャプテンスティーヴ Captain Steve(米),000a000d9d
2019105032,ロードカナロア,2008103552,アゲヒバリ,2004102955,クロフネ,1998110135
2019105039,ドレフォン Drefong(米),000a013b82,アドマイヤセプター,2008103077,キングカメハメハ,2001103460
2019105040,ドゥラメンテ,2012104511,アドマイヤテレサ,2000101626,エリシオ Helissio(仏),1993190001
2019105041,ロードカナロア,2008103552,アドマイヤテンバ,2007103116,クロフネ,1998110135
2019105044,ロードカナロア,2008103552,アドマイヤミヤビ,2014106242,ハーツクライ,2001103038
2019105045,ハーツクライ,2001103038,アナアメリカーナ Ana Americana(仏),000a012516,American Post,000a011997
2019105048,モーリス,2011100655,アビラ Abyla(英),000a0111cb,ロックオブジブラルタル,000a00fd4c
2019105051,エピファネイア,2010104155,アメジストリング,2004102846,フジキセキ,1992109618
2019105056,ドレフォン Drefong(米),000a013b82,アロマティコ,2009106257,キングカメハメハ,2001103460
2019105058,ルーラーシップ,2007103143,アンナヴァン,2001103430,エンドスウィープ End Sweep(米),000a00010f
2019105059,ルーラーシップ,2007103143,アンブロワーズ,2002101007,フレンチデピュティ French Deputy(米),000a00013a
2019105060,モーリス,2011100655,アンレール,2010104270,ディープインパクト,2002100816
2019105062,ハービンジャー Harbinger(英),000a011996,アーデルハイト,2007103292,アグネスタキオン,1998101516
2019105063,ドゥラメンテ,2012104511,アートプリンセス Art Princess(米),000a011e14,Officer,000a0108d0
2019105064,ジャスタウェイ,2009106461,アーマイン Ermine(米),000a011503,Exchange Rate,000a011433
2019105065,キズナ,2010105827,アールブリュット,2012104535,マクフィ Makfi(英),000a011c77
2019105069,ディープインパクト,2002100816,イスパニダ Hispanidad(亜),000a013e81,Pure Prize,000a011252
2019105073,ドゥラメンテ,2012104511,インクルードベティ Include Betty(米),000a013db1,Include,000a010906
2019105074,リオンディーズ,2013105915,インダクティ,2008103319,ハーツクライ,2001103038
2019105075,ドレフォン Drefong(米),000a013b82,インナーアージ,2010104322,ディープインパクト,2002100816
2019105076,ディープインパクト,2002100816,ウィキッドリーパーフェクト Wickedly Perfect(米),000a011ad9,Congrats (米),000a010687
2019105078,ハーツクライ,2001103038,ウイングステルス Wing Stealth(愛),000a012f88,Hawk Wing,000a010d4d
2019105079,ダイワメジャー,2001103114,ウィーミスフランキー Weemissfrankie(米),000a012060,Sunriver,000a011ff7
2019105080,ディープインパクト,2002100816,ウェイヴェルアベニュー Wavell Avenue(加),000a013dbd,Harlington,000a013c7f
2019105084,キズナ,2010105827,ウォークロニクル,2012104605,ウォーエンブレム War Emblem(米),000a00fa35
2019105087,ハービンジャー Harbinger(英),000a011996,ヴァイスハイト,2004102929,アドマイヤベガ,1996107396
2019105088,ブラックタイド,2001103312,ヴァンフレーシュ,2010104207,サクラバクシンオー,1989108341
2019105090,キタサンブラック,2012102013,ヴィアンローズ Viane Rose(仏),000a010bf2,Sevres Rose,000a010a17
2019105091,シルバーステート,2013105903,ヴィヴィッドカラー,2004102837,ダンスインザダーク,1993109188
2019105095,キズナ,2010105827,ヴィンテージドール,2012104499,ホワイトマズル White Muzzle(英),1990109700
2019105096,ドレフォン Drefong(米),000a013b82,ヴィンテージローズ,2011104128,ゼンノロブロイ,2000101517
2019105101,クロフネ,1998110135,エイグレット,2000101618,サンデーサイレンス Sunday Silence(米),000a00033a
2019105103,ディープインパクト,2002100816,エクセレンスII Xcellence(仏),000a012f87,Champs Elysees,000a012551
2019105108,ルーラーシップ,2007103143,エバーシャルマン,2012104891,ハーツクライ,2001103038
2019105111,ハービンジャー Harbinger(英),000a011996,エポキシ,2009106178,ディープインパクト,2002100816
2019105112,カレンブラックヒル,2009106230,エラクレーア,2013110034,Raven's Pass,000a011d04
2019105116,ミッキーアイル,2011103916,エレンウィルモット,2002102275,ブライアンズタイム Brian's Time(米),000a000082
2019105118,ワールドエース,2009106353,エンプレスティアラ,2004102891,クロフネ,1998110135
2019105120,エピファネイア,2010104155,オリエンタルポピー,2011103981,キングカメハメハ,2001103460
2019105126,カラヴァッジオ,000a014315,オールドタイムワルツ Old Time Waltz(米),000a01435b,War Front,000a011d00
2019105128,ディープインパクト,2002100816,カヴァートラブ Covert Love(愛),000a013614,Azamour (愛),000a01053b
2019105133,ジャスタウェイ,2009106461,カトマンドゥ Katmandoune(仏),000a012105,Country Reel,000a012054
2019105134,ハービンジャー Harbinger(英),000a011996,カラフルブラッサム,2010104227,ハーツクライ,2001103038
2019105136,ダイワメジャー,2001103114,カリスペル Kalispell(愛),000a013e75,Singspiel (愛),1992190005
2019105139,ドゥラメンテ,2012104511,カレドニアレディ,000a013eb4,Firebreak (英),000a01031a
2019105140,カレンブラックヒル,2009106230,カレンオプシス,2012104775,サムライハート,2002100996
2019105141,ルーラーシップ,2007103143,カロンセギュール,2004110200,Forest Camp,000a010654
2019105142,ドレフォン Drefong(米),000a013b82,カンデラ,2012104905,ダイワメジャー,2001103114
2019105143,キタサンブラック,2012102013,カーニバルダクス,2012110119,Bernardini (米),000a0111fe
2019105144,ロードカナロア,2008103552,カービングパス,2012104757,ハービンジャー Harbinger(英),000a011996
2019105146,ルーラーシップ,2007103143,ガラアフェアー,2009106387,ダイワメジャー,2001103114
2019105148,ヘニーヒューズ Henny Hughes(米),000a011155,ガルデルスリール,2011103993,ダイワメジャー,2001103114
2019105150,ダイワメジャー,2001103114,キャッチータイトル,2003102900,オペラハウス Opera House(英),000a000d77
2019105154,ハーツクライ,2001103038,キラモサ Kirramosa(新),000a012f7a,Alamosa,000a012f1d
2019105155,ディープインパクト,2002100816,キラーグレイシス Killer Graces(米),000a01205f,Congaree,000a011591
2019105159,キングカメハメハ,2001103460,ギーニョ,2003102952,サンデーサイレンス Sunday Silence(米),000a00033a
2019105161,ロードカナロア,2008103552,クィーンズバーン,2008103175,スペシャルウィーク,1995103211
2019105168,ハーツクライ,2001103038,クルソラ Cursora(亜),000a01118f,Candy Stripes,000a00fe3c
2019105169,ハービンジャー Harbinger(英),000a011996,クルミナル,2012104599,ディープインパクト,2002100816
2019105170,トゥザワールド,2011103975,クルージンミジー,2009110123,Mizzen Mast,000a0109d3
2019105171,リオンディーズ,2013105915,クレアドール,2011104052,ハーツクライ,2001103038
2019105172,エピファネイア,2010104155,クレオール,2012104914,チチカステナンゴ Chichicastenango(仏),000a011135
2019105174,リオンディーズ,2013105915,クロフォード,2007103220,フジキセキ,1992109618
2019105175,エピファネイア,2010104155,クロンヌ,2014105919,ダイワメジャー,2001103114
2019105177,キタサンブラック,2012102013,クーデグレイス,2006103197,ホワイトマズル White Muzzle(英),1990109700
2019105185,ドレフォン Drefong(米),000a013b82,グローリアスデイズ,2001103340,サンデーサイレンス Sunday Silence(米),000a00033a
2019105186,ドレフォン Drefong(米),000a013b82,ケアレスウィスパー,2004102857,フジキセキ,1992109618
2019105187,ハービンジャー Harbinger(英),000a011996,ケイティーズハート,2009106142,ハーツクライ,2001103038
2019105188,キンシャサノキセキ,2003110212,ゲットクローサー,2012104847,ワイルドラッシュ Wild Rush(米),000a0003a1
2019105190,ジャスタウェイ,2009106461,コズミックショア,2010110108,Elusive Quality,000a00231f
2019105191,キタサンブラック,2012102013,コナブリュワーズ,2010104036,キングカメハメハ,2001103460
2019105193,シルバーステート,2013105903,コンカラン,2007104061,ジャングルポケット,1998101786
2019105194,ディープインパクト,2002100816,コンドコマンド Condo Commando(米),000a012f06,Tiz Wonderful,000a011c23
2019105195,ハーツクライ,2001103038,コーステッド Coasted(米),000a013daf,Tizway (米),2005190007
2019105197,キタサンブラック,2012102013,ゴールドエッセンス,2012104748,キングカメハメハ,2001103460
2019105204,モーリス,2011100655,サブトゥエンティ,2012104887,キングカメハメハ,2001103460
2019105207,ディープインパクト,2002100816,サロミナ Salomina(独),000a0121c3,Lomitas,000a00fe91
2019105209,エピファネイア,2010104155,サングレアル,2011104004,ゼンノロブロイ,2000101517
2019105213,ハービンジャー Harbinger(英),000a011996,サンブルエミューズ,2010104050,ダイワメジャー,2001103114
2019105214,ドゥラメンテ,2012104511,ザキア Zakia(仏),000a013e41,New Approach,000a011656
2019105218,ドレフォン Drefong(米),000a013b82,シナジーウィスパー,2010104054,ネオユニヴァース,2000101426
2019105224,ドレフォン Drefong(米),000a013b82,シャンボールフィズ,2009105993,キングカメハメハ,2001103460
2019105225,ダイワメジャー,2001103114,シュガーショック Sugar Shock(米),000a012f05,Candy Ride,000a01132a
2019105226,ハービンジャー Harbinger(英),000a011996,シュプリームギフト,2008103205,ディープインパクト,2002100816
2019105229,キタサンブラック,2012102013,ショウリュウムーン,2007101578,キングカメハメハ,2001103460
2019105232,ロードカナロア,2008103552,シルバーフォックス,2008103277,クロフネ,1998110135
2019105237,ミッキーアイル,2011103916,シンハリーズ Singhalese(英),000a011191,Singspiel (愛),1992190005
2019105238,キンシャサノキセキ,2003110212,シーイズトウショウ,2000102386,サクラバクシンオー,1989108341
2019105239,ディープインパクト,2002100816,シーヴ Sheave(米),000a0137fc,Mineshaft (米),000a010545
2019105241,サトノアラジン,2011104063,シーカーマ C Karma(米),000a011ada,Exchange Rate,000a011433
2019105250,パイロ Pyro(米),000a01176a,ジェントルヴァウ,2012110086,Broken Vow,000a0101a0
2019105252,モーリス,2011100655,ジュベルアリ,2013105993,ディープインパクト,2002100816
2019105256,ロードカナロア,2008103552,ジンジャーパンチ Ginger Punch(米),000a0117a0,Awesome Again (加),000a0021cb
2019105258,ドレフォン Drefong(米),000a013b82,スウェアトウショウ,2008100662,ディープインパクト,2002100816
2019105262,クロフネ,1998110135,スプレンダークラン,2014105981,ルーラーシップ,2007103143
2019105264,ルーラーシップ,2007103143,スペルオンミー,2011103778,ダイワメジャー,2001103114
2019105265,ドレフォン Drefong(米),000a013b82,スマイルシャワー,2011103871,シンボリクリスエス,1999110099
2019105271,キタサンブラック,2012102013,セットプレイ Set Play(米),000a012949,Van Nistelrooy,000a010c3f
2019105272,ディープブリランテ,2009105084,セルキス Selkis(独),000a011d97,Monsun,000a010db6
2019105276,ブラックタイド,2001103312,ソングライティング,2013110090,Giant's Causeway (米),000a0022e1
2019105277,ディープインパクト,2002100816,タイタンクイーン,000a012321,Tiznow,000a00fa4b
2019105281,ドレフォン Drefong(米),000a013b82,ターシャズスター,000a0121b2,Spanish Steps,000a0120bc
2019105283,ハーツクライ,2001103038,ダストアンドダイヤモンズ Dust and Diamonds(米),000a0137a4,Vindication,000a010544
2019105285,ロードカナロア,2008103552,チアズメッセージ,2000102044,サンデーサイレンス Sunday Silence(米),000a00033a
2019105286,ハーツクライ,2001103038,チェリーコレクト Cherry Collect(愛),000a012130,Oratorio,000a010d4e
2019105287,ドレフォン Drefong(米),000a013b82,チャイナドール,2001103381,スペシャルウィーク,1995103211
2019105292,ミッキーアイル,2011103916,ティッカーコード,2012104719,Giant's Causeway (米),000a0022e1
2019105293,ロードカナロア,2008103552,ティッカーテープ Ticker Tape(英),000a011de4,Royal Applause,000a010615
2019105296,イスラボニータ,2011103565,ティンバレス,2012104717,ウォーエンブレム War Emblem(米),000a00fa35
2019105297,キズナ,2010105827,ティールグリーン,2013110123,Scat Daddy (米),000a0114fe
2019105298,ディープインパクト,2002100816,テディーズプロミス Teddy's Promise(米),000a012f0a,Salt Lake,000a001f5a
2019105300,ハーツクライ,2001103038,テルアケリー Tell a Kelly(米),000a01294a,Tapit (米),000a011248
2019105301,ハーツクライ,2001103038,テーブルロンド Table Ronde(愛),000a01379e,Astronomer Royal,000a0136f4
2019105302,ハービンジャー Harbinger(英),000a011996,ディアデラノビア,2002100954,サンデーサイレンス Sunday Silence(米),000a00033a
2019105305,ディープインパクト,2002100816,ディエンティ,000a012f6f,Storm Cat (米),000a001a98
2019105308,ドレフォン Drefong(米),000a013b82,デイトユアドリーム,2006103379,トワイニング Twining(米),000a000006
2019105312,ドレフォン Drefong(米),000a013b82,ディープラヴ,2011103897,ディープインパクト,2002100816
2019105314,ジャスタウェイ,2009106461,トゥザハピネス,2009106245,シンボリクリスエス,1999110099
2019105317,ダイワメジャー,2001103114,トップライナーII Topliner(米),000a011e13,サンダーガルチ Thunder Gulch(米),000a00035c
2019105318,スクリーンヒーロー,2004103328,トレジャーステイト,2012104941,Oasis Dream (英),000a010d4f
2019105322,ハーツクライ,2001103038,ドバイマジェスティ Dubai Majesty(米),000a011a63,Essence of Dubai,000a0119b8
2019105329,ドゥラメンテ,2012104511,ハイドバウンド Hidebound(亜),000a011cdb,Grand Slam,000a0022b9
2019105330,ドレフォン Drefong(米),000a013b82,ハッピーアビラ,2009106070,ディープインパクト,2002100816
2019105333,モーリス,2011100655,ハピネスダンサー,2011103837,メイショウサムソン,2003102205
2019105334,ハーツクライ,2001103038,ハルーワスウィート,2001103409,Machiavellian,000a001c1d
2019105336,ロードカナロア,2008103552,ハープスター,2011104000,ディープインパクト,2002100816
2019105337,ダイワメジャー,2001103114,ハーレクイーン Harlequeen(英),000a013e76,Canford Cliffs (愛),000a0127a5
2019105338,モーリス,2011100655,バウンスシャッセ,2011104105,ゼンノロブロイ,2000101517
2019105340,ドゥラメンテ,2012104511,バランセラ Barancella(仏),000a011522,Acatenango,000a001f0b
2019105341,スクリーンヒーロー,2004103328,バロネスサッチャー Baroness Thatcher(米),000a011a67,ヨハネスブルグ Johannesburg(米),000a0103b9
2019105344,ヘニーヒューズ Henny Hughes(米),000a011155,パシフィックギャル,2011103737,ゼンノロブロイ,2000101517
2019105345,ロードカナロア,2008103552,パストフォリア,2009106261,シンボリクリスエス,1999110099
2019105346,ディープインパクト,2002100816,パレスルーマー Palace Rumor(米),000a0124d2,Royal Anthem,000a00fa49
2019105347,モーリス,2011100655,パンデイア,2012104875,ディープインパクト,2002100816
2019105350,エピファネイア,2010104155,パープルセイル,2011103819,フジキセキ,1992109618
2019105354,ドゥラメンテ,2012104511,ヒストリックスター,2005102664,ファルブラヴ Falbrav(愛),1998190004
2019105358,ドレフォン Drefong(米),000a013b82,ビアンカシェボン,2010104324,フジキセキ,1992109618
2019105359,ドレフォン Drefong(米),000a013b82,ビキニブロンド,2009106375,キングカメハメハ,2001103460
2019105366,ブラックタイド,2001103312,ピクシーホロウ,2010106209,キングヘイロー,1995104427
2019105369,ドゥラメンテ,2012104511,ピュアブリーゼ,2008103279,Monsun,000a010db6
2019105370,ハービンジャー Harbinger(英),000a011996,ピュクシス,2010104267,シンボリクリスエス,1999110099
2019105376,Frankel,000a01239b,ファイネストシティ Finest City(米),000a014353,City Zip (米),000a0127e6
2019105377,ロードカナロア,2008103552,ファシネートダイア,2009106248,アグネスタキオン,1998101516
2019105379,ドレフォン Drefong(米),000a013b82,ファンシーミューズ,2011104090,ゴールドアリュール,1999106689
2019105383,ジャスタウェイ,2009106461,フェルミオン,2006103313,アグネスタキオン,1998101516
2019105391,キングカメハメハ,2001103460,フロアクラフト,2010104347,フジキセキ,1992109618
2019105392,クロフネ,1998110135,フロールデセレッソ,2004103003,スウェプトオーヴァーボード Swept Overboard(米),000a00fa34
2019105394,クロフネ,1998110135,ブチコ,2012104646,キングカメハメハ,2001103460
2019105396,キタサンブラック,2012102013,ブラックエンブレム,2005102480,ウォーエンブレム War Emblem(米),000a00fa35
2019105398,エピファネイア,2010104155,ブルーメンブラット,2003102993,アドマイヤベガ,1996107396
2019105399,ロードカナロア,2008103552,プチノワール,2005102710,Singspiel (愛),1992190005
2019105400,ドゥラメンテ,2012104511,プラウドスペル Proud Spell(米),000a0124bd,Proud Citizen,000a0105b8
2019105404,ドレフォン Drefong(米),000a013b82,プリンセスカメリア,2001103478,サンデーサイレンス Sunday Silence(米),000a00033a
2019105409,モーリス,2011100655,プロクリス,2011104095,キングカメハメハ,2001103460
2019105412,サトノアラジン,2011104063,ベットーレ,000a0139a1,Blu Air Force,000a01289c
2019105413,アジアエクスプレス,2011110091,ベッライリス,2012104817,ディープインパクト,2002100816
2019105414,ディープインパクト,2002100816,ベネンシアドール,2006103329,キングカメハメハ,2001103460
2019105415,ドゥラメンテ,2012104511,ベルアリュールII Belle Allure(愛),000a011a9d,Numerous,000a002191
2019105416,ハーツクライ,2001103038,ベルスリーブ,2005102620,シンボリクリスエス,1999110099
2019105420,モーリス,2011100655,ベルワトリング Belle Watling(智),000a011df9,Dushyantor,000a011d8d
2019105421,ハーツクライ,2001103038,ペイトンドーロ Payton d'Oro(米),000a0120d5,Medaglia d'Oro,000a010a65
2019105429,ディープブリランテ,2009105084,ボランス,2005102487,Montjeu (愛),1996190001
2019105434,ハーツクライ,2001103038,ポロンナルワ,2008103176,Rahy,000a001c5e
2019105436,Union Rags,000a012d4c,マイハッピーフェイス My Happy Face(米),000a014417,Tiz Wonderful,000a011c23
2019105439,ロードカナロア,2008103552,マジックタイム,2011103946,ハーツクライ,2001103038
2019105440,キズナ,2010105827,マチカネタマカズラ,2003110090,Kingmambo (米),000a001d7e
2019105441,リアルインパクト,2008103244,マトリョーシカ,2011103736,クロフネ,1998110135
2019105445,ハービンジャー Harbinger(英),000a011996,マラムデール,2011104022,フレンチデピュティ French Deputy(米),000a00013a
2019105446,ビッグアーサー,2011103328,マリアヴァレリア,2001103476,サンデーサイレンス Sunday Silence(米),000a00033a
2019105448,キングカメハメハ,2001103460,マルシアーノ,2010104114,フジキセキ,1992109618
2019105449,ロードカナロア,2008103552,マルティンスターク,2005102704,シンボリクリスエス,1999110099
2019105450,ロードカナロア,2008103552,マンデラ Mandela(独),000a011190,Acatenango,000a001f0b
2019105451,ハーツクライ,2001103038,マンドゥラ Mandura(独),000a0120f4,Danehill Dancer (愛),000a002309
2019105452,キタサンブラック,2012102013,マンビア Mambia(英),000a012f86,アルデバランII Aldebaran(米),000a010541
2019105454,エピファネイア,2010104155,マーブルケーキ,2011103886,キングカメハメハ,2001103460
2019105455,キングカメハメハ,2001103460,ミスエーニョ Mi Sueno(米),000a0124cc,Pulpit,000a002133
2019105456,ドゥラメンテ,2012104511,ミスセレンディピティ,000a013c82,Not for Sale,000a011fae
2019105457,ミッキーアイル,2011103916,ミスティックリップス Mystic Lips(独),000a011d57,ジェネラス Generous(愛),000a000148
2019105458,サトノアラジン,2011104063,ミスティークII Mystique(独),000a0120f6,Monsun,000a010db6
2019105459,ロードカナロア,2008103552,ミスドバウィ,2013110037,Dubawi,000a0115e2
2019105460,ロードカナロア,2008103552,ミッキークイーン,2012104870,ディープインパクト,2002100816
2019105461,シルバーステート,2013105903,ミッキーパール,2007103145,タニノギムレット,1999100226
2019105462,ハーツクライ,2001103038,ミュージカルロマンス Musical Romance(米),000a01205d,Concorde's Tune,000a011ff4
2019105466,オウケンブルースリ,2005102548,ムーンフェイズ,2001103298,エリシオ Helissio(仏),1993190001
2019105469,ロードカナロア,2008103552,メジャーエンブレム,2013105840,ダイワメジャー,2001103114
2019105472,ロードカナロア,2008103552,モシーン Mosheen(豪),000a01216a,Fastnet Rock (豪),000a010601
2019105473,ドレフォン Drefong(米),000a013b82,モスカートローザ,2008103387,ディープインパクト,2002100816
2019105475,キングカメハメハ,2001103460,モルガナイト,2006103262,アグネスデジタル,1997110025
2019105476,ダイワメジャー,2001103114,モルジアナ,2012104626,Dubawi,000a0115e2
2019105477,ディープインパクト,2002100816,ヤンキーローズ Yankee Rose(豪),000a013bb2,All American,000a013b22
2019105478,ドレフォン Drefong(米),000a013b82,ユキチャン,2005102546,クロフネ,1998110135
2019105480,ディープインパクト,2002100816,ユーロシャーリーン Euro Charline(英),000a013896,Myboycharlie,000a012464
2019105482,カレンブラックヒル,2009106230,ライクザウインド,2000101535,デインヒル Danehill(米),000a0000d1
2019105483,ハービンジャー Harbinger(英),000a011996,ライツェント,2007103233,スペシャルウィーク,1995103211
2019105485,ハービンジャー Harbinger(英),000a011996,ライフフォーセール Life For Sale(亜),000a012104,Not for Sale,000a011fae
2019105487,ロードカナロア,2008103552,ライラプス,2002101006,フレンチデピュティ French Deputy(米),000a00013a
2019105490,ディープインパクト,2002100816,ラヴズオンリーミー Loves Only Me(米),000a01179f,Storm Cat (米),000a001a98
2019105492,キングカメハメハ,2001103460,ラキシス,2010104304,ディープインパクト,2002100816
2019105496,ロードカナロア,2008103552,ラストグルーヴ,2010104053,ディープインパクト,2002100816
2019105497,シルバーステート,2013105903,ラダームブランシェ,2012104532,チチカステナンゴ Chichicastenango(仏),000a011135
2019105498,ハーツクライ,2001103038,ラッキートゥビーミー Lucky to Be Me(米),000a013db2,Bernstein,000a010bae
2019105500,オルフェーヴル,2008102636,ラッドルチェンド,2010104341,Danehill Dancer (愛),000a002309
2019105505,ドレフォン Drefong(米),000a013b82,ラフィエスタ,2008103355,スペシャルウィーク,1995103211
2019105508,ロードカナロア,2008103552,ラルケット,2005102452,ファルブラヴ Falbrav(愛),1998190004
2019105510,ヘニーヒューズ Henny Hughes(米),000a011155,ランニングボブキャッツ,000a0121b7,Running Stag,000a010002
2019105511,キングカメハメハ,2001103460,リアアントニア Ria Antonia(米),000a01294c,Rockport Harbor,000a0111ff
2019105512,キタサンブラック,2012102013,リアリサトリス Realisatrice(仏),000a011dd1,Numerous,000a002191
2019105514,ドゥラメンテ,2012104511,リッチダンサー Rich Dancer(英),000a011531,Halling,000a002075
2019105519,キズナ,2010105827,リュシオル,2006103365,クロフネ,1998110135
2019105521,ロードカナロア,2008103552,リュラ,2013106020,ステイゴールド,1994108729
2019105523,キングカメハメハ,2001103460,リングネブラ,2009106376,ハーツクライ,2001103038
2019105525,Arrogate (米),000a013798,リーチング Reaching(愛),000a014419,Dansili,000a010a5f
2019105526,ジャスタウェイ,2009106461,ルナレガーロ,2010104077,アドマイヤムーン,2003102991
2019105528,モーリス,2011100655,ルミナスハッピー,2005102707,アグネスタキオン,1998101516
2019105532,エピファネイア,2010104155,ルールブリタニア,2013106109,ディープインパクト,2002100816
2019105533,ハーツクライ,2001103038,レイズアンドコール,2001103471,サクラバクシンオー,1989108341
2019105537,サトノアラジン,2011104063,レジェンドトレイル,2003102931,フレンチデピュティ French Deputy(米),000a00013a
2019105541,アジアエクスプレス,2011110091,レッドクラウディア,2009106164,アグネスタキオン,1998101516
2019105542,モーリス,2011100655,レッドジゼル,2010104173,アグネスタキオン,1998101516
2019105544,ハーツクライ,2001103038,レッドファンタジア,2010110012,Unbridled's Song (米),000a002071
2019105545,ハーツクライ,2001103038,レッドメデューサ,2009110039,Mr. Greeley,000a00213e
2019105546,モーリス,2011100655,レッドラヴィータ,2011103966,スペシャルウィーク,1995103211
2019105550,ドゥラメンテ,2012104511,レディホークフィールド Lady Hawkfield(愛),000a013db7,Hawk Wing,000a010d4d
2019105551,ディーマジェスティ,2013104704,レトII Leto(米),000a0117c4,Diesis,000a001815
2019105552,ハービンジャー Harbinger(英),000a011996,レネットグルーヴ,2010104041,キングカメハメハ,2001103460
2019105555,リオンディーズ,2013105915,レーヴルシード,2014106245,ディープインパクト,2002100816
2019105556,ドゥラメンテ,2012104511,ロカ,2012104903,ハービンジャー Harbinger(英),000a011996
2019105558,ロジユニヴァース,2006103140,ロジフェローズ,2007105940,タニノギムレット,1999100226
2019105559,ドゥラメンテ,2012104511,ロジプリンセス,2010104291,ディープインパクト,2002100816
2019105560,リオンディーズ,2013105915,ロスヴァイセ,2011103783,シンボリクリスエス,1999110099
2019105565,キングカメハメハ,2001103460,ローザブランカ,2005102733,クロフネ,1998110135
2019105566,モーリス,2011100655,ローザボニータ,2009106414,ディープインパクト,2002100816
2019105570,ディープインパクト,2002100816,ローブティサージュ,2010104278,ウォーエンブレム War Emblem(米),000a00fa35
2019105571,ドゥラメンテ,2012104511,ローマンエンプレス Roman Empress(愛),000a012940,Sadler's Wells (米),000a00185d
2019105572,ルーラーシップ,2007103143,ワイルドラズベリー,2007103255,ファルブラヴ Falbrav(愛),1998190004
2019105578,ラブリーデイ,2010104298,ユメノトキメキ,2007101582,マーベラスサンデー,1992103687
2019105580,ラニ,2013110045,カラフル,2015104011,ブラックタイド,2001103312
2019105587,トゥザグローリー,2007103265,トーセンウーノ,2006100781,シンボリクリスエス,1999110099
2019105604,アジアエクスプレス,2011110091,プレシャスフラワー,2001105204,サンデーサイレンス Sunday Silence(米),000a00033a
2019105609,サトノアラジン,2011104063,ワレンダラッド,2005102000,ワレンダー Wallenda(米),000a000396
2019105628,ハーツクライ,2001103038,インザスポットライト In The Spotlight(愛),000a013e80,Exceed And Excel,000a010a61
2019105631,ヘニーヒューズ Henny Hughes(米),000a011155,エミーズレシピ,2013103502,エンパイアメーカー Empire Maker(米),000a010542
2019105634,ドレフォン Drefong(米),000a013b82,サオヒメ,2002100383,サンデーサイレンス Sunday Silence(米),000a00033a
2019105637,エピファネイア,2010104155,スターシンフォニー,2010104094,アグネスタキオン,1998101516
2019105643,ハービンジャー Harbinger(英),000a011996,パンデリング,2014106100,キングカメハメハ,2001103460
2019105649,シニスターミニスター Sinister Minister(米),000a011099,ポップチャート,2003102988,アフリート Afleet(加),000a000013
2019105654,ブラックタイド,2001103312,メジロスプレンダー,2006102657,シンボリクリスエス,1999110099
2019105655,キンシャサノキセキ,2003110212,メジロフォーナ,2005102029,ナリタトップロード,1996102442
2019105656,モーリス,2011100655,メジロマリアン,2006102668,メジロベイリー,1998101457
2019105658,リオンディーズ,2013105915,ルージュクール,2008110125,Redoute's Choice,000a00fe93
2019105659,ハーツクライ,2001103038,レッドエルザ,2010110011,Smart Strike (加),000a00211c
2019105674,トゥザワールド,2011103975,ヘイハニー,2006105707,Cherokee Run,000a00214a
2019105678,ダノンレジェンド,2010110102,クインズキンバリー,2013104157,ゼンノロブロイ,2000101517
2019105709,コパノリッキー,2010106548,バックアタック,2007100060,アグネスデジタル,1997110025
2019105738,イスラボニータ,2011103565,ヴィーナスベルト,2013103948,コンデュイット Conduit(愛),2005190006
2019105741,イスラボニータ,2011103565,エリモフェザー,2010101787,シニスターミニスター Sinister Minister(米),000a011099
2019105745,ロージズインメイ Roses in May(米),000a010a10,オヒア,2012101421,ブラックタイド,2001103312
2019105746,ロージズインメイ Roses in May(米),000a010a10,オメガフレグランス,2007102877,ゴールドアリュール,1999106689
2019105748,エピファネイア,2010104155,オートクレール,2011100647,デュランダル,1999106756
2019105752,ヴァンセンヌ,2009106525,キョウエイアン,1999102312,フォーティナイナー Forty Niner(米),000a000134
2019105753,ロードカナロア,2008103552,キョウエイトルース,1997106004,フジキセキ,1992109618
2019105754,アイルハヴアナザー I'll Have Another(米),000a011ed3,ギャラクシーセレブ,2013101515,ブラックタイド,2001103312
2019105755,スクリーンヒーロー,2004103328,クラックコード,2004103297,ダンスインザダーク,1993109188
2019105759,ロージズインメイ Roses in May(米),000a010a10,シチリアーナ,2005106279,メイショウオウドウ,1995101767
2019105760,マツリダゴッホ,2003104570,シュヴァリエ,2011101881,フレンチデピュティ French Deputy(米),000a00013a
2019105761,ジョーカプチーノ,2006100529,ジェルヴェーズ,2012104251,メイショウサムソン,2003102205
2019105764,ゴールドシップ,2009102739,スノースタイル,1999100117,ホワイトマズル White Muzzle(英),1990109700
2019105765,トーセンジョーダン,2006103169,スピリテッドエアー,2009110032,Danehill Dancer (愛),000a002309
2019105766,イスラボニータ,2011103565,スプリングボード,2000102582,アサティス Assatis(米),1985109002
2019105768,ベーカバド Behkabad(仏),000a011dc0,スマートシンパシー,2004105307,ダンスインザダーク,1993109188
2019105773,ヘニーヒューズ Henny Hughes(米),000a011155,タマヒカル,2002102475,パラダイスクリーク Paradise Creek(米),1989109110
2019105775,キングカメハメハ,2001103460,ツーデイズノーチス,2006101393,ヘクタープロテクター Hector Protector(米),000a000d6b
2019105776,ディープインパクト,2002100816,ティズトレメンダス,2010110032,Tiz Wonderful,000a011c23
2019105777,マツリダゴッホ,2003104570,テルヌーヴ,2012110032,Henrythenavigator (米),000a0116fd
2019105784,エイシンヒカリ,2011101273,ニューコローラ,2012102821,New Approach,000a011656
2019105792,トーセンラー,2008102985,パリージョ,2007100725,タイキシャトル,1994109686
2019105793,ディープインパクト,2002100816,ビーコンターン Beacon Tarn(英),000a0137a0,Shamardal (米),000a010c92
2019105794,ゴールドシップ,2009102739,ピッツネイル,2011101879,クロフネ,1998110135
2019105795,ゴールドシップ,2009102739,ファンシーリシェス,2012103683,キングカメハメハ,2001103460
2019105798,イスラボニータ,2011103565,フォーハピネス,2009103333,ファスリエフ Fasliyev(米),000a00fc4c
2019105806,トーセンラー,2008102985,プレシャスドロップ,2003104556,フレンチデピュティ French Deputy(米),000a00013a
2019105807,エイシンフラッシュ,2007102951,ヘレナモルフォ,2009102309,ジャングルポケット,1998101786
2019105808,ゴールドシップ,2009102739,ホウオウサブリナ,2015104903,ルーラーシップ,2007103143
2019105817,ディープインパクト,2002100816,メリッサ,2004104138,ホワイトマズル White Muzzle(英),1990109700
2019105819,ロージズインメイ Roses in May(米),000a010a10,ヤマサラグランジュ,2005100084,サクラバクシンオー,1989108341
2019105822,イスラボニータ,2011103565,ラインレジーナ,2002100873,サクラバクシンオー,1989108341
2019105824,ブラックタイド,2001103312,リトルビスケット,2005100236,タニノギムレット,1999100226
2019105830,ストロングリターン,2006102934,ワイキューブ,2003104550,アグネスタキオン,1998101516
2019105844,ディーマジェスティ,2013104704,クインズプレイヤー,2004104185,トウカイテイオー,1988101025
2019105847,ヘニーヒューズ Henny Hughes(米),000a011155,サンドヴィーナス,2005100147,マンハッタンカフェ,1998101554
2019105849,ドレフォン Drefong(米),000a013b82,シティウェルズ City Wells(加),000a013869,City Zip (米),000a0127e6
2019105857,マクフィ Makfi(英),000a011c77,チャームピクチャー,2004105073,ダンスインザダーク,1993109188
2019105859,マクフィ Makfi(英),000a011c77,テンシンランマン,2010104455,ハーツクライ,2001103038
2019105860,シニスターミニスター Sinister Minister(米),000a011099,ナリタジューン,2003106389,フジキセキ,1992109618
2019105877,ディーマジェスティ,2013104704,レディクローリス,2001106264,フォーティナイナー Forty Niner(米),000a000134
2019105908,ジャスタウェイ,2009106461,グランドウイズダム,2013103247,キングカメハメハ,2001103460
2019105913,キズナ,2010105827,ベガグレシヤス,2007100183,アドマイヤドン,1999107052
2019105915,マジェスティックウォリアー Majestic Warrior(米),000a011e9c,インファクト,2013103612,ダイワメジャー,2001103114
2019105938,ロードカナロア,2008103552,ステラリード,2007106439,スペシャルウィーク,1995103211
2019105964,モーリス,2011100655,イントゥザストーム,2009102925,ディープインパクト,2002100816
2019105967,ディスクリートキャット Discreet Cat(米),000a0113a1,コテキタイ,2009103520,サウスヴィグラス,1996110138
2019105968,ロードカナロア,2008103552,ゴールドチェイス,2010102652,アドマイヤムーン,2003102991
2019105972,ロードカナロア,2008103552,サンビスタ,2009103532,スズカマンボ,2001103890
2019105975,ヘニーヒューズ Henny Hughes(米),000a011155,スズカエルマンボ,2005100297,シンボリクリスエス,1999110099
2019105976,キタサンブラック,2012102013,スズカエンジェル,2004104304,High Yield (米),000a00fd81
2019105979,エピファネイア,2010104155,デラモーレ,2008100281,ディープインパクト,2002100816
2019105981,オルフェーヴル,2008102636,トップオブザヘヴン,2007100235,キングカメハメハ,2001103460
2019105993,シニスターミニスター Sinister Minister(米),000a011099,ファーストレディ,2008100289,スマートボーイ,1995100385
2019105995,ジャスタウェイ,2009106461,フレンチリヴィエラ French Riviera(米),000a00ff55,フレンチデピュティ French Deputy(米),000a00013a
2019105996,ヘニーヒューズ Henny Hughes(米),000a011155,プリモタイム,2004104311,ブライアンズタイム Brian's Time(米),000a000082
2019106001,ドゥラメンテ,2012104511,ホワイトクルーザー,2006100951,クロフネ,1998110135
2019106027,ベーカバド Behkabad(仏),000a011dc0,フレアキャスケード,2003105424,エルコンドルパサー,1995108742
2019106028,エスケンデレヤ,000a012cc0,ボンセジュール,2011102554,ダイワメジャー,2001103114
2019106030,ジョーカプチーノ,2006100529,バアゼルローズ,2000103883,サンダーガルチ Thunder Gulch(米),000a00035c
2019106031,リアルインパクト,2008103244,インソムニア,2012105365,エンパイアメーカー Empire Maker(米),000a010542
2019106048,エピファネイア,2010104155,エアパスカル,2005102706,ウォーエンブレム War Emblem(米),000a00fa35
2019106069,コパノリッキー,2010106548,シュウザンアイ,2002104615,アフリート Afleet(加),000a000013
2019106076,ビッグアーサー,2011103328,ケイアイエーデル,2005106637,トワイニング Twining(米),000a000006
2019106097,ディーマジェスティ,2013104704,ケイティクロス,2014104530,バトルプラン Battle Plan(米),000a0118e8
2019106099,アグネスデジタル,1997110025,ラブユー,2011102027,マーベラスサンデー,1992103687
2019106102,キズナ,2010105827,イニシャルダブル,2010103683,ウォーエンブレム War Emblem(米),000a00fa35
2019106104,ザファクター,000a0130d0,タイムピース,2014100579,ルーラーシップ,2007103143
2019106105,ジャスタウェイ,2009106461,パチャママ,2009101572,ファスリエフ Fasliyev(米),000a00fc4c
2019106107,ブラックタイド,2001103312,ラプザントゥール,2011104558,キングカメハメハ,2001103460
2019106113,ワールドエース,2009106353,メイケイペガムーン,2010102760,アドマイヤムーン,2003102991
2019106118,ザファクター,000a0130d0,ミヤビキラメキ,2013104268,ハーツクライ,2001103038
2019106119,コパノリッキー,2010106548,ミヤビグローリー,2009101160,アグネスタキオン,1998101516
2019106139,マジェスティックウォリアー Majestic Warrior(米),000a011e9c,オービーレディー,2008100380,コマンダーインチーフ Commander in Chief(英),000a0000b0
2019106143,ドゥラメンテ,2012104511,ダイアゴナルクロス,2010103788,シンボリクリスエス,1999110099
2019106146,ジャスタウェイ,2009106461,フレンチドール,2006106463,フレンチデピュティ French Deputy(米),000a00013a
2019106148,ドレフォン Drefong(米),000a013b82,ポリアフ,2012104881,キングカメハメハ,2001103460
2019106165,シニスターミニスター Sinister Minister(米),000a011099,デアリングワールド,2003102590,エンドスウィープ End Sweep(米),000a00010f
2019106179,ジョーカプチーノ,2006100529,ドキドキマドンナ,2011102067,クロフネ,1998110135
2019106183,ハーツクライ,2001103038,カフェブリリアント,2010102841,ブライアンズタイム Brian's Time(米),000a000082
2019106184,キズナ,2010105827,カフジジュエル,2014104597,Dalakhani,000a01098f
2019106194,ディープインパクト,2002100816,マルケサ Marquesa(米),000a013804,Kingmambo (米),000a001d7e
2019106214,シニスターミニスター Sinister Minister(米),000a011099,サンタテレサ,2014105803,ドリームジャーニー,2004102753
2019106226,エピファネイア,2010104155,アドマイヤマリリン,2010104956,アグネスタキオン,1998101516
2019106239,ザファクター,000a0130d0,シンワウォッカ,2009105658,シーキングザダイヤ,2001110220
2019106251,ラブリーデイ,2010104298,グレースグランド,2011101943,アドマイヤムーン,2003102991
2019106269,パドトロワ,2007102760,サクラカスケード,2005100445,マンハッタンカフェ,1998101554
2019106280,シルバーステート,2013105903,サクラクローバー,2007100475,サウスヴィグラス,1996110138
2019106290,シルバーステート,2013105903,プリンセスメモリー,2007102972,スウェプトオーヴァーボード Swept Overboard(米),000a00fa34
2019106293,キンシャサノキセキ,2003110212,ラブディラン,2009103765,Dylan Thomas (愛),000a011072
2019106305,トゥザワールド,2011103975,チェリースマイル,2012103172,サクラバクシンオー,1989108341
2019106307,アメリカンペイトリオット,000a013bba,メモリアルイヤー,2008103928,ゴールドアリュール,1999106689
2019106321,モーリス,2011100655,エルラディユー,2012110087,Unbridled's Song (米),000a002071
2019106330,ホッコータルマエ,2009100921,サティーヌアロム,2014104794,シンボリクリスエス,1999110099
2019106333,リオンディーズ,2013105915,サトノジュエル,2009103846,アグネスタキオン,1998101516
2019106334,ダンカーク Dunkirk(米),000a012185,サトノニーケ,2014104786,マンハッタンカフェ,1998101554
2019106335,ブラックタイド,2001103312,サトノラミア,2009103886,ブライアンズタイム Brian's Time(米),000a000082
2019106339,ハーツクライ,2001103038,シェリレーヌ,2014104729,Mineshaft (米),000a010545
2019106340,ホッコータルマエ,2009100921,シャンパントパーズ,2010102984,ワイルドラッシュ Wild Rush(米),000a0003a1
2019106357,ディープインパクト,2002100816,バディーラ Badeelah(米),000a011ac4,Unbridled's Song (米),000a002071
2019106364,ヘニーヒューズ Henny Hughes(米),000a011155,フェミニンガール,2001110158,Kingmambo (米),000a001d7e
2019106368,キンシャサノキセキ,2003110212,ブロンコーネ,2003105107,ブライアンズタイム Brian's Time(米),000a000082
2019106369,エピファネイア,2010104155,プレシャスメイト,2012103180,ステイゴールド,1994108729
2019106382,ディープインパクト,2002100816,ミリアグラシア,2010110038,Flashy Bull,000a011b18
2019106385,マクフィ Makfi(英),000a011c77,メイクヒストリー,2001104235,サンデーサイレンス Sunday Silence(米),000a00033a
2019106387,カレンブラックヒル,2009106230,モアスマイル,2005100579,ホワイトマズル White Muzzle(英),1990109700
2019106388,アメリカンペイトリオット,000a013bba,モーニングコール,2010102996,ブライアンズタイム Brian's Time(米),000a000082
2019106390,エピファネイア,2010104155,ラストメッセージ,2008100598,ジャングルポケット,1998101786
2019106399,ゴールドシップ,2009102739,ワスレナグサ,2005100600,アグネスデジタル,1997110025
2019106409,ルーラーシップ,2007103143,ゴールドヴァレー,2010103081,ブライアンズタイム Brian's Time(米),000a000082
2019106410,キズナ,2010105827,ザフラッツ The Flats(米),000a011dda,Giant's Causeway (米),000a0022e1
2019106414,キングカメハメハ,2001103460,パープル Purple(愛),000a01386c,Galileo (愛),000a00232b
2019106416,キンシャサノキセキ,2003110212,ピサノレインボー,2006110003,Rainbow Quest (米),000a001b4d
2019106419,キズナ,2010105827,ミーシャレヴュー,2009103972,アグネスタキオン,1998101516
2019106426,クロフネ,1998110135,ニホンピロチャンス,2010102749,メイショウボーラー,2001100650
2019106449,コパノリッキー,2010106548,キモンレッド,2008100726,サウスヴィグラス,1996110138
2019106470,アイファーソング,2008100386,エフシア,2005100049,アグネスデジタル,1997110025
2019106471,アイファーソング,2008100386,キシュウリベンジ,2009105692,グリーンアプローズ,1994109559
2019106475,シニスターミニスター Sinister Minister(米),000a011099,アサケゴマ,2010103144,クロフネ,1998110135
2019106488,マクフィ Makfi(英),000a011c77,スフィンクス,2009104055,リンカーン,2000101561
2019106491,ラニ,2013110045,レーヴドベティ,2008100761,ロックオブジブラルタル,000a00fd4c
2019106502,リオンディーズ,2013105915,ボイルトウショウ,2011102321,ケイムホーム Came Home(米),000a0108d1
2019106503,キタサンブラック,2012102013,ポワティエ,2011103976,Le Havre,000a01198f
2019106510,キタサンブラック,2012102013,スキャンパー Scamper(英),000a01388e,Oasis Dream (英),000a010d4f
2019106513,コパノリッキー,2010106548,テツナゴオ,2010103891,ハーツクライ,2001103038
2019106520,ロードカナロア,2008103552,ホワイトエレガンス,2012103409,クロフネ,1998110135
2019106521,シニスターミニスター Sinister Minister(米),000a011099,ホワットアスポット What a Spot(米),000a013e1a,Arch (米),000a0021b7
2019106526,ビッグアーサー,2011103328,ユキノマーメイド,2003105308,スペシャルウィーク,1995103211
2019106527,キズナ,2010105827,レディインディ Lady Indy(米),000a0114e8,A.P. Indy,000a001d37
2019106573,サトノアラジン,2011104063,アラピンタ Alapinta(英),000a013e35,Medicean,000a010a19
2019106575,ゼンノロブロイ,2000101517,ヴィヴァシャスヴィヴィアン Vivacious Vivian(米),000a0117f9,Distorted Humor (米),000a0022ea
2019106576,ダイワメジャー,2001103114,エレアノラデュース Eleanora Duse(愛),000a013e36,Azamour (愛),000a01053b
2019106581,パイロ Pyro(米),000a01176a,サトノベリーニ,2013104794,キングカメハメハ,2001103460
2019106593,ザファクター,000a0130d0,ネオシルヴィア,2008101532,ネオユニヴァース,2000101426
2019106604,リオンディーズ,2013105915,マーヴェリックス,2010104060,Smart Strike (加),000a00211c
2019106608,ルーラーシップ,2007103143,ワイドサファイア,2006102921,アグネスタキオン,1998101516
2019106611,ワールドエース,2009106353,エアディケム,2002105259,フレンチデピュティ French Deputy(米),000a00013a
2019106615,ルーラーシップ,2007103143,エイジアンウインズ,2004103179,フジキセキ,1992109618
2019106618,ブラックタイド,2001103312,グローバルソング,2004105019,ブライアンズタイム Brian's Time(米),000a000082
2019106623,ディーマジェスティ,2013104704,テンザンコノハナ,2004105025,カリズマティック Charismatic(米),000a00fa33
2019106632,スズカコーズウェイ,2004104345,タイムトゥラン,2004104288,ブライアンズタイム Brian's Time(米),000a000082
2019106637,アポロキングダム,2003110139,アンジュデトワール,2012104567,スペシャルウィーク,1995103211
2019106670,エピファネイア,2010104155,エナチャン,2012104566,キンシャサノキセキ,2003110212
2019106671,マジェスティックウォリアー Majestic Warrior(米),000a011e9c,エリモトゥデイ,2006100031,ワイルドラッシュ Wild Rush(米),000a0003a1
2019106677,シニスターミニスター Sinister Minister(米),000a011099,ベストレート,2013106068,ゼンノロブロイ,2000101517
2019106678,ドレフォン Drefong(米),000a013b82,ホーマンピクシー,2007103702,キングカメハメハ,2001103460
2019106682,ロードカナロア,2008103552,ロックマイハート Rock My Heart(独),000a012952,Sholokhov,000a01196d
2019106684,ポアゾンブラック,2009102733,アマノブラウニイー,2007102089,サクラバクシンオー,1989108341
2019106688,クリエイターII Creator(米),000a013630,タマモボレロ,2012103543,ハーツクライ,2001103038
2019106690,エスポワールシチー,2005102837,チャームダンス,2003105515,アフリート Afleet(加),000a000013
2019106691,エスポワールシチー,2005102837,ビットアリエス,2011102929,ヨハネスブルグ Johannesburg(米),000a0103b9
2019106696,サトノアラジン,2011104063,グリーンサンライズ,2004105615,サッカーボーイ,1985103538
2019106698,ヴァンセンヌ,2009106525,シーダーアラジ,1999101059,アラジ Arazi(米),000a00003b
2019106699,トランセンド,2006104736,テアトロレアル,2013105999,シンボリクリスエス,1999110099
2019106700,ダノンレジェンド,2010110102,ハルダル,2007100935,ゴールドアリュール,1999106689
2019106701,フリオーソ,2004106867,バルフューレント,2010105585,ファスリエフ Fasliyev(米),000a00fc4c
2019106702,イスラボニータ,2011103565,パワーオブフェイス,2001104702,オジジアン Ogygian(米),000a00025e
2019106704,ディーマジェスティ,2013104704,エニシノイト,2010106586,スウェプトオーヴァーボード Swept Overboard(米),000a00fa34
2019106707,ロゴタイプ,2010103783,アンドモアアゲイン Andmoreagain(米),000a0117d2,Distorted Humor (米),000a0022ea
2019106714,アジアエクスプレス,2011110091,ジュラーレ,2013104873,ジャングルポケット,1998101786
2019106716,ドゥラメンテ,2012104511,フィロパトール,2009100977,ジャングルポケット,1998101786
2019106730,マクフィ Makfi(英),000a011c77,ピンクチャリス,2008103174,アグネスタキオン,1998101516
2019106739,ドゥラメンテ,2012104511,スターズインハーアイズ Stars In Her Eyes(愛),000a00fe59,Woodman,000a001beb
2019106742,ジャスタウェイ,2009106461,ディヴァインクレア,2008101017,ディープインパクト,2002100816
2019106748,キングカメハメハ,2001103460,メイデイローズ May Day Rose(米),000a012047,Rockport Harbor,000a0111ff
2019106777,ディスクリートキャット Discreet Cat(米),000a0113a1,ヒメスズラン,2011104597,ゴールドアリュール,1999106689
2019106808,ミッキーアイル,2011103916,クエストフォーワンダー Quest For Wonder(英),000a013909,マクフィ Makfi(英),000a011c77
2019106815,モンテロッソ Monterosso(英),000a011b05,ツーソックス,2005105450,ファルブラヴ Falbrav(愛),1998190004
2019106821,ディープインパクト,2002100816,ポウリナズラヴ Paulina's Love(米),000a013880,Mizzen Mast,000a0109d3
2019106824,モーリス,2011100655,ラヴインザダーク,2006104804,ダンスインザダーク,1993109188
2019106842,ミュゼスルタン,2012104118,メイビーズエイム,2007103627,スペシャルウィーク,1995103211
2019106851,エイシンフラッシュ,2007102951,ビジョナリー,2011100346,ディープインパクト,2002100816
2019106854,ドゥラメンテ,2012104511,アシェラフ Ashraaf(米),000a0114a8,Deputy Minister,000a001849
2019106863,ダイワメジャー,2001103114,シュウギン,2010103426,スウェプトオーヴァーボード Swept Overboard(米),000a00fa34
2019106866,ヴィクトワールピサ,2007102923,ステラムーン,2011100890,アドマイヤムーン,2003102991
2019106868,ブラックタイド,2001103312,セレブデート,2012103741,キングカメハメハ,2001103460
2019106870,エイシンヒカリ,2011101273,タイキアプローズ,2000110011,Devil's Bag,000a001a8f
2019106877,キタサンブラック,2012102013,パーフェクトチャンス Perfect Chance(米),000a0114ad,Unbridled's Song (米),000a002071
2019106885,キズナ,2010105827,ホワイトソックス,2012110034,Scipion,000a0122fd
2019106894,キンシャサノキセキ,2003110212,ルージュノアール,2013104971,ストーミングホーム Storming Home(英),1998190003
2019106895,ドレフォン Drefong(米),000a013b82,ワイメアビーチ,2009104346,フジキセキ,1992109618
2019106923,ルーラーシップ,2007103143,ジェラテリアバール,2010103764,マンハッタンカフェ,1998101554
2019106925,マジェスティックウォリアー Majestic Warrior(米),000a011e9c,デザートオブムーン,2011104226,ゼンノロブロイ,2000101517
2019106929,パイロ Pyro(米),000a01176a,ブロンクスシルバー,2011104476,クロフネ,1998110135
2019106932,ドゥラメンテ,2012104511,ギエム,2014105859,Medaglia d'Oro,000a010a65
2019106933,キングカメハメハ,2001103460,クロウキャニオン,2002106979,フレンチデピュティ French Deputy(米),000a00013a
2019106938,メイショウボーラー,2001100650,ヴェイグストーリー,2009105726,ゴールドアリュール,1999106689
2019106954,コパノリッキー,2010106548,タマモメロディ,2007105096,ブライアンズタイム Brian's Time(米),000a000082
2019106962,モーリス,2011100655,フギン,2010110143,ストリートセンス Street Sense(米),000a0113a2
2019106964,パイロ Pyro(米),000a01176a,ハーリカ,2005105280,ブライアンズタイム Brian's Time(米),000a000082
2019106972,フリオーソ,2004106867,センスオブラヴ,2014104177,ストリートセンス Street Sense(米),000a0113a2
2019106985,トゥザグローリー,2007103265,ラストアウィン,1996100725,ラストタイクーン Last Tycoon(愛),000a0001d6
2019107004,アメリカンペイトリオット,000a013bba,サパス Sapas(米),000a010b3f,Kingmambo (米),000a001d7e
2019107007,アポロキングダム,2003110139,ハイパーラッシュ,2005101114,ワイルドラッシュ Wild Rush(米),000a0003a1
2019107016,ドレフォン Drefong(米),000a013b82,ノンキ,2003106096,サンデーサイレンス Sunday Silence(米),000a00033a
2019107025,オルフェーヴル,2008102636,クレバースプリント,2007106749,サクラバクシンオー,1989108341
2019107031,ルーラーシップ,2007103143,ビッグスマイル,2008104471,タニノギムレット,1999100226
2019107032,キングズベスト King's Best(米),000a0022d2,クサナギノツルギ,2007102814,デュランダル,1999106756
2019107061,ドゥラメンテ,2012104511,アトミカオロ Atomica Oro(亜),000a014271,Orpen,000a002326
2019107075,マクフィ Makfi(英),000a011c77,グローリールピナス,2006104267,マーベラスサンデー,1992103687
2019109053,ダノンシャーク,2008105554,グランカナリア,2005110073,Malibu Moon,000a010c8e
2019109094,リオンディーズ,2013105915,フリスコベイ,2009110062,ハードスパン Hard Spun(米),000a0116a1
2019109096,ミッキーアイル,2011103916,マウントフジ,2008109154,Orientate,000a010902
2019109100,ドゥラメンテ,2012104511,メイシャイン,2007103217,シンボリクリスエス,1999110099
2019109106,キタサンブラック,2012102013,キープレイヤー,2011109135,メイショウボーラー,2001100650
2019109109,ダイワメジャー,2001103114,ニイガッタメール,2005103187,シンボリクリスエス,1999110099
2019109133,ヴァンセンヌ,2009106525,イチザラブ,2012103752,タイムパラドックス,1998101683
2019109138,ケイムホーム Came Home(米),000a0108d1,コチョウサン,2011102006,クロフネ,1998110135
2019109159,パドトロワ,2007102760,チャップアップ Chap Up(米),000a011172,Langfuhr (加),000a0021ab
2019110001,Frankel,000a01239b,ショウナンアデラ,2012101324,ディープインパクト,2002100816
2019110007,American Pharoah (米),000a012aad,シャンパンルーム,000a014fce,Broken Vow,000a0101a0
2019110009,Ghostzapper,000a010525,Orphea,000a014fc3,Medaglia d'Oro,000a010a65
2019110013,Frosted (米),000a012b42,Meets Expectations,000a014fcc,Valid Expectations,000a002305
2019110015,Pioneerof the Nile,000a0122f5,ラナモン,000a014fcd,Sky Mesa,000a010a66
2019110016,Arrogate (米),000a013798,Stormy Sunday,000a012bc3,Sir Cat,000a002239
2019110020,Dark Angel,000a0122b4,Mad About You,000a013de8,Indian Ridge,000a001ef3
2019110026,Bobby's Kitten (米),000a013dc5,Granny Franny,000a013ccd,Grand Slam,000a0022b9
2019110031,Exceed And Excel,000a010a61,Middle Club,000a01986a,ファンタスティックライト Fantastic Light(米),1996190005
2019110040,New Approach,000a011656,ワディ,2011100584,パイロ Pyro(米),000a01176a
2019110042,Dark Angel,000a0122b4,Coyote,000a012718,Indian Ridge,000a001ef3
2019110045,Shamardal (米),000a010c92,リージェンシーロマンス Regency Romance(英),000a0127ea,ディクタット Diktat(英),1995190007
2019110051,Mohaymen,000a014f3b,She's Gonna Float,000a014fd1,Horse Chestnut,000a00fa46
2019110053,Arrogate (米),000a013798,Bodacious Babe,000a01a75b,Mineshaft (米),000a010545
2019110060,Optimizer,000a01a801,Sweeter Still,000a0155dc,ロックオブジブラルタル,000a00fd4c
2019110061,ストリートセンス Street Sense(米),000a0113a2,Endless Chatter,000a01a808,First Samurai,000a011157
2019110073,Arrogate (米),000a013798,Crosswinds,000a014f61,Storm Cat (米),000a001a98
2019110074,Tapit (米),000a011248,Stopchargingmaria (米),000a01a807,Tale of the Cat (米),000a002276
2019110076,ハードスパン Hard Spun(米),000a0116a1,Couture Cat,000a014fab,Storm Cat (米),000a001a98
2019110083,ストリートセンス Street Sense(米),000a0113a2,Chausie,000a01a92a,Bluegrass Cat,000a01173d
2019110085,Mohaymen,000a014f3b,Gold Glimmer,000a014286,Smart Strike (加),000a00211c
2019110086,More Than Ready,000a00fcdd,Her Majesty's Flag,000a01a92f,Midshipman,000a0123f5
2019110087,Speightstown (米),000a011200,Jolene,000a01a932,Malibu Moon,000a010c8e
2019110088,Arrogate (米),000a013798,Shop Again,000a01a933,Wild Again,000a00185f
2019110102,Practical Joke (米),000a0139d1,Untraveled,000a01ba32,Canadian Frontier,000a011290
2019110103,Practical Joke (米),000a0139d1,Valiant Emilia,000a01ba3d,Pegasus Wind,000a01ba22
2019110105,More Than Ready,000a00fcdd,Goodbye Stranger,000a01ba3f,Broad Brush,000a001e93
2019110106,Lord Nelson,000a01ba24,Appealing Stella,000a0145e2,Closing Argument,000a011594
2019110107,Frosted (米),000a012b42,Fancy Kitten,000a01ba43,Kitten's Joy (米),000a0119b3
2019110112,Candy Ride,000a01132a,Supreme,000a01ba4b,エンパイアメーカー Empire Maker(米),000a010542
2019110120,Quality Road,000a011cff,J. Quirk,000a01bacc,Unbridled's Song (米),000a002071
2019110122,Klimt,000a01bac0,Brave Cause,000a01bad1,Giant's Causeway (米),000a0022e1
2019110123,Connect,000a01babf,Wild Hoots,000a01baca,Unbridled's Song (米),000a002071
2019110124,ロードカナロア,2008103552,アルマンディン,2013105848,ステイゴールド,1994108729
2019110125,American Pharoah (米),000a012aad,More Than Real (米),000a01bb13,More Than Ready,000a00fcdd
2019110127,Dark Angel,000a0122b4,Soul of Houdini,000a01baed,Perfect Soul,000a01186e
2019110130,Maclean's Music,000a0139af,Wine Train,000a01bb3e,Tiz Wonderful,000a011c23
2020100007,アドマイヤムーン,2003102991,ペパーミントラヴ,2006103126,シンボリクリスエス,1999110099
2020100039,アジアエクスプレス,2011110091,ディレットリーチェ,2010103001,ダイワメジャー,2001103114
2020100046,バゴ Bago(仏),2001190004,ラリエット,2009102571,メイショウボーラー,2001100650
2020100052,シルバーステート,2013105903,ヴァナディース,2008103330,ロックオブジブラルタル,000a00fd4c
2020100053,シニスターミニスター Sinister Minister(米),000a011099,エクディス,2013106085,クロフネ,1998110135
2020100055,ミッキーアイル,2011103916,クールマギー,2013103472,キンシャサノキセキ,2003110212
2020100056,ジャスタウェイ,2009106461,クールユリア,2009102597,ケイムホーム Came Home(米),000a0108d1
2020100060,バトルプラン Battle Plan(米),000a0118e8,プレミアステイタス,2011104271,タニノギムレット,1999100226
2020100061,ダノンレジェンド,2010110102,ジュピターズビコー,2002110212,Singspiel (愛),1992190005
2020100072,サトノクラウン,2012104668,ワイキキブリーズ,2007103513,フレンチデピュティ French Deputy(米),000a00013a
2020100078,ドレフォン Drefong(米),000a013b82,ピアノボレロ,2007103526,ダンスインザダーク,1993109188
2020100081,アイファーソング,2008100386,アイファーイービス,2009101233,ブラックタキシード,1996107315
2020100084,レーヴミストラル,2012104929,インブルーム,2015103000,シンボリクリスエス,1999110099
2020100103,イスラボニータ,2011103565,エイシンノーティス,2011105569,キングカメハメハ,2001103460
2020100105,ファインニードル,2013100612,エーシンパナギア,2008101286,エイシンサンディ,1993103280
2020100116,リオンディーズ,2013105915,シャプレドサクレ,2014106290,タートルボウル Turtle Bowl(愛),000a012045
2020100121,ビッグアーサー,2011103328,フェルクレール,2013102278,ドリームジャーニー,2004102753
2020100130,パイロ Pyro(米),000a01176a,セドゥラマジー,2015105295,ダイワメジャー,2001103114
2020100131,マジェスティックウォリアー Majestic Warrior(米),000a011e9c,ホウライマリーン,2013100719,サウスヴィグラス,1996110138
2020100138,シルバーステート,2013105903,アルセナーレ,2013102296,クロフネ,1998110135
2020100142,ドゥラメンテ,2012104511,ヴィーヴル,2012102313,ディープインパクト,2002100816
2020100143,コパノリッキー,2010106548,エイトディズアパート Eight Days Apart(米),000a01115b,Forest Wildcat,000a0021d8
2020100144,キタサンブラック,2012102013,エンジェリックレイ,2010101354,ダイワメジャー,2001103114
2020100145,ロードカナロア,2008103552,オーシュペール,2009101530,ダイワメジャー,2001103114
2020100148,ロードカナロア,2008103552,キャトルフィーユ,2009101532,ディープインパクト,2002100816
2020100151,ジャスタウェイ,2009106461,サッカーマム Soccer Mom(米),000a010758,Kingmambo (米),000a001d7e
2020100157,ロードカナロア,2008103552,デルフィーノ,2011103449,ハーツクライ,2001103038
2020100160,ロードカナロア,2008103552,パステラリア,2014101104,エンパイアメーカー Empire Maker(米),000a010542
2020100162,ロードカナロア,2008103552,パーフェクトトリビュート,000a0128f2,Dubawi,000a0115e2
2020100166,ロードカナロア,2008103552,ブリュネット,2010101350,ダイワメジャー,2001103114
2020100168,ドレフォン Drefong(米),000a013b82,ポプラ,2015102379,Frankel,000a01239b
2020100172,エピファネイア,2010104155,ルアンジュ,2012102296,マンハッタンカフェ,1998101554
2020100173,ロードカナロア,2008103552,レキシールー Lexie Lou(加),000a013e42,Sligo Bay,000a011fef
2020100176,ルーラーシップ,2007103143,レディルージュ,2006103602,ブライアンズタイム Brian's Time(米),000a000082
2020100177,ロードカナロア,2008103552,ワイルドココ,000a012d45,Shirocco,000a010db9
2020100178,クリエイターII Creator(米),000a013630,エヴァ,2006103110,キングカメハメハ,2001103460
2020100189,リアルスティール,2012104889,アルテーロ,2014105908,ハービンジャー Harbinger(英),000a011996
2020100202,リアルスティール,2012104889,ソロデビュー,2009101565,シンボリクリスエス,1999110099
2020100206,リアルスティール,2012104889,レディナデシコ,2007103581,ワイルドラッシュ Wild Rush(米),000a0003a1
2020100209,ハーツクライ,2001103038,エーシンベロシティ,2005110019,Lemon Drop Kid,000a0022d0
2020100230,ラブリーデイ,2010104298,レッドオランジュ,2012104177,ステイゴールド,1994108729
2020100233,ハーツクライ,2001103038,シーソルティキッス,2014106004,キングカメハメハ,2001103460
2020100236,リアルスティール,2012104889,レッドアシェット,2011104169,ダイワメジャー,2001103114
2020100237,モーリス,2011100655,シャラントレディ,2007103176,フジキセキ,1992109618
2020100241,モーリス,2011100655,プリンセスフローラ,2010104279,キングカメハメハ,2001103460
2020100248,ジョーカプチーノ,2006100529,クールベット,2002103478,キングヘイロー,1995104427
2020100254,ネロ,2011103722,ニシノアモーレ,2014102696,コンデュイット Conduit(愛),2005190006
2020100257,イスラボニータ,2011103565,ポッドルージュ,2011105692,フレンチデピュティ French Deputy(米),000a00013a
2020100258,ネロ,2011103722,ラソ,2014100827,パイロ Pyro(米),000a01176a
2020100271,エイシンヒカリ,2011101273,エイシンミント,2013102395,ジャングルポケット,1998101786
2020100272,ダンカーク Dunkirk(米),000a012185,カルディア,2012102300,ゼンノロブロイ,2000101517
2020100273,ロゴタイプ,2010103783,シダクティヴリー Seductively(加),000a011520,サンダーガルチ Thunder Gulch(米),000a00035c
2020100289,シルバーステート,2013105903,ルドラ Rudra(仏),000a011529,Cape Cross,000a0022ae
2020100295,キンシャサノキセキ,2003110212,アミーキティア,2012100609,プリサイスエンド Precise End(米),000a00fe9b
2020100297,リアルスティール,2012104889,アンジュエ,2010105828,アグネスタキオン,1998101516
2020100301,キズナ,2010105827,セレブラール,2004101364,ボストンハーバー Boston Harbor(米),000a00007c
2020100305,サトノクラウン,2012104668,フィールドメジャー,2010104091,ダイワメジャー,2001103114
2020100306,モーリス,2011100655,モルトフェリーチェ,2009106047,ディープインパクト,2002100816
2020100307,ホッコータルマエ,2009100921,ヒラボクミラクル,2009103904,アグネスデジタル,1997110025
2020100342,シルバーステート,2013105903,アマルフィターナ,2007103340,シンボリクリスエス,1999110099
2020100343,エピファネイア,2010104155,アルフィルク,2009106216,アグネスタキオン,1998101516
2020100347,リアルインパクト,2008103244,セイクリッドフレイム Sacred Flame(米),000a011528,Rahy,000a001c5e
2020100351,ダイワメジャー,2001103114,ライブリーチューン Lively Tune(米),000a011166,Dixieland Band,000a0017b2
2020100353,ロゴタイプ,2010103783,ピンクガーター,2000101544,アフリート Afleet(加),000a000013
2020100355,レッドファルクス,2011104416,ワキノバクシン,2002101425,サクラバクシンオー,1989108341
2020100363,アジアエクスプレス,2011110091,クラシカルレディ,2014101304,キングズベスト King's Best(米),000a0022d2
2020100382,ホッコータルマエ,2009100921,ニシノメルモ,2007102503,スペシャルウィーク,1995103211
2020100383,リーチザクラウン,2006102923,ニシノラピート,2011103734,サウスヴィグラス,1996110138
2020100387,ホッコータルマエ,2009100921,フローラルウインド,2006102662,アグネスタキオン,1998101516
2020100401,モーリス,2011100655,ヒミノダンス,2006103939,ダンスインザダーク,1993109188
2020100406,キンシャサノキセキ,2003110212,キングアンドクイン,2012103723,キングカメハメハ,2001103460
2020100417,カレンブラックヒル,2009106230,ニシノキララコ,2014102322,アドマイヤムーン,2003102991
2020100418,ディスクリートキャット Discreet Cat(米),000a0113a1,ニシノケイト,2013106208,ゴールドアリュール,1999106689
2020100443,エーシントップ,2010110058,エイシンモルト,2011101527,ハーツクライ,2001103038
2020100446,ゴールドシップ,2009102739,カワカミサクラ Kawakami Sakura(愛),000a013646,Danehill Dancer (愛),000a002309
2020100462,シニスターミニスター Sinister Minister(米),000a011099,ラッキーマンボ,2010101664,スズカマンボ,2001103890
2020100472,デクラレーションオブウォー,000a0136f6,ジュエルメッセージ,2013102307,ダイワメジャー,2001103114
2020100482,ミッキーアイル,2011103916,ブイルージュ,1999105267,ウォーニング Warning(英),000a000843
2020100484,コパノリッキー,2010106548,アームズトウショウ,2006101310,コロナドズクエスト Coronado's Quest(米),000a0000b5
2020100495,ラブリーデイ,2010104298,フリティラリア,2010104504,アドマイヤムーン,2003102991
2020100497,モーリス,2011100655,プレシャスベガ,2011103614,キングカメハメハ,2001103460
2020100498,カレンブラックヒル,2009106230,マプチートカーユ,2015105574,フレンチデピュティ French Deputy(米),000a00013a
2020100500,エピファネイア,2010104155,リヴィエール,2011101574,ハーツクライ,2001103038
2020100508,ワンダーアキュート,2006106794,ゴールドターフ,2008103940,ゴールドアリュール,1999106689
2020100516,ドレフォン Drefong(米),000a013b82,ナイスクオリア,2011106124,キングカメハメハ,2001103460
2020100530,ミッキーアイル,2011103916,ワンダフルタイム,2011101948,サウスヴィグラス,1996110138
2020100551,ザサンデーフサイチ,2004102855,クイーンステッラ,2015105537,エンパイアメーカー Empire Maker(米),000a010542
2020100555,ホッコータルマエ,2009100921,トモトモリバー,2013102771,ブラックタイド,2001103312
2020100558,ドリームバレンチノ,2007104877,ブライトガーランド,2013100377,ダイワメジャー,2001103114
2020100572,リオンディーズ,2013105915,マダムチェロキー,2001105650,Cherokee Run,000a00214a
2020100583,ヘニーヒューズ Henny Hughes(米),000a011155,バイカターキン,2013102789,エンパイアメーカー Empire Maker(米),000a010542
2020100586,パイロ Pyro(米),000a01176a,エビスオール,2005110059,Chief Seattle,000a010bca
2020100589,ベストウォーリア,2010110127,ネイルドイット,2015104685,ワークフォース Workforce(英),000a011a7f
2020100592,ネロ,2011103722,ボムシェル,2003103747,キャプテンスティーヴ Captain Steve(米),000a000d9d
2020100593,サトノクラウン,2012104668,ローザディアマント,2008103280,スペシャルウィーク,1995103211
2020100604,ダンカーク Dunkirk(米),000a012185,ココモオレンジ,2008102812,キングカメハメハ,2001103460
2020100606,キタサンブラック,2012102013,スピニングレディ Spinning Lady(米),000a013867,ハードスパン Hard Spun(米),000a0116a1
2020100607,エピファネイア,2010104155,ナガラフラワー,2012105774,ダンスインザダーク,1993109188
2020100617,バトルプラン Battle Plan(米),000a0118e8,ティンタジェル,2009105638,キングカメハメハ,2001103460
2020100619,パイロ Pyro(米),000a01176a,ホワイトアルバム,2008102566,クロフネ,1998110135
2020100620,ゴールドシップ,2009102739,マイネアラベスク,2010110009,キングズベスト King's Best(米),000a0022d2
2020100621,ダノンバラード,2008103548,マイネアロマ,2007104369,ロージズインメイ Roses in May(米),000a010a10
2020100624,レインボーライン,2013106183,アノネノネ,2014104780,キングズベスト King's Best(米),000a0022d2
2020100629,ビーチパトロール Beach Patrol(米),000a0141f9,オールドフレイム,2014104728,ゼンノロブロイ,2000101517
2020100631,デクラレーションオブウォー,000a0136f6,ジーニアル,2012105801,キングカメハメハ,2001103460
2020100632,ドゥラメンテ,2012104511,スターズアラインド,000a013b87,Sea The Stars Sea the Stars(愛),000a011c78
2020100635,マジェスティックウォリアー Majestic Warrior(米),000a011e9c,ナイトフライト,2008104876,ゴールドアリュール,1999106689
2020100636,ジャスタウェイ,2009106461,ナニアヒアヒ,2014105823,キングカメハメハ,2001103460
2020100639,シャンハイボビー Shanghai Bobby(米),000a0127e4,フレンチトースト,2009101022,フレンチデピュティ French Deputy(米),000a00013a
2020100640,ドゥラメンテ,2012104511,プリオバーン Priomhbhean(愛),000a011dfb,Galileo (愛),000a00232b
2020100651,モーリス,2011100655,クールアンフルール,2006100304,サクラバクシンオー,1989108341
2020100652,ホッコータルマエ,2009100921,サラファン,2009101032,アグネスタキオン,1998101516
2020100655,サトノダイヤモンド,2013106101,フクシア,2008101994,ゴールドアリュール,1999106689
2020100656,サトノアラジン,2011104063,ラブレインボー,2010102020,フレンチデピュティ French Deputy(米),000a00013a
2020100665,モーリス,2011100655,ファーレサルティ,2006103200,ダンスインザダーク,1993109188
2020100673,ジャスタウェイ,2009106461,ヴォルカン,2016102374,ロードカナロア,2008103552
2020100678,モーリス,2011100655,シャブリ,2014103781,ディープインパクト,2002100816
2020100680,ディープブリランテ,2009105084,ショウナンカラット,2007102038,ブライアンズタイム Brian's Time(米),000a000082
2020100681,ハーツクライ,2001103038,スカイノダン,2006102794,サクラバクシンオー,1989108341
2020100683,ドゥラメンテ,2012104511,デプロマトウショウ,2009103950,ファスリエフ Fasliyev(米),000a00fc4c
2020100684,サトノアラジン,2011104063,ベルミュール,2010102047,キングカメハメハ,2001103460
2020100685,ラブリーデイ,2010104298,ポントマイコ,2010102053,ゼンノロブロイ,2000101517
2020100686,カレンブラックヒル,2009106230,マイダイナマイト,1997103952,ダイナマイトダディ,1988107348
2020100688,マジェスティックウォリアー Majestic Warrior(米),000a011e9c,ルーレットクイーン,2013103464,ドリームジャーニー,2004102753
2020100702,ルーラーシップ,2007103143,アグネスナチュラル,2006102875,サクラバクシンオー,1989108341
2020100707,ロードカナロア,2008103552,ウイングザムーン,2009101080,アドマイヤムーン,2003102991
2020100714,トビーズコーナー Toby's Corner(米),000a011fed,カネトシジュテーム,2014103799,キングズベスト King's Best(米),000a0022d2
2020100716,パイロ Pyro(米),000a01176a,カネトシビバーチェ,2011103410,キングカメハメハ,2001103460
2020100719,サトノダイヤモンド,2013106101,キャロルロゼ,2007102054,タイキシャトル,1994109686
2020100725,ビッグアーサー,2011103328,シンプリーディヴァイン Simply Divine(米),000a011ddc,Grand Slam,000a0022b9
2020100727,ホッコータルマエ,2009100921,スノーピアサー,2012105863,マンハッタンカフェ,1998101554
2020100733,ドレフォン Drefong(米),000a013b82,ティアップレーヴ,2010100275,クロフネ,1998110135
2020100734,キズナ,2010105827,テイケイラピッド,2012103951,スニッツェル Snitzel(豪),000a010eaa
2020100736,ビッグアーサー,2011103328,トロンボーン,2010102076,アグネスタキオン,1998101516
2020100741,ワールドエース,2009106353,フォーモサマンボ,2011103180,ノボジャック,1997110152
2020100742,ジャングルポケット,1998101786,ホッコーヴァール,2012101185,スタチューオブリバティ Statue of Liberty(米),000a0109d5
2020100747,エピファネイア,2010104155,ミュゲプリンセス,2013102564,エンパイアメーカー Empire Maker(米),000a010542
2020100759,ドレフォン Drefong(米),000a013b82,アルマディヴァン,2010106366,メジロベイリー,1998101457
2020100761,ゴールドシップ,2009102739,カラヴィンカ,2008110074,Bernardini (米),000a0111fe
2020100771,ホッコータルマエ,2009100921,ジョーイロンデル,2005101521,クロフネ,1998110135
2020100786,ディープエクシード,2013106228,シルヴィーボーテ,2013102956,キングカメハメハ,2001103460
2020100792,ハクサンムーン,2009102527,ハクサンサマー,2014103876,サマーバード Summer Bird(米),2006190002
2020100795,ミッキーアイル,2011103916,マルハチメイフェア,2006106730,ホワイトマズル White Muzzle(英),1990109700
2020100800,ダノンレジェンド,2010110102,ウインク,2005106043,ミラクルアドマイヤ,1995107939
2020100806,ホッコータルマエ,2009100921,メイショウアリス,2007101792,マンハッタンカフェ,1998101554
2020100809,ダノンバラード,2008103548,イオ,2012105517,タイキシャトル,1994109686
2020100810,ダノンバラード,2008103548,インティワタナ,2010101401,フサイチコンコルド,1993109220
2020100815,バゴ Bago(仏),2001190004,ウートゥルメール,2013106419,マンハッタンカフェ,1998101554
2020100818,ダノンレジェンド,2010110102,クォーク,2006100876,ネオユニヴァース,2000101426
2020100829,コパノリッキー,2010106548,プリンシプルレディ,2007102136,アグネスデジタル,1997110025
2020100838,カレンブラックヒル,2009106230,ラヴコマンダー,2001105375,コマンダーインチーフ Commander in Chief(英),000a0000b0
2020100847,シルバーステート,2013105903,リアライズナラック,2008110032,Fusaichi Pegasus,000a0022cf
2020100850,ゴールドアクター,2011105266,マオノココロ,2013103031,ヴァーミリアン,2002100877
2020100859,チェリークラウン,2004102428,チェリーグレイス,2008100721,ティンバーカントリー Timber Country(米),000a00035e
2020100864,サトノクラウン,2012104668,オリヴェット,2002106318,ダンスインザダーク,1993109188
2020100874,ダノンレジェンド,2010110102,サマーアクトレス,2005105261,サクラバクシンオー,1989108341
2020100892,ヘニーハウンド,2008110097,サフランパートナー,2010100058,アドマイヤボス,1997103699
2020100896,ビッグアーサー,2011103328,アンナペレンナ,2013110017,Tale of Ekati,000a012550
2020100897,ビッグアーサー,2011103328,ヴェリーバンブー,2010102251,ファルブラヴ Falbrav(愛),1998190004
2020100903,サトノダイヤモンド,2013106101,ブラックショコラ,2012106045,サウスヴィグラス,1996110138
2020100906,ビッグアーサー,2011103328,ルプス,2015103767,キングズベスト King's Best(米),000a0022d2
2020100909,ジャスタウェイ,2009106461,アドマイヤサブリナ,2010104205,シンボリクリスエス,1999110099
2020100912,キズナ,2010105827,オールブランニュー,2006100570,ノボジャック,1997110152
2020100914,リアルスティール,2012104889,カフジサファイア,2015103780,ロードカナロア,2008103552
2020100921,ディーマジェスティ,2013104704,スパイスフェアリー,2011102763,シニスターミニスター Sinister Minister(米),000a011099
2020100930,シニスターミニスター Sinister Minister(米),000a011099,マリアビスティー,2008103221,ハーツクライ,2001103038
2020100931,フリオーソ,2004106867,ムードン,2014103997,フレンチデピュティ French Deputy(米),000a00013a
2020100934,トビーズコーナー Toby's Corner(米),000a011fed,ルナフォース,2014103992,ディープブリランテ,2009105084
2020100948,ルーラーシップ,2007103143,ウォーターラボ,2012103929,マンハッタンカフェ,1998101554
2020100950,シニスターミニスター Sinister Minister(米),000a011099,プリマビスティー,2007102282,プリサイスエンド Precise End(米),000a00fe9b
2020100956,シルバーステート,2013105903,アマノチェリーラン,2004103791,デザートキング Desert King(愛),000a0000e7
2020100958,キンシャサノキセキ,2003110212,クリールソレイユ,2009105741,フレンチデピュティ French Deputy(米),000a00013a
2020100960,シニスターミニスター Sinister Minister(米),000a011099,サニーロック,2010102292,キングカメハメハ,2001103460
2020100962,ベストウォーリア,2010110127,トーホウリリー,2013100521,ネオユニヴァース,2000101426
2020100976,ジャスタウェイ,2009106461,ハギノアーク,2009101332,アドマイヤムーン,2003102991
2020100978,ロードカナロア,2008103552,ハギノフェリス,2011103386,ディープインパクト,2002100816
2020100979,メイショウボーラー,2001100650,マイラッキー,2005103338,Elusive Quality,000a00231f
2020100987,ジャスタウェイ,2009106461,キーポケット,2004103821,デヒア Dehere(米),000a0000df
2020100994,ホッコータルマエ,2009100921,ミヤジガンバレ,2009101361,ファスリエフ Fasliyev(米),000a00fc4c
2020100996,キタサンブラック,2012102013,ミヤジレリゴー,2012106117,キングカメハメハ,2001103460
2020100997,ダンカーク Dunkirk(米),000a012185,ロイヤルヴィラ,2014100819,ゼンノロブロイ,2000101517
2020101008,ルーラーシップ,2007103143,シードパール,2012106134,ディープインパクト,2002100816
2020101020,ニシケンモノノフ,2011105438,ペイシャオブワキア,2014101455,フリオーソ,2004106867
2020101024,キタサンブラック,2012102013,サンキューアスク,2009104195,シンボリクリスエス,1999110099
2020101025,ハービンジャー Harbinger(英),000a011996,ジャジャウマガール,2013106473,ハーツクライ,2001103038
2020101029,ロードカナロア,2008103552,ディープインアスク,2008106602,ディープインパクト,2002100816
2020101031,ハーツクライ,2001103038,ネヴァーピリオド,2002102752,タイキシャトル,1994109686
2020101035,スズカコーズウェイ,2004104345,アイシースズカ,2000106983,サンデーサイレンス Sunday Silence(米),000a00033a
2020101036,リアルスティール,2012104889,エアベルヘザー,2007110077,エンパイアメーカー Empire Maker(米),000a010542
2020101052,ファインニードル,2013100612,ナムラバイオレット,2013100058,チーフベアハート Chief Bearhart(加),1993190010
2020101056,リアルスティール,2012104889,クナウ,2013101099,シンボリクリスエス,1999110099
2020101069,ディープブリランテ,2009105084,エバーグレーズ,2010101550,シンボリクリスエス,1999110099
2020101077,ハーツクライ,2001103038,ロイヤルタバスコ,2004106465,タバスコキャット Tabasco Cat(米),000a000348
2020101086,キズナ,2010105827,デイドリーム,2012100904,アドマイヤムーン,2003102991
2020101093,バゴ Bago(仏),2001190004,キスオブザビーナス,2011105705,メイショウサムソン,2003102205
2020101112,ヴィクトワールピサ,2007102923,フェスティヴマロン,2004100468,クロフネ,1998110135
2020101113,トーセンラー,2008102985,マンノヴィクトリア,2008105195,トウカイテイオー,1988101025
2020101115,ネロ,2011103722,リラコルレオーネ,2004106086,アドマイヤベガ,1996107396
2020101121,ラブリーデイ,2010104298,エンドレスノット,2009106084,ディープインパクト,2002100816
2020101122,ルーラーシップ,2007103143,オーラレガーレ,2008102816,マンハッタンカフェ,1998101554
2020101126,エピファネイア,2010104155,サクセスフィリア,2011103428,ディープインパクト,2002100816
2020101129,ドレフォン Drefong(米),000a013b82,スリールドランジュ,2011103753,ゼンノロブロイ,2000101517
2020101134,ルーラーシップ,2007103143,チュラカーギー,2013105838,ゴールドアリュール,1999106689
2020101139,ヘニーヒューズ Henny Hughes(米),000a011155,ヒアーズトウショウ,2011102308,フジキセキ,1992109618
2020101140,シルバーステート,2013105903,ビジュートウショウ,2011102310,ディープスカイ,2005101358
2020101143,ダイワメジャー,2001103114,ビービーバーレル,2013103288,パイロ Pyro(米),000a01176a
2020101147,モーリス,2011100655,ポップコーンジャズ,2000101560,ダンスインザダーク,1993109188
2020101152,グレーターロンドン,2012101402,ムーンハウリング,2004106174,メジロマックイーン,1987107235
2020101162,アスカクリチャン,2007104599,カレンコティヤール,2011102991,ディープスカイ,2005101358
2020101171,ミッキーアイル,2011103916,ラガマフィン,2013105400,ゼンノロブロイ,2000101517
2020101174,グレーターロンドン,2012101402,キニナルーイ,2013101194,シニスターミニスター Sinister Minister(米),000a011099
2020101182,ベストウォーリア,2010110127,ハッピーロングラン,2011103990,ネオユニヴァース,2000101426
2020101184,ダノンバラード,2008103548,ブライティアスター,2011101158,ダイタクリーヴァ,1997105873
2020101195,ビッグアーサー,2011103328,グロッタアズーラ,2007103011,フジキセキ,1992109618
2020101198,ミッキーロケット,2013106099,フリップフロップ,2009100744,リンカーン,2000101561
2020101199,グレーターロンドン,2012101402,ホオポノポノ,2010100214,タニノギムレット,1999100226
2020101200,シニスターミニスター Sinister Minister(米),000a011099,ミナミ,2014106162,ルーラーシップ,2007103143
2020101209,ホッコータルマエ,2009100921,エンパイアガール,2014101625,エンパイアメーカー Empire Maker(米),000a010542
2020101212,ドゥラメンテ,2012104511,セシリア,2009102124,アグネスタキオン,1998101516
2020101216,ヘニーヒューズ Henny Hughes(米),000a011155,マヤノマヤ,2006105137,タイキシャトル,1994109686
2020101217,キズナ,2010105827,マリンフェスタ,2003105699,サクラバクシンオー,1989108341
2020101226,アジアエクスプレス,2011110091,トップオブドーラ,2004110263,Grand Slam,000a0022b9
2020101228,ラニ,2013110045,パスザトーチ,2008105163,ファンタスティックライト Fantastic Light(米),1996190005
2020101229,ビッグアーサー,2011103328,ビエンナーレ,2003104677,ステイゴールド,1994108729
2020101230,コパノリッキー,2010106548,ビーラヴリー,2008110081,ヨハネスブルグ Johannesburg(米),000a0103b9
2020101242,ヴィクトワールピサ,2007102923,ダンスフェイム,2010103815,ファルブラヴ Falbrav(愛),1998190004
2020101247,ヴィクトワールピサ,2007102923,マウントフジ,2008109154,Orientate,000a010902
2020101250,ハービンジャー Harbinger(英),000a011996,ロイヤルライン,2006103131,クロフネ,1998110135
2020101258,ダノンバラード,2008103548,オピニオン,2014103345,アイルハヴアナザー I'll Have Another(米),000a011ed3
2020101261,リアルインパクト,2008103244,シャドウライフ,2009106013,サクラバクシンオー,1989108341
2020101262,アメリカンペイトリオット,000a013bba,ハーズシャドウ,2015104210,オルフェーヴル,2008102636
2020101265,ロゴタイプ,2010103783,マロンコート,2015104967,ハービンジャー Harbinger(英),000a011996
2020101268,ドレフォン Drefong(米),000a013b82,アマルティア,2013106245,アドマイヤムーン,2003102991
2020101271,アイファーソング,2008100386,エスケイティアラ,2009101286,スズカマンボ,2001103890
2020101275,アイファーソング,2008100386,ピコット,2013100406,ハーツクライ,2001103038
2020101284,ハーツクライ,2001103038,スマートアストリア,2014104862,ストラヴィンスキー,000a00fa41
2020101288,リアルスティール,2012104889,パンカティリオ Punctilio(米),000a011a97,Kingmambo (米),000a001d7e
2020101292,シニスターミニスター Sinister Minister(米),000a011099,グラニースミス,2008102627,ディープインパクト,2002100816
2020101301,キズナ,2010105827,ドバウィディエティ Dubawi Deity(愛),000a012f8a,Dubawi,000a0115e2
2020101303,タリスマニック Talismanic(英),000a013425,マオリオ,2013100300,ネオユニヴァース,2000101426
2020101319,キンシャサノキセキ,2003110212,アンタークティカ,2011100517,コマンズ Commands(豪),000a011625
2020101323,ゼンノロブロイ,2000101517,ウィンディガーデン,2007103248,タニノギムレット,1999100226
2020101327,ミッキーアイル,2011103916,ツクシヒメ,2006105373,カコイーシーズ Cacoethes(米),1986109001
2020101335,パイロ Pyro(米),000a01176a,メメキューティー,2010104269,ゴールドアリュール,1999106689
2020101337,リオンディーズ,2013105915,ヨウヨウ,2002105721,マヤノトップガン,1992102988
2020101341,ジャスタウェイ,2009106461,アドアード Adored(愛),000a0117c5,Galileo (愛),000a00232b
2020101343,リオンディーズ,2013105915,ウインルキア,2008105370,ディープインパクト,2002100816
2020101344,サトノクラウン,2012104668,ヴァルホーリング Valhalling(英),000a010f01,Halling,000a002075
2020101367,ディスクリートキャット Discreet Cat(米),000a0113a1,イサチルルンナ,2012102521,キングカメハメハ,2001103460
2020101372,グレーターロンドン,2012101402,クリノハイスバル,2011106628,ハーツクライ,2001103038
2020101373,ラニ,2013110045,サンバホイッスル,2008105409,サウスヴィグラス,1996110138
2020101377,フリオーソ,2004106867,ショウリノウタゲ,2010100331,プリサイスエンド Precise End(米),000a00fe9b
2020101378,ヴィクトワールピサ,2007102923,ホッコーアムール,2010100328,スタチューオブリバティ Statue of Liberty(米),000a0109d5
2020101387,コパノリッキー,2010106548,デトロイトカフェ,2012105897,マンハッタンカフェ,1998101554
2020101390,ドゥラメンテ,2012104511,スカーゲン Skagen(独),000a012519,Dashing Blade,000a00fa3a
2020101394,ワールドエース,2009106353,ラレンヌ,2010100889,ルールオブロー Rule of Law(米),000a010d7d
2020101396,デクラレーションオブウォー,000a0136f6,アズマクィーン,2012101205,アドマイヤムーン,2003102991
2020101399,アスカクリチャン,2007104599,クリノカグヤマ,2010104867,プリサイスエンド Precise End(米),000a00fe9b
2020101400,エスポワールシチー,2005102837,サウスサプライズ,2005102973,サウスヴィグラス,1996110138
2020101402,エピファネイア,2010104155,タカミツサクラ,2014101826,ヨハネスブルグ Johannesburg(米),000a0103b9
2020101403,リアルスティール,2012104889,バラベルサイユ,2007105390,アグネスデジタル,1997110025
2020101412,スクリーンヒーロー,2004103328,リボンティアラ,2013100217,アドマイヤムーン,2003102991
2020101419,ビッグアーサー,2011103328,クラウンデュナミス,2011109147,ダンディコマンド,1993109569
2020101422,ノボジャック,1997110152,クラウンミストラル,2009104142,フジキセキ,1992109618
2020101424,サトノクラウン,2012104668,クラウンリリー,2013100676,シンボリクリスエス,1999110099
2020101425,ハービンジャー Harbinger(英),000a011996,クラウンロゼ,2010105389,ロサード,1996107429
2020101429,サトノダイヤモンド,2013106101,ブロッサムレーン Blossom Lane(英),000a0127f2,New Approach,000a011656
2020101434,シャンハイボビー Shanghai Bobby(米),000a0127e4,ラッポルティ,2016102940,ジャングルポケット,1998101786
2020101457,ダンカーク Dunkirk(米),000a012185,ハタノメドゥーサ,2008105443,ダンスインザダーク,1993109188
2020101465,フリオーソ,2004106867,ネビュラ,2011100555,ネオユニヴァース,2000101426
2020101481,ヘニーヒューズ Henny Hughes(米),000a011155,ローズゴールド,2014102575,サウスヴィグラス,1996110138
2020101486,ディーマジェスティ,2013104704,スターオブロゼッタ,2015102386,ロードカナロア,2008103552
2020101492,ロージズインメイ Roses in May(米),000a010a10,クロスオーバー,2011101925,サウスヴィグラス,1996110138
2020101503,ビッグアーサー,2011103328,クェスタボルタ,2015103865,ノヴェリスト Novellist(愛),000a012230
2020101508,ノボジャック,1997110152,スピーディユウマ,2010104410,ディープインパクト,2002100816
2020101517,ビッグアーサー,2011103328,ワイドロスメルタ,2010103245,グラスワンダー,1995108676
2020101533,ルーラーシップ,2007103143,アユサン,2010100487,ディープインパクト,2002100816
2020101535,マクフィ Makfi(英),000a011c77,アンセミス,2015101392,ハーツクライ,2001103038
2020101537,ハーツクライ,2001103038,ウィステリアアーチ,2007105546,キングカメハメハ,2001103460
2020101540,アジアエクスプレス,2011110091,エターナルスター,2010100519,アドマイヤムーン,2003102991
2020101543,ロードカナロア,2008103552,オーヴィレール,2013100339,シンボリクリスエス,1999110099
2020101547,ロードカナロア,2008103552,カラズマッチポイント Kara's Match Point(米),000a013863,Curlin (米),000a011734
2020101548,ドゥラメンテ,2012104511,カーリンホーク Curlin Hawk(米),000a013e1b,Curlin (米),000a011734
2020101550,Frankel,000a01239b,キャシーズソング Kathy's Song(米),000a01507f,Candy Ride,000a01132a
2020101557,ヴィクトワールピサ,2007102923,サンドスラッシュ Sandslash(愛),000a012043,Holy Roman Emperor,000a011ab8
2020101560,ヘニーヒューズ Henny Hughes(米),000a011155,シュンドルボン,2011100352,ハーツクライ,2001103038
2020101563,ジャスタウェイ,2009106461,シークレットアセット Secret Asset(米),000a012f0f,Awesome Again (加),000a0021cb
2020101567,ロードカナロア,2008103552,スウィーティーガール Sweetie Girl(亜),000a013e15,Star Dabbler,000a013be8
2020101569,ルーラーシップ,2007103143,スキーホリデー,000a013675,Harlan's Holiday,000a010cdf
2020101570,リオンディーズ,2013105915,ストーミーレニー,000a0122d7,Storm Cat (米),000a001a98
2020101572,ヘニーヒューズ Henny Hughes(米),000a011155,スペシャルピース,2008105562,スペシャルウィーク,1995103211
2020101574,オルフェーヴル,2008102636,タイキオードリー,2006105475,キングカメハメハ,2001103460
2020101575,ダイワメジャー,2001103114,ターキー,2003106086,Sinndar (愛),000a002329
2020101577,ルーラーシップ,2007103143,ダイワスピリット,2005103189,ダンスインザダーク,1993109188
2020101578,ヘニーヒューズ Henny Hughes(米),000a011155,ツインキャンドル,2011100379,キングカメハメハ,2001103460
2020101579,ルーラーシップ,2007103143,トリニティプレイス,2011100323,マンハッタンカフェ,1998101554
2020101582,Justify (米),000a013f2d,ノットナウキャロライン Not Now Carolyn(米),000a01596c,Tapit (米),000a011248
2020101586,サトノダイヤモンド,2013106101,バートラムガーデン,2009102481,サクラバクシンオー,1989108341
2020101587,ハーツクライ,2001103038,パスオブドリームズ Path of Dreams(米),000a012950,Giant's Causeway (米),000a0022e1
2020101588,グレーターロンドン,2012101402,パッションローズ,2005103173,アフリート Afleet(加),000a000013
2020101590,グレーターロンドン,2012101402,フィリス,2002105999,アフリート Afleet(加),000a000013
2020101591,ホッコータルマエ,2009100921,ブライダルブーケ,2005103132,ゴールドアリュール,1999106689
2020101594,リオンディーズ,2013105915,ブロードストリート,2006105518,アグネスタキオン,1998101516
2020101597,モーリス,2011100655,マイアトラクション,2012101390,ディープインパクト,2002100816
2020101598,ハーツクライ,2001103038,マジカルシェイプ,2006105536,Street Cry (愛),000a0103ba
2020101599,ドレフォン Drefong(米),000a013b82,マストバイアイテム,2007105550,アフリート Afleet(加),000a000013
2020101601,リオンディーズ,2013105915,マーメイドティアラ,2009102448,シンボリクリスエス,1999110099
2020101607,キタサンブラック,2012102013,ルアーズストリート,2007105554,キングカメハメハ,2001103460
2020101608,サトノダイヤモンド,2013106101,レイカーラ,2009102441,キングカメハメハ,2001103460
2020101610,リオンディーズ,2013105915,レッドセシリア,2010104124,ハーツクライ,2001103038
2020101632,ダノンレジェンド,2010110102,ダノンエンジェル,2012104099,ディープインパクト,2002100816
2020101633,ダノンレジェンド,2010110102,ダノンボンジュール,2007105733,Shamardal (米),000a010c92
2020101635,ハーツクライ,2001103038,チリエージェ,2001107654,サクラバクシンオー,1989108341
2020101639,グレーターロンドン,2012101402,ハッピーベリンダ,2011103470,アグネスデジタル,1997110025
2020101641,マインドユアビスケッツ Mind Your Biscuits(米),000a01392e,ピエナアプローズ,2009100768,フジキセキ,1992109618
2020101649,ミッキーアイル,2011103916,ミッキーオリーブ,2007103134,クロフネ,1998110135
2020101652,ダノンレジェンド,2010110102,ラヴィーゲラン,2012101432,スペシャルウィーク,1995103211
2020101655,スピルバーグ,2009105961,ジャーメイン,2013100621,アドマイヤムーン,2003102991
2020101660,グランデッツァ,2009105989,キョウワゴールド,2007104309,キョウワアリシバ,1990109127
2020101677,デクラレーションオブウォー,000a0136f6,アドマイヤオウカ,2009106410,シンボリクリスエス,1999110099
2020101678,キンシャサノキセキ,2003110212,インドリヤ Indriya(米),000a013e1e,Stormy Atlantic,000a010b85
2020101681,ロードカナロア,2008103552,キャプテンガール,2010109015,キャプテンスティーヴ Captain Steve(米),000a000d9d
2020101694,モーリス,2011100655,ペニーブラック,2008103182,Redoute's Choice,000a00fe93
2020101695,ビーチパトロール Beach Patrol(米),000a0141f9,メリーウェザー,2010103605,メジロベイリー,1998101457
2020101697,キズナ,2010105827,エルミラドール,2010104020,ジャングルポケット,1998101786
2020101707,シニスターミニスター Sinister Minister(米),000a011099,スマートレグルス,2016103216,ロードカナロア,2008103552
2020101708,エピファネイア,2010104155,ルビーレジェンド,2003103030,アグネスタキオン,1998101516
2020101709,キズナ,2010105827,アサクラ,2011100267,クロフネ,1998110135
2020101710,パイロ Pyro(米),000a01176a,アスターヒューモア,2008110126,More Than Ready,000a00fcdd
2020101712,ミッキーアイル,2011103916,アバンドーネ,2014104055,ファルブラヴ Falbrav(愛),1998190004
2020101721,シルバーステート,2013105903,ノッツダルジェント,2012102366,バゴ Bago(仏),2001190004
2020101756,キタサンブラック,2012102013,ウインクルキラリ,2010100604,ダンスインザダーク,1993109188
2020101763,トーホウジャッカル,2011100482,トーホウディアーナ,2015101173,ノヴェリスト Novellist(愛),000a012230
2020101764,トーホウジャッカル,2011100482,トーホウドルチェ,2005103291,サウスヴィグラス,1996110138
2020101766,エピファネイア,2010104155,アナザーワールド,2013100546,ディープインパクト,2002100816
2020101768,ジャスタウェイ,2009106461,エゴイスト,2011100499,ファスリエフ Fasliyev(米),000a00fc4c
2020101772,シルバーステート,2013105903,マイビビアーヌ,2009110103,Shamardal (米),000a010c92
2020101777,ドレフォン Drefong(米),000a013b82,クァンタムミス Quantum Miss(米),000a01293e,Smoke Glacken,000a00222c
2020101779,グレーターロンドン,2012101402,サンマルベラータ,2015101559,ハービンジャー Harbinger(英),000a011996
2020101781,アメリカンペイトリオット,000a013bba,ヤヤラーラ,2009106508,ゼンノロブロイ,2000101517
2020101784,アメリカンペイトリオット,000a013bba,アプト,2014102205,アドマイヤムーン,2003102991
2020101792,アメリカンペイトリオット,000a013bba,ヴェスティージ,2015101588,Raven's Pass,000a011d04
2020101797,アメリカンペイトリオット,000a013bba,エンジェヌー,2011100552,コマンズ Commands(豪),000a011625
2020101803,タリスマニック Talismanic(英),000a013425,コーズウェイベイ,2015101605,ハードスパン Hard Spun(米),000a0116a1
2020101805,スクリーンヒーロー,2004103328,サマリーズ,2010100704,ハードスパン Hard Spun(米),000a0116a1
2020101807,モーリス,2011100655,サンレーン,2010100698,Oasis Dream (英),000a010d4f
2020101808,ロードカナロア,2008103552,ザマンダ,2011100544,コマンズ Commands(豪),000a011625
2020101811,アドマイヤムーン,2003102991,ジャパニーズウィスパー Japanese Whisper(ア),000a0116ce,Machiavellian,000a001c1d
2020101813,ファインニードル,2013100612,スタリア,2009102647,アルカセット Alkaased(米),2000190010
2020101814,アメリカンペイトリオット,000a013bba,スターライト,2014102222,ディープインパクト,2002100816
2020101819,タニノギムレット,1999100226,スプリングレイン,2002100014,Dubai Millennium (英),000a0022d1
2020101823,パイロ Pyro(米),000a01176a,セントリフュージ,2015101637,ハードスパン Hard Spun(米),000a0116a1
2020101827,ハーツクライ,2001103038,ティップトップ,2011100511,Dubawi,000a0115e2
2020101830,タリスマニック Talismanic(英),000a013425,デュナミス,2014102181,ストリートセンス Street Sense(米),000a0113a2
2020101833,モーリス,2011100655,ハッシュ,2011100540,コマンズ Commands(豪),000a011625
2020101841,ハービンジャー Harbinger(英),000a011996,ベッラヴォーチェ,2010100680,アドマイヤムーン,2003102991
2020101845,ヴィクトワールピサ,2007102923,メイビーフォーエヴァー Maybe Forever(英),000a011424,Zafonic (米),000a001d7d
2020101850,タリスマニック Talismanic(英),000a013425,レッドフェザー,2011100561,ディープスカイ,2005101358
2020101853,ファインニードル,2013100612,ローズストリート,2014102195,ストリートセンス Street Sense(米),000a0113a2
2020101856,グレーターロンドン,2012101402,セイカフォルトゥナ,2009102695,サウスヴィグラス,1996110138
2020101861,カレンブラックヒル,2009106230,アオイエンジェル,2016106404,ハーツクライ,2001103038
2020101866,ロードカナロア,2008103552,キングスミール,2001103376,Theatrical,000a001bed
2020101869,ディープインパクト,2002100816,ジュエルメーカー,2012103730,エンパイアメーカー Empire Maker(米),000a010542
2020101872,アメリカンペイトリオット,000a013bba,セクレタ,2015102933,スズカマンボ,2001103890
2020101873,ブラックタイド,2001103312,セレブデート,2012103741,キングカメハメハ,2001103460
2020101874,ヘニーヒューズ Henny Hughes(米),000a011155,ソフトライム,2010103668,フジキセキ,1992109618
2020101879,ハービンジャー Harbinger(英),000a011996,ニーレンベルギア,2009105815,アグネスタキオン,1998101516
2020101889,ダイワメジャー,2001103114,ホワイトソックス,2012110034,Scipion,000a0122fd
2020101892,ハーツクライ,2001103038,モナリザ Mona Lisa(英),000a01388a,Giant's Causeway (米),000a0022e1
2020101893,キズナ,2010105827,モーニングリズ Morning Rise(独),000a014476,Acatenango,000a001f0b
2020101894,キタサンブラック,2012102013,ヤマノアイリー,2010103806,グラスワンダー,1995108676
2020101896,ルーラーシップ,2007103143,ヤマノサッシュ,2009106534,ファルブラヴ Falbrav(愛),1998190004
2020101897,ハーツクライ,2001103038,ヤマノラヴ,2008105732,アグネスデジタル,1997110025
2020101905,ドゥラメンテ,2012104511,ワイメアビーチ,2009104346,フジキセキ,1992109618
2020101913,ゴールドシップ,2009102739,ウッドシップ,2008105827,クロフネ,1998110135
2020101916,ゴールドシップ,2009102739,セカンドノホシ,2001106467,シンボリルドルフ,1981107017
2020101918,サトノダイヤモンド,2013106101,フラワーバレイ Flower Valley(米),000a013e16,ディスクリートキャット Discreet Cat(米),000a0113a1
2020101919,マクフィ Makfi(英),000a011c77,ミラクルフラッグ,2007105764,スパイキュール,2000101557
2020101920,ディーマジェスティ,2013104704,メイクデュース,2006105732,トウカイテイオー,1988101025
2020101921,モーリス,2011100655,ソルトオブジアース,2011100652,アグネスデジタル,1997110025
2020101941,トーセンジョーダン,2006103169,エスカレートバイオ,2013101113,アルデバランII Aldebaran(米),000a010541
2020101943,ディスクリートキャット Discreet Cat(米),000a0113a1,ディクシーゴールド,2005102591,ゴールドアリュール,1999106689
2020101950,レッドファルクス,2011104416,ナムラココロ,2012103362,サウスヴィグラス,1996110138
2020101956,マクフィ Makfi(英),000a011c77,ホウライアキコ,2011100693,ヨハネスブルグ Johannesburg(米),000a0103b9
2020101960,シルバーステート,2013105903,ラクテウスオルビス,2010100810,ホワイトマズル White Muzzle(英),1990109700
2020101963,リオンディーズ,2013105915,スマイルフラワー,2014101952,ステイゴールド,1994108729
2020101967,ヤマカツエース,2012102774,ダイシンパーティー,2003100653,ブライアンズタイム Brian's Time(米),000a000082
2020101968,アジアエクスプレス,2011110091,エーシンラクーン,2010104645,ジャングルポケット,1998101786
2020101983,アスカクリチャン,2007104599,クリノテレジア,2014106485,スクリーンヒーロー,2004103328
2020101992,アメリカンペイトリオット,000a013bba,ビクトリーチャンス,2009101498,ステイゴールド,1994108729
2020102013,ヴィクトワールピサ,2007102923,サクラサクラサクラ,2006105871,アッミラーレ,1997100569
2020102027,リオンディーズ,2013105915,ノースキャット,2014101207,ディープスカイ,2005101358
2020102044,オルフェーヴル,2008102636,イースターアイランド Easter Island(米),000a013e18,Giant's Causeway (米),000a0022e1
2020102045,ダノンバラード,2008103548,オリジンファースト Origin Fast(豪),000a012fcf,Exceed And Excel,000a010a61
2020102050,モーリス,2011100655,テンダリーヴォイス,2012104864,ディープインパクト,2002100816
2020102058,キズナ,2010105827,リラックススマイル,2006105690,Dubai Destination,000a010a60
2020102061,ドレフォン Drefong(米),000a013b82,ロゼットネビュラ,2006103432,ネオユニヴァース,2000101426
2020102077,ドレフォン Drefong(米),000a013b82,ゼクト,2012102235,サウスヴィグラス,1996110138
2020102078,リアルスティール,2012104889,トウカイライフ,2007105970,トウカイテイオー,1988101025
2020102081,モーリス,2011100655,ナリタシルエット,2007105969,フジキセキ,1992109618
2020102086,フリオーソ,2004106867,ロトクレドール,2013100850,アドマイヤムーン,2003102991
2020102088,キンシャサノキセキ,2003110212,シャイナムスメ,2004104779,ブライアンズタイム Brian's Time(米),000a000082
2020102093,ラブリーデイ,2010104298,ツインダイヤ,2006105972,ゴールドアリュール,1999106689
2020102095,コパノリッキー,2010106548,ペプチドヴィーナス,2013103381,ワークフォース Workforce(英),000a011a7f
2020102119,デクラレーションオブウォー,000a0136f6,カディーシャ,2009101986,ダイワメジャー,2001103114
2020102120,ホッコータルマエ,2009100921,ゴールドフォレスト,2013103176,ゴールドアリュール,1999106689
2020102132,ファインニードル,2013100612,ハンドスター,2009102992,パラダイスクリーク Paradise Creek(米),1989109110
2020102135,ストロングリターン,2006102934,アンジェロ,2012101713,マンハッタンカフェ,1998101554
2020102140,ディスクリートキャット Discreet Cat(米),000a0113a1,フォーミー,2008106101,アドマイヤマックス,1999107004
2020102156,ベストウォーリア,2010110127,アニマートホウヨウ,2010101033,フサイチコンコルド,1993109220
2020102161,エスポワールシチー,2005102837,シックファイター,2003105271,ヘクタープロテクター Hector Protector(米),000a000d6b
2020102181,ジャスタウェイ,2009106461,キトゥンブルー,2008102643,ダンスインザダーク,1993109188
2020102185,ジャスタウェイ,2009106461,ショコラーチ,2013100928,キンシャサノキセキ,2003110212
2020102186,ダイワメジャー,2001103114,スマートカペラ,2014104860,ヨハネスブルグ Johannesburg(米),000a0103b9
2020102187,シニスターミニスター Sinister Minister(米),000a011099,スマートノエル,2012102129,ヴァーミリアン,2002100877
2020102188,シャンハイボビー Shanghai Bobby(米),000a0127e4,セラミックアート,2010103684,フジキセキ,1992109618
2020102190,キズナ,2010105827,トロピカルスイーツ,2007106095,フレンチデピュティ French Deputy(米),000a00013a
2020102194,ラブリーデイ,2010104298,レディーダービー,2002101970,スペシャルウィーク,1995103211
2020102195,ラニ,2013110045,カネスベネフィット,2001100658,Miswaki,000a0017b0
2020102207,ディスクリートキャット Discreet Cat(米),000a0113a1,チュウワプリンセス,2008102659,スペシャルウィーク,1995103211
2020102208,サトノダイヤモンド,2013106101,バロネスサッチャー Baroness Thatcher(米),000a011a67,ヨハネスブルグ Johannesburg(米),000a0103b9
2020102211,ジャスタウェイ,2009106461,マルヨパトリオット,2008101644,アルカセット Alkaased(米),2000190010
2020102216,シルバーステート,2013105903,ラヴィオリ,2011100705,サクラバクシンオー,1989108341
2020102219,シニスターミニスター Sinister Minister(米),000a011099,クロタカ,2009103068,シーキングザダイヤ,2001110220
2020102225,タリスマニック Talismanic(英),000a013425,ベリーベリータイム,2011100924,ブライアンズタイム Brian's Time(米),000a000082
2020102226,マジェスティックウォリアー Majestic Warrior(米),000a011e9c,ラッキーバトル,2013100959,バトルプラン Battle Plan(米),000a0118e8
2020102229,ビッグアーサー,2011103328,リシャールサーバー,2011100918,フサイチリシャール,2003102955
2020102231,アメリカンペイトリオット,000a013bba,ワイルドシンガー,2010101083,ワイルドラッシュ Wild Rush(米),000a0003a1
2020102232,リアルスティール,2012104889,アズマガール,2009102914,キングカメハメハ,2001103460
2020102238,フェノーメノ,2009106599,ファーマフレア,2011101331,スウェプトオーヴァーボード Swept Overboard(米),000a00fa34
2020102262,ドゥラメンテ,2012104511,イリデ,2008110111,Indian Charlie,000a00fcd8
2020102269,リオンディーズ,2013105915,アンドリエッテ,2012101989,ディープインパクト,2002100816
2020102271,ヘニーヒューズ Henny Hughes(米),000a011155,グロリエッテ,2010101134,アドマイヤムーン,2003102991
2020102273,トゥザワールド,2011103975,スターリットスカイ,2008103242,フジキセキ,1992109618
2020102294,シャンハイボビー Shanghai Bobby(米),000a0127e4,ブランシェール,2008102761,ディープインパクト,2002100816
2020102298,オルフェーヴル,2008102636,トレサンセール,2014105591,Rip Van Winkle (愛),000a012465
2020102299,ファインニードル,2013100612,ハートノイヤリング,2008102854,ハーツクライ,2001103038
2020102310,キタサンブラック,2012102013,キタサンプリンセス,2012102273,エンパイアメーカー Empire Maker(米),000a010542
2020102315,コパノリッキー,2010106548,コパノタイマネ,2004106985,クロフネ,1998110135
2020102317,ダイワメジャー,2001103114,サイモンガーランド,2009103158,ロージズインメイ Roses in May(米),000a010a10
2020102321,ビッグアーサー,2011103328,セイリングデイ,2012106356,ブラックタイド,2001103312
2020102323,キタサンブラック,2012102013,タッチオブパラダイス Touch of Paradise(愛),000a013e39,Frankel,000a01239b
2020102326,リオンディーズ,2013105915,テーオーヴィーナス,2009103146,ディープインパクト,2002100816
2020102329,シャンハイボビー Shanghai Bobby(米),000a0127e4,デイジーフローラ,2013104987,キングカメハメハ,2001103460
2020102331,レッドファルクス,2011104416,ヒガシドリーム,2013106396,ドリームジャーニー,2004102753
2020102333,キタサンブラック,2012102013,ヒムノティック Hymnotic(米),000a013e19,War Front,000a011d00
2020102339,コパノリッキー,2010106548,ミヤコレッドローズ,2008106612,キングカメハメハ,2001103460
2020102340,モーリス,2011100655,メイショウセイカ,2007101800,クロフネ,1998110135
2020102343,ミッキーアイル,2011103916,ラブミーニキータ,2008106606,クロフネ,1998110135
2020102344,イスラボニータ,2011103565,ラブミーリル,2013106400,ハービンジャー Harbinger(英),000a011996
2020102345,コパノリッキー,2010106548,リントス,2009106146,ウォーエンブレム War Emblem(米),000a00fa35
2020102347,ストロングリターン,2006102934,サクラコ,2010106584,メジロベイリー,1998101457
2020102360,ラブリーデイ,2010104298,モエレエターナル,2006103788,ゴールドヘイロー,1997101264
2020102377,Speightstown (米),000a011200,ジャニュアリージョーンズ,000a014a47,Shirocco,000a010db9
2020102378,ダノンバラード,2008103548,ハピネスフォーユー,2005110200,A.P. Indy,000a001d37
2020102380,ロゴタイプ,2010103783,ビューティテソーロ,2015110053,Camelot (英),000a011ed2
2020102384,ファインニードル,2013100612,モトカノテソーロ,2014110020,Unbridled's Song (米),000a002071
2020102387,ニシケンモノノフ,2011105438,オウカランブ,2013105006,スターリングローズ,1997106560
2020102391,リアルスティール,2012104889,チュウワグルーヴ,2014106020,ルーラーシップ,2007103143
2020102393,アポロキングダム,2003110139,ディープビヨンド,2012103790,ディープインパクト,2002100816
2020102431,コパノリッキー,2010106548,ララサンタフェーズ,2011102231,スペシャルウィーク,1995103211
2020102439,ミッキーアイル,2011103916,カクタスペア,2007110005,Lion Heart,000a010ee2
2020102452,リアルスティール,2012104889,マクシマール,2003102660,アグネスタキオン,1998101516
2020102468,トーセンホマレボシ,2009106092,カグラグレイス,2013100457,エンパイアメーカー Empire Maker(米),000a010542
2020102488,トーセンラー,2008102985,トーセンアルバータ,2013110131,More Than Ready,000a00fcdd
2020102499,マクマホン Mac Mahon(伊),000a0143ac,トーセンシャイニー,2012104518,ネオユニヴァース,2000101426
2020102502,サトノクラウン,2012104668,トーセンナチュラル,2012101083,メイショウサムソン,2003102205
2020102507,ヴァンキッシュラン,2013105718,トーセンビート,2008106530,クロフネ,1998110135
2020102526,トーセンレーヴ,2008103273,ペンネドゥピー,000a012db2,Tiger Hill (愛),1995190004
2020102535,ヴァンキッシュラン,2013105718,ローザデルドバイ,000a0142a6,Dubai Destination,000a010a60
2020102537,ブラックタイド,2001103312,アスペンアベニュー,2006102758,トワイニング Twining(米),000a000006
2020102539,フェノーメノ,2009106599,アルアマーナ,2009106578,ディープインパクト,2002100816
2020102542,ハーツクライ,2001103038,イッツオンリーアクティングダッド Itsonlyactingdad(米),000a0137a6,Giant's Causeway (米),000a0022e1
2020102544,エピファネイア,2010104155,イングリッド,2008102578,ディープインパクト,2002100816
2020102552,シルバーステート,2013105903,クリッパールート,2012104053,シンボリクリスエス,1999110099
2020102559,ルーラーシップ,2007103143,シナノネージュ,2006102742,フレンチデピュティ French Deputy(米),000a00013a
2020102561,ダイワメジャー,2001103114,シーリーコート,2004103080,Distorted Humor (米),000a0022ea
2020102562,ジャスタウェイ,2009106461,スキャットレディビーダンシング Scatladybdancing(米),000a013db4,Scat Daddy (米),000a0114fe
2020102563,ハーツクライ,2001103038,スパニッシュクイーン Spanish Queen(米),000a012f0b,Tribal Rule,000a011b10
2020102564,モーリス,2011100655,スマイリングムーン,2008102602,フジキセキ,1992109618
2020102565,ヘニーヒューズ Henny Hughes(米),000a011155,ソロダンサー,2013105260,ゴールドアリュール,1999106689
2020102568,ロードカナロア,2008103552,チェリーペトルズ,2010104541,ダイワメジャー,2001103114
2020102570,ハービンジャー Harbinger(英),000a011996,ディアマイダーリン,2012103979,ハーツクライ,2001103038
2020102574,サトノダイヤモンド,2013106101,トラウム,2011110055,Dansili,000a010a5f
2020102575,マインドユアビスケッツ Mind Your Biscuits(米),000a01392e,ドリームアドリーム,2011103513,ディープインパクト,2002100816
2020102578,シニスターミニスター Sinister Minister(米),000a011099,ヌチバナ,2008102618,キングカメハメハ,2001103460
2020102586,ダイワメジャー,2001103114,ベルロワイヤル Belle Royale(愛),000a012140,Val Royal,000a0120e9
2020102589,ルーラーシップ,2007103143,ミネット,2013105297,ディープインパクト,2002100816
2020102591,ダイワメジャー,2001103114,メリオーラ Meliora(愛),000a013e78,Starspangledbanner,000a013dbf
2020102592,ロードカナロア,2008103552,メーデイア,2008102582,キングヘイロー,1995104427
2020102594,マジェスティックウォリアー Majestic Warrior(米),000a011e9c,ユアメモリー,2011103540,シンボリクリスエス,1999110099
2020102599,ダイワメジャー,2001103114,リトルゲルダ,2009110133,Closing Argument,000a011594
2020102607,サトノクラウン,2012104668,ロフティーエイム,2002100466,サンデーサイレンス Sunday Silence(米),000a00033a
2020102625,ルーラーシップ,2007103143,アッフィラート,2013105336,ディープインパクト,2002100816
2020102630,イスラボニータ,2011103565,アルーリングライフ,2007102995,フレンチデピュティ French Deputy(米),000a00013a
2020102631,ハービンジャー Harbinger(英),000a011996,イリュミナンス,2010104429,マンハッタンカフェ,1998101554
2020102636,リアルスティール,2012104889,エクストラペトル,2012104080,キングカメハメハ,2001103460
2020102637,ジャスタウェイ,2009106461,エスティタート,2013105321,ドリームジャーニー,2004102753
2020102639,シャンハイボビー Shanghai Bobby(米),000a0127e4,オリエンタルダンス,2012104710,キングカメハメハ,2001103460
2020102640,ダイワメジャー,2001103114,オリジナルスピンII Original Spin(米),000a0118a2,Distorted Humor (米),000a0022ea
2020102641,レッドファルクス,2011104416,カイカヨソウ,2010104312,ティンバーカントリー Timber Country(米),000a00035e
2020102642,スクリーンヒーロー,2004103328,カニョット Cagnotte(亜),000a01199b,Sunray Spirit,000a0118fc
2020102646,サトノクラウン,2012104668,クラックシード,2007103062,キングカメハメハ,2001103460
2020102648,ルーラーシップ,2007103143,クードラパン,2013106160,ダイワメジャー,2001103114
2020102649,モーリス,2011100655,グランデアモーレ,2010104460,ネオユニヴァース,2000101426
2020102655,シルバーステート,2013105903,サダムグランジュテ,2008102669,キングカメハメハ,2001103460
2020102658,ハーツクライ,2001103038,サンタエヴィータ,2011103572,Smart Strike (加),000a00211c
2020102660,ドゥラメンテ,2012104511,ザガールインザットソング,000a013cf1,My Golden Song,000a013be7
2020102664,ロードカナロア,2008103552,ショウナンパンドラ,2011103584,ディープインパクト,2002100816
2020102668,マインドユアビスケッツ Mind Your Biscuits(米),000a01392e,スイートメロディー,2013105485,ゴールドアリュール,1999106689
2020102671,イスラボニータ,2011103565,スターズインヘヴン,2014105290,ワークフォース Workforce(英),000a011a7f
2020102672,ルーラーシップ,2007103143,スナッチマインド,2011103620,ディープインパクト,2002100816
2020102674,ロードカナロア,2008103552,スペルバインド,2005102095,ゴールドアリュール,1999106689
2020102675,ハーツクライ,2001103038,セデュイールII Seduire(加),000a012f04,Elusive Quality,000a00231f
2020102679,ロードカナロア,2008103552,ソルヴェイグ,2013105357,ダイワメジャー,2001103114
2020102680,アメリカンペイトリオット,000a013bba,ソルダテッサ,2010104512,フレンチデピュティ French Deputy(米),000a00013a
2020102685,ハーツクライ,2001103038,テスタオクローチェ Testa O Croce(仏),000a012e80,Orpen,000a002326
2020102687,シニスターミニスター Sinister Minister(米),000a011099,トリプルミッション,2012104306,ハービンジャー Harbinger(英),000a011996
2020102688,ドゥラメンテ,2012104511,トータルヒート,2011110003,Street Cry (愛),000a0103ba
2020102702,キンシャサノキセキ,2003110212,フォルテピアノ,2003102840,フレンチデピュティ French Deputy(米),000a00013a
2020102703,レッドファルクス,2011104416,フルオブグレース,2014105437,ヴィクトワールピサ,2007102923
2020102708,ハービンジャー Harbinger(英),000a011996,ベルプラージュ,2011103535,キングカメハメハ,2001103460
2020102711,ロードカナロア,2008103552,マエストラーレ,2006102778,ネオユニヴァース,2000101426
2020102716,ハービンジャー Harbinger(英),000a011996,メルヴェイユドール,2007103010,フジキセキ,1992109618
2020102718,オルフェーヴル,2008102636,ユールフェスト,2009110091,More Than Ready,000a00fcdd
2020102724,ドレフォン Drefong(米),000a013b82,リリカルホワイト,2013106153,ダイワメジャー,2001103114
2020102725,ハーツクライ,2001103038,ルシルク Le Cirque(米),000a0117a1,Dynaformer,000a001dd9
2020102728,モーリス,2011100655,レクレドール,2001103241,サンデーサイレンス Sunday Silence(米),000a00033a
2020102731,ヘニーヒューズ Henny Hughes(米),000a011155,レディシャツィ,000a012042,Privately Held,000a011ff9
2020102734,ハーツクライ,2001103038,ローズカットダイヤ,2005102310,フレンチデピュティ French Deputy(米),000a00013a
2020102736,ドリームジャーニー,2004102753,ワーキングプライド,2012104086,ハービンジャー Harbinger(英),000a011996
2020102737,ハーツクライ,2001103038,アイアムルビー,2007110004,Saint Liam,000a010610
2020102738,ダイワメジャー,2001103114,アイムオールレディセクシー I'm Already Sexy(米),000a012f00,Ready's Image,000a011e56
2020102740,ルーラーシップ,2007103143,アカンサス,2008102889,フジキセキ,1992109618
2020102741,モーリス,2011100655,アサクサティアラ,2010103956,ディープインパクト,2002100816
2020102745,マインドユアビスケッツ Mind Your Biscuits(米),000a01392e,アムールポエジー,2010103852,ネオユニヴァース,2000101426
2020102750,キズナ,2010105827,アルティメイトラブ,2009105790,シンボリクリスエス,1999110099
2020102751,ドレフォン Drefong(米),000a013b82,アルテミスハート,2010103957,ハーツクライ,2001103038
2020102755,マインドユアビスケッツ Mind Your Biscuits(米),000a01392e,アンバーミニー,2014105747,ダイワメジャー,2001103114
2020102757,エピファネイア,2010104155,アーヴェイ Ave(英),2006190003,Danehill Dancer (愛),000a002309
2020102760,ハービンジャー Harbinger(英),000a011996,イチオクノホシ,2009106042,ゼンノロブロイ,2000101517
2020102762,ハーツクライ,2001103038,イマーキュレイトキャット Immaculate Cat(米),000a0120cf,Storm Cat (米),000a001a98
2020102763,ディープインパクト,2002100816,イルミナント Illuminant(米),000a013eb6,Quality Road,000a011cff
2020102764,リアルインパクト,2008103244,インラグジュアリー,2014105410,Frankel,000a01239b
2020102767,ドレフォン Drefong(米),000a013b82,ウィズエモーション,2013105665,クロフネ,1998110135
2020102771,ドゥラメンテ,2012104511,ウェイクアップマギー Wake Up Maggie(愛),000a01179a,ザール Xaar(英),000a010990
2020102772,レッドファルクス,2011104416,ウララカ,2006103084,ワイルドラッシュ Wild Rush(米),000a0003a1
2020102775,ロゴタイプ,2010103783,ヴェイルドクリス,2005102348,シンボリクリスエス,1999110099
2020102776,マインドユアビスケッツ Mind Your Biscuits(米),000a01392e,ヴェルメンティーノ,2011104330,ダイワメジャー,2001103114
2020102778,オルフェーヴル,2008102636,エアシンフォニー,2015104246,ルーラーシップ,2007103143
2020102781,ロードカナロア,2008103552,エアルーティーン,2012104154,ハービンジャー Harbinger(英),000a011996
2020102784,キンシャサノキセキ,2003110212,エヴァディングタンペット Evading Tempete(英),000a011dcd,Dubai Destination,000a010a60
2020102785,ハービンジャー Harbinger(英),000a011996,エオリアンハープ,2006102892,キングカメハメハ,2001103460
2020102790,Curlin (米),000a011734,エスキモーキセス Eskimo Kisses(米),000a015600,To Honor and Serve (米),000a0123ee
2020102792,ジャスタウェイ,2009106461,エッグドロップ Egg Drop(米),000a013874,Alphabet Soup,000a002286
2020102793,ルーラーシップ,2007103143,エバーキュート,2012104360,チチカステナンゴ Chichicastenango(仏),000a011135
2020102795,ハービンジャー Harbinger(英),000a011996,エマソング Emma Song(米),000a013da5,Unbridled's Song (米),000a002071
2020102796,マインドユアビスケッツ Mind Your Biscuits(米),000a01392e,エミーズスマイル,2004103142,アグネスタキオン,1998101516
2020102798,ハーツクライ,2001103038,エメラルドスター Emerald Star(英),000a013894,Mount Nelson (英),000a0124b6
2020102800,イスラボニータ,2011103565,エルカラファテ,2015104264,ディープインパクト,2002100816
2020102802,ハーツクライ,2001103038,エレクトラレーン Electrelane(英),000a0120ec,Dubawi,000a0115e2
2020102803,ダイワメジャー,2001103114,オヴァンボクイーン Ovambo Queen(独),000a012166,Kalatos,000a01204e
2020102805,ロードカナロア,2008103552,オメガインベガス,2010103917,スペシャルウィーク,1995103211
2020102809,ジャスタウェイ,2009106461,オリオンムーン Orion Moon(仏),000a0129c0,Manduro (独),000a0114b8
2020102814,ルーラーシップ,2007103143,オールドパサデナ,2009105757,エンパイアメーカー Empire Maker(米),000a010542
2020102817,ジャスタウェイ,2009106461,カウアイレーン,2006104791,キングカメハメハ,2001103460
2020102818,マインドユアビスケッツ Mind Your Biscuits(米),000a01392e,カジノブギ,2013105437,ワークフォース Workforce(英),000a011a7f
2020102819,ハービンジャー Harbinger(英),000a011996,カタマチボタン,2004103222,ダンスインザダーク,1993109188
2020102831,キタサンブラック,2012102013,キャンディネバダ Candy Nevada(亜),000a012941,Pure Prize,000a011252
2020102832,ロードカナロア,2008103552,クイーンズリング,2012104105,マンハッタンカフェ,1998101554
2020102834,エイシンフラッシュ,2007102951,クラリスピンク,2008102916,ネオユニヴァース,2000101426
2020102835,ノヴェリスト Novellist(愛),000a012230,クリスティロマンス,2007102799,シンボリクリスエス,1999110099
2020102836,イスラボニータ,2011103565,クリスプウインド,2014105541,ハーツクライ,2001103038
2020102840,ロゴタイプ,2010103783,クードロア,2015104402,ハードスパン Hard Spun(米),000a0116a1
2020102841,ロードカナロア,2008103552,Coeur de Beaute (仏),000a014470,Dabirsim,000a013ff9
2020102843,マインドユアビスケッツ Mind Your Biscuits(米),000a01392e,グラッブユアコート,2012104210,ゴールドアリュール,1999106689
2020102845,ドゥラメンテ,2012104511,グレナディーン,2007102818,スペシャルウィーク,1995103211
2020102849,エイシンフラッシュ,2007102951,コマンドゥールキイ,2011104264,フジキセキ,1992109618
2020102853,イスラボニータ,2011103565,コージーロージー Cozi Rosie(米),000a011e15,Pleasantly Perfect (米),000a01052f
2020102859,ダイワメジャー,2001103114,サザンスターズ Southern Stars(英),000a013892,Smart Strike (加),000a00211c
2020102861,ハービンジャー Harbinger(英),000a011996,サプルマインド,2013105480,ディープインパクト,2002100816
2020102862,キズナ,2010105827,サプレザ Sahpresa(米),2005190003,Sahm,000a011651
2020102864,ドゥラメンテ,2012104511,サンシャイン,2009105903,ハーツクライ,2001103038
2020102867,マインドユアビスケッツ Mind Your Biscuits(米),000a01392e,ザレマ,2004103187,ダンスインザダーク,1993109188
2020102868,ハーツクライ,2001103038,シアードラマ Sheer Drama(米),000a013875,Burning Roma,000a013729
2020102870,ドゥラメンテ,2012104511,シティイメージ City Image(愛),000a01446f,Elusive City,000a01239c
2020102872,ヘニーヒューズ Henny Hughes(米),000a011155,シャドウストリーム,2003106090,サンデーサイレンス Sunday Silence(米),000a00033a
2020102873,ハービンジャー Harbinger(英),000a011996,シャドウマリア,2014105625,ヴィクトワールピサ,2007102923
2020102874,エピファネイア,2010104155,シャドウムーン,2002101806,キングヘイロー,1995104427
2020102876,ジャスタウェイ,2009106461,シュテルンターラー,2007102845,ネオユニヴァース,2000101426
2020102880,キンシャサノキセキ,2003110212,シルヴァーカップ Silver Cup(愛),000a010eb1,Almutawakel,000a01064e
2020102881,パドトロワ,2007102760,シンデレラロマンス,2005102279,Elusive Quality,000a00231f
2020102883,スピルバーグ,2009105961,シークレットコード,2003102657,Fusaichi Pegasus,000a0022cf
2020102888,ミッキーアイル,2011103916,ジェラテリアバール,2010103764,マンハッタンカフェ,1998101554
2020102890,キズナ,2010105827,ジプシーハイウェイ Gypsy Highway(愛),000a0120ed,High Chaparral (愛),000a010270
2020102891,Justify (米),000a013f2d,ジペッサ Zipessa(米),000a01360a,City Zip (米),000a0127e6
2020102895,ハーツクライ,2001103038,ジュリエットシアトル Giuliet Seattle(亜),000a01440c,Seattle Fitz,000a01430b
2020102896,ストロングリターン,2006102934,ジュリエットベール,2014105701,ヴィクトワールピサ,2007102923
2020102899,キタサンブラック,2012102013,スキア,000a012f7d,Motivator,000a010c91
2020102901,サトノクラウン,2012104668,スクラッタ,2013105408,キングカメハメハ,2001103460
2020102902,ハーツクライ,2001103038,スターシップトラッフルズ Starship Truffles(米),000a012f02,Ghostzapper,000a010525
2020102903,ラブリーデイ,2010104298,スターズバース,2014105689,タートルボウル Turtle Bowl(愛),000a012045
2020102904,ロゴタイプ,2010103783,スタートアップ,2015104208,ハービンジャー Harbinger(英),000a011996
2020102907,ハービンジャー Harbinger(英),000a011996,ステラスターライト,2012104317,ディープインパクト,2002100816
2020102910,ヴィクトワールピサ,2007102923,ストロボフラッシュ,2013110097,Speightstown (米),000a011200
2020102918,ハービンジャー Harbinger(英),000a011996,セウアズール,2011104252,ディープインパクト,2002100816
2020102919,キタサンブラック,2012102013,セコンドピアット,2009105755,ハーツクライ,2001103038
2020102925,キズナ,2010105827,ソウルフルヴォイス,2007102847,キングカメハメハ,2001103460
2020102926,ロードカナロア,2008103552,ソラリア Solaria(智),000a012945,Scat Daddy (米),000a0114fe
2020102928,ハーツクライ,2001103038,ソーマジック,2005102296,シンボリクリスエス,1999110099
2020102929,イスラボニータ,2011103565,ターフドンナ,000a014350,Doyen (愛),000a010533
2020102932,ダイワメジャー,2001103114,ダイワダッチェス,2013105601,ワークフォース Workforce(英),000a011a7f
2020102934,レッドファルクス,2011104416,ダイワミランダ,2012104278,ハービンジャー Harbinger(英),000a011996
2020102935,ノヴェリスト Novellist(愛),000a012230,ダイワレジェンド,2011104297,キングカメハメハ,2001103460
2020102936,ミッキーロケット,2013106099,ダノンジャンヌ,2012104151,ディープインパクト,2002100816
2020102938,イスラボニータ,2011103565,ダルタヤ Daltaya(仏),000a012514,Anabaa,000a0022e2
2020102940,ファインニードル,2013100612,ダンシングワンダー,2012104264,グラスワンダー,1995108676
2020102941,エピファネイア,2010104155,ダンスアミーガ,2011104307,サクラバクシンオー,1989108341
2020102942,キタサンブラック,2012102013,ダンスファンタジア,2008102910,ファルブラヴ Falbrav(愛),1998190004
2020102944,リアルスティール,2012104889,チェリークォーツ,2013105356,ワークフォース Workforce(英),000a011a7f
2020102949,マインドユアビスケッツ Mind Your Biscuits(米),000a01392e,ツインエンジェルズ,2008102995,ハーツクライ,2001103038
2020102950,ロゴタイプ,2010103783,テクニカルラン,2006103101,アグネスタキオン,1998101516
2020102952,マインドユアビスケッツ Mind Your Biscuits(米),000a01392e,デアリングハート,2002100600,サンデーサイレンス Sunday Silence(米),000a00033a
2020102955,ロゴタイプ,2010103783,ディオベルタ,2009105870,フジキセキ,1992109618
2020102956,マインドユアビスケッツ Mind Your Biscuits(米),000a01392e,デザートオブムーン,2011104226,ゼンノロブロイ,2000101517
2020102959,マインドユアビスケッツ Mind Your Biscuits(米),000a01392e,トゥールエッフェル,2013105705,フレンチデピュティ French Deputy(米),000a00013a
2020102961,キズナ,2010105827,トレラピッド Tres Rapide(愛),2005190001,Anabaa Blue,000a011385
2020102962,ジャスタウェイ,2009106461,トロワボヌール,2010103823,バゴ Bago(仏),2001190004
2020102964,ハーツクライ,2001103038,ドリーフォンテイン Driefontein(豪),000a012bbc,Fastnet Rock (豪),000a010601
2020102965,ノヴェリスト Novellist(愛),000a012230,ナチュラルスタンス,2010103709,フジキセキ,1992109618
2020102971,ダイワメジャー,2001103114,ノヴァホーク Nova Hawk(英),000a0120f1,Hawk Wing,000a010d4d
2020102973,ハーツクライ,2001103038,ノッテビアンカ Notte Bianca(仏),000a013870,Kendargent,000a0126fd
2020102976,ハーツクライ,2001103038,ノーブルジュエリー,2008110008,Smarty Jones (米),000a01053e
2020102977,マインドユアビスケッツ Mind Your Biscuits(米),000a01392e,ハシッテホシーノ,2006102883,アグネスタキオン,1998101516
2020102982,ダイワメジャー,2001103114,ハーエミネンシー Her Emmynency(米),000a013da7,Successful Appeal (米),000a010748
2020102985,キタサンブラック,2012102013,パイレートクイーン,2011104318,ダイワメジャー,2001103114
2020102988,ハービンジャー Harbinger(英),000a011996,パーティードレス,2011104230,デュランダル,1999106756
2020102990,ロードカナロア,2008103552,パールシャドウ,2006103035,クロフネ,1998110135
2020102993,エピファネイア,2010104155,ビジュアルショック,2007110052,Kingmambo (米),000a001d7e
2020102995,マインドユアビスケッツ Mind Your Biscuits(米),000a01392e,ビジューミニョン,2012104195,ダイワメジャー,2001103114
2020103001,ハービンジャー Harbinger(英),000a011996,ピュアーフレーム,2004110127,Silver Deputy,000a001fa3
2020103003,レッドファルクス,2011104416,ピリカクル,2015104490,オルフェーヴル,2008102636
2020103005,ロードカナロア,2008103552,ファイブスター,2005102288,クロフネ,1998110135
2020103007,リアルスティール,2012104889,ファビュラスセンス,2006103038,グラスワンダー,1995108676
2020103008,エピファネイア,2010104155,ファンタジックアイ,2011104376,ネオユニヴァース,2000101426
2020103009,キズナ,2010105827,フィオドラ Feodora(独),000a012e7f,Lord of England,000a0122be
2020103021,ヴィクトワールピサ,2007102923,ブラッキーピサ,2010103755,タイキシャトル,1994109686
2020103023,マインドユアビスケッツ Mind Your Biscuits(米),000a01392e,ブリシンガメン,2014105584,ステイゴールド,1994108729
2020103025,デクラレーションオブウォー,000a0136f6,ブルックデイル,2012104418,キングカメハメハ,2001103460
2020103027,ハービンジャー Harbinger(英),000a011996,ブロンクスシルバー,2011104476,クロフネ,1998110135
2020103033,ロードカナロア,2008103552,プリンセスオブシルマー Princess of Sylmar(米),000a012942,マジェスティックウォリアー Majestic Warrior(米),000a011e9c
2020103034,キンシャサノキセキ,2003110212,プリンセスノンコ,2015104357,Orb,000a0127da
2020103036,Into Mischief,000a0125a7,プレイプリティー Play Pretty(米),000a015601,Indian Charlie,000a00fcd8
2020103039,エピファネイア,2010104155,プロヴィナージュ,2005102392,フレンチデピュティ French Deputy(米),000a00013a
2020103043,ジャスタウェイ,2009106461,ベガスナイト,2000110038,コロナドズクエスト Coronado's Quest(米),000a0000b5
2020103044,イスラボニータ,2011103565,ベストロケーション,2005102308,クロフネ,1998110135
2020103045,マインドユアビスケッツ Mind Your Biscuits(米),000a01392e,ペイフォワード,2015104465,ディープインパクト,2002100816
2020103046,ルーラーシップ,2007103143,ペディクラリス,2003104258,サンデーサイレンス Sunday Silence(米),000a00033a
2020103047,ハービンジャー Harbinger(英),000a011996,ホウオウマリリン,2013105446,ダイワメジャー,2001103114
2020103048,キズナ,2010105827,ホワイトローズII White Rose(米),000a01387a,Tapit (米),000a011248
2020103049,イスラボニータ,2011103565,ボルティモア,2015104290,ステイゴールド,1994108729
2020103050,エイシンフラッシュ,2007102951,ボルドグザグ Boldogsag(仏),000a0120eb,Layman,000a012049
2020103052,エピファネイア,2010104155,マキシマムドパリ,2012104407,キングカメハメハ,2001103460
2020103053,エピファネイア,2010104155,マジェスティッククオリティ Majestic Quality(米),000a013eb9,Quality Road,000a011cff
2020103054,ルーラーシップ,2007103143,マスクオフ,2009105916,ディープインパクト,2002100816
2020103055,ジャスタウェイ,2009106461,マダムダンスアロット Madam Dancealot(愛),000a014410,Sir Prancealot,000a01423f
2020103060,キタサンブラック,2012102013,マルカアイチャン,2003102664,フレンチデピュティ French Deputy(米),000a00013a
2020103061,ロードカナロア,2008103552,マルセリーナ,2008103009,ディープインパクト,2002100816
2020103063,イスラボニータ,2011103565,マルバイユ Marbye(愛),000a010648,Marju (愛),000a001fb6
2020103066,ラブリーデイ,2010104298,ミオリチャン,2007102943,スウェプトオーヴァーボード Swept Overboard(米),000a00fa34
2020103070,ヘニーヒューズ Henny Hughes(米),000a011155,ミラクルレジェンド,2007102873,フジキセキ,1992109618
2020103073,イスラボニータ,2011103565,ムニラー Munirah(米),000a012f03,Kitten's Joy (米),000a0119b3
2020103074,モーリス,2011100655,メジャーフォルム,2012104340,ダイワメジャー,2001103114
2020103075,ドゥラメンテ,2012104511,メモリアルライフ,2015110048,Reckless Abandon,000a0136f5
2020103076,キタサンブラック,2012102013,メンディド Mended(米),000a014411,Broken Vow,000a0101a0
2020103079,レッドファルクス,2011104416,ユメノキラメキ,2007102839,ロージズインメイ Roses in May(米),000a010a10
2020103082,グランデッツァ,2009105989,ラカ,2010103816,キングカメハメハ,2001103460
2020103084,サトノクラウン,2012104668,ラグナグ,2013105627,ハービンジャー Harbinger(英),000a011996
2020103086,エスポワールシチー,2005102837,ラセレシオン,2012104126,ゼンノロブロイ,2000101517
2020103088,ロゴタイプ,2010103783,ラブリリック,2008103042,ワイルドラッシュ Wild Rush(米),000a0003a1
2020103089,キズナ,2010105827,ラブリーベルナデット Lovely Bernadette(米),000a01440f,Wilburn,000a013c87
2020103093,ダイワメジャー,2001103114,ランドオーバーシー Land Over Sea(米),000a013da9,Bellamy Road,000a011cf9
2020103094,モーリス,2011100655,リトミックダンス,2001103218,ダンスインザダーク,1993109188
2020103095,イスラボニータ,2011103565,リベルタンゴ,2012104165,Smart Strike (加),000a00211c
2020103099,イスラボニータ,2011103565,リリーオブザヴァレー Lily of the Valley(仏),000a011dc7,Galileo (愛),000a00232b
2020103100,リアルインパクト,2008103244,リーサルヒート,000a011d32,Unusual Heat,000a0118fe
2020103101,ハーツクライ,2001103038,ルンバロッカ Rumba Loca(愛),000a010649,Sri Pekan,000a00223f
2020103102,スピルバーグ,2009105961,ルーラ Lulla(英),000a013e70,Oasis Dream (英),000a010d4f
2020103103,モーリス,2011100655,レアファインド,2013105569,ステイゴールド,1994108729
2020103111,オルフェーヴル,2008102636,レッドカーラ,2012104243,マンハッタンカフェ,1998101554
2020103113,ハービンジャー Harbinger(英),000a011996,レッドマニッシュ,2010103781,シンボリクリスエス,1999110099
2020103118,ハーツクライ,2001103038,レディオブフィフティ Lady of Fifty(米),000a01440e,After Market,000a011e9d
2020103119,エピファネイア,2010104155,レディシビル Lady Sybil(仏),000a012fce,Siyouni,000a012056
2020103120,ドゥラメンテ,2012104511,レディフォグホーン Lady Fog Horn(米),000a013eb7,Zavata,000a011037
2020103121,イスラボニータ,2011103565,レニーズゴットジップ Reneesgotzip(米),000a012f01,City Zip (米),000a0127e6
2020103122,ストロングリターン,2006102934,レーヌルネサンス,2015104301,ステイゴールド,1994108729
2020103123,エイシンフラッシュ,2007102951,ロイヤルネックレス,2006102954,シンボリクリスエス,1999110099
2020103127,イスラボニータ,2011103565,ワイルドフラッパー,2009105832,Ghostzapper,000a010525
2020103129,ハービンジャー Harbinger(英),000a011996,ワントゥワン,2013105748,ディープインパクト,2002100816
2020103132,ドゥラメンテ,2012104511,クイーンズアドヴァイス Queen's Advice(亜),000a013799,Orpen,000a002326
2020103148,エスケンデレヤ,000a012cc0,ショウナンバーキン,2010102776,フジキセキ,1992109618
2020103154,モーリス,2011100655,ブルザンインディゴ,2011102788,フジキセキ,1992109618
2020103160,ラブリーデイ,2010104298,コンゴウビジン,2015105918,ケイムホーム Came Home(米),000a0108d1
2020103168,マインドユアビスケッツ Mind Your Biscuits(米),000a01392e,ジョーヌダンブル,2011105459,アグネスデジタル,1997110025
2020103173,タリスマニック Talismanic(英),000a013425,トーアヒミコ,2013105103,クロフネ,1998110135
2020103183,リオンディーズ,2013105915,アイスパステル,2014110112,Shackleford,000a012d4d
2020103187,Saxon Warrior (安平町),2015100991,アイムユアーズII,000a014bde,Invincible Spirit (愛),000a01056d
2020103189,リアルスティール,2012104889,アイリッシュシー Irish Sea(愛),000a013e3f,Galileo (愛),000a00232b
2020103191,ハービンジャー Harbinger(英),000a011996,アウェイク,2013105820,ディープインパクト,2002100816
2020103193,サトノダイヤモンド,2013106101,アガルタ,2007103323,キングカメハメハ,2001103460
2020103195,キタサンブラック,2012102013,アスコルティ,2011104104,Danehill Dancer (愛),000a002309
2020103196,ロードカナロア,2008103552,アステリックス,2010104011,ネオユニヴァース,2000101426
2020103198,ドレフォン Drefong(米),000a013b82,アゼリ Azeri(米),000a0117a2,ジェイドハンター Jade Hunter(米),000a0001a6
2020103199,サトノクラウン,2012104668,アソルータ,2008103297,ゼンノロブロイ,2000101517
2020103205,モーリス,2011100655,アドマイヤキュート,2009106415,キングカメハメハ,2001103460
2020103208,ジャスタウェイ,2009106461,アドマイヤテレサ,2000101626,エリシオ Helissio(仏),1993190001
2020103209,バゴ Bago(仏),2001190004,アドマイヤテンバ,2007103116,クロフネ,1998110135
2020103211,リアルスティール,2012104889,アドマイヤマリン,2007103338,クロフネ,1998110135
2020103212,ロードカナロア,2008103552,アドマイヤミヤビ,2014106242,ハーツクライ,2001103038
2020103218,ジャスタウェイ,2009106461,アブソルートリー Absolutely(豪),000a012168,Redoute's Choice,000a00fe93
2020103219,サトノダイヤモンド,2013106101,アメリ,2010104018,Distorted Humor (米),000a0022ea
2020103221,ルーラーシップ,2007103143,アルギュロス,2012104647,マンハッタンカフェ,1998101554
2020103225,ダイワメジャー,2001103114,アルル Arles(仏),000a014352,Monsun,000a010db6
2020103228,ルーラーシップ,2007103143,アンソロジー,2004103025,サクラバクシンオー,1989108341
2020103237,ロードカナロア,2008103552,イサベル,2011103913,ディープインパクト,2002100816
2020103238,サトノダイヤモンド,2013106101,イプスウィッチ Ipswich(愛),000a01293f,Danehill Dancer (愛),000a002309
2020103240,ドゥラメンテ,2012104511,イルーシヴハピネス,2014105821,Frankel,000a01239b
2020103241,ロードカナロア,2008103552,インダクティ,2008103319,ハーツクライ,2001103038
2020103242,ロードカナロア,2008103552,インナーアージ,2010104322,ディープインパクト,2002100816
2020103246,ブラックタイド,2001103312,ウィンターコスモス,2007103360,キングカメハメハ,2001103460
2020103247,リオンディーズ,2013105915,ウインミーティア,2009106267,アグネスタキオン,1998101516
2020103248,Quality Road,000a011cff,ウィープノーモア Weep No More(米),000a015604,Mineshaft (米),000a010545
2020103253,リアルスティール,2012104889,ウォッチハー Watch Her(亜),000a01227a,Mutakddim,000a00217c
2020103254,サトノダイヤモンド,2013106101,ウォークロニクル,2012104605,ウォーエンブレム War Emblem(米),000a00fa35
2020103255,ラブリーデイ,2010104298,ウリウリ,2010104042,ディープインパクト,2002100816
2020103256,モーリス,2011100655,ヴァイスハイト,2004102929,アドマイヤベガ,1996107396
2020103259,ロードカナロア,2008103552,ヴィブロス,2013106007,ディープインパクト,2002100816
2020103261,サトノアラジン,2011104063,ヴィリエルバクル,2011110051,Sea The Stars Sea the Stars(愛),000a011c78
2020103266,サトノクラウン,2012104668,エイグレット,2000101618,サンデーサイレンス Sunday Silence(米),000a00033a
2020103268,キタサンブラック,2012102013,エクセレンスII Xcellence(仏),000a012f87,Champs Elysees,000a012551
2020103269,ミッキーアイル,2011103916,エクレールアンジュ,2013105763,ゼンノロブロイ,2000101517
2020103270,キンシャサノキセキ,2003110212,エスメラルディーナ,2011110078,Harlan's Holiday,000a010cdf
2020103271,キズナ,2010105827,エセンテペ,000a012fc2,Oratorio,000a010d4e
2020103274,ミッキーアイル,2011103916,エノラ Enora(独),000a012f85,Noverre (米),000a0103cf
2020103275,ドゥラメンテ,2012104511,エバーシャルマン,2012104891,ハーツクライ,2001103038
2020103276,モーリス,2011100655,エピセアローム,2009106383,ダイワメジャー,2001103114
2020103277,ロードカナロア,2008103552,エピックラヴ Epic Love(愛),000a011dce,Dansili,000a010a5f
2020103279,マインドユアビスケッツ Mind Your Biscuits(米),000a01392e,エポキシ,2009106178,ディープインパクト,2002100816
2020103280,ロードカナロア,2008103552,エマノン,2013106031,ハーツクライ,2001103038
2020103284,ダイワメジャー,2001103114,エルビッシュ,2013105919,キングカメハメハ,2001103460
2020103289,ドレフォン Drefong(米),000a013b82,エンジェルフォール,2009106063,ジャングルポケット,1998101786
2020103292,ラブリーデイ,2010104298,オーキッドレイ,2010104137,ディープインパクト,2002100816
2020103293,ハーツクライ,2001103038,オーサムフェザー Awesome Feather(米),000a0124d0,Awesome of Course,000a0123ea
2020103295,ヘニーヒューズ Henny Hughes(米),000a011155,オージャイト,2013105927,キングカメハメハ,2001103460
2020103299,ダイワメジャー,2001103114,オールドタイムワルツ Old Time Waltz(米),000a01435b,War Front,000a011d00
2020103301,リオンディーズ,2013105915,カイゼリン,2005102655,アドマイヤベガ,1996107396
2020103304,リアルスティール,2012104889,カシシ,2012104557,ジャングルポケット,1998101786
2020103305,ルーラーシップ,2007103143,カゼルタ,2012104563,ハービンジャー Harbinger(英),000a011996
2020103307,ロードカナロア,2008103552,カラフルブラッサム,2010104227,ハーツクライ,2001103038
2020103308,リアルインパクト,2008103244,カリスペル Kalispell(愛),000a013e75,Singspiel (愛),1992190005
2020103309,シルバーステート,2013105903,カリズマティックゴールド Charismatic Gold(米),000a01116b,カリズマティック Charismatic(米),000a00fa33
2020103310,ダイワメジャー,2001103114,カリフォルニアネクター California Nectar(米),000a01205b,Stormy Atlantic,000a010b85
2020103311,エピファネイア,2010104155,カリンバ,2014105804,ルーラーシップ,2007103143
2020103314,デクラレーションオブウォー,000a0136f6,カレンオプシス,2012104775,サムライハート,2002100996
2020103316,ルーラーシップ,2007103143,カンデラ,2012104905,ダイワメジャー,2001103114
2020103318,ダンカーク Dunkirk(米),000a012185,カールファターレ,2007103149,キングカメハメハ,2001103460
2020103321,ロードカナロア,2008103552,ガリレオオールウェイズ Galileo Always(愛),000a013715,Galileo (愛),000a00232b
2020103322,エピファネイア,2010104155,ガルデルスリール,2011103993,ダイワメジャー,2001103114
2020103323,リアルインパクト,2008103244,ガートルード,2011103769,ジャングルポケット,1998101786
2020103325,War Front,000a011d00,キャヴァルドレ Cavale Doree(仏),000a015984,Sunday Break,1999104200
2020103328,ダイワメジャー,2001103114,キャレモンショコラ,2011100812,サクラバクシンオー,1989108341
2020103329,ジャスタウェイ,2009106461,キャンプロック Camprock(仏),000a01388c,Myboycharlie,000a012464
2020103331,ジャスタウェイ,2009106461,キラーグレイシス Killer Graces(米),000a01205f,Congaree,000a011591
2020103333,シルバーステート,2013105903,ギエム,2014105859,Medaglia d'Oro,000a010a65
2020103338,ドゥラメンテ,2012104511,クイーンビーII Queen Bee(仏),000a012e2e,Le Havre,000a01198f
2020103339,モーリス,2011100655,クッカーニャ,2009106254,フジキセキ,1992109618
2020103340,リオンディーズ,2013105915,クラシックリディア,2013106059,ハービンジャー Harbinger(英),000a011996
2020103349,キンシャサノキセキ,2003110212,クローバーリーフ,2008103376,タニノギムレット,1999100226
2020103354,モーリス,2011100655,グリューネワルト,2007103195,スペシャルウィーク,1995103211
2020103356,モーリス,2011100655,グルヴェイグ,2008103099,ディープインパクト,2002100816
2020103360,リアルスティール,2012104889,グレーパール,2013105818,クロフネ,1998110135
2020103361,Gun Runner (米),000a0138fb,グローバルビューティ Global Beauty(亜),000a01560a,Global Hunter,000a014edb
2020103364,モーリス,2011100655,ケイティーズハート,2009106142,ハーツクライ,2001103038
2020103365,サトノアラジン,2011104063,ケルシャンス,2011103852,Dubawi,000a0115e2
2020103366,ロードカナロア,2008103552,コケレール Coquerelle(愛),000a011d05,Zamindar,000a011b6e
2020103367,ジャスタウェイ,2009106461,ココシュニック,2005102526,クロフネ,1998110135
2020103368,キタサンブラック,2012102013,コナブリュワーズ,2010104036,キングカメハメハ,2001103460
2020103369,モーリス,2011100655,コルコバード,2013105816,ステイゴールド,1994108729
2020103370,サトノダイヤモンド,2013106101,コンヴィクションII Conviction(亜),000a013235,City Banker,000a0131ff
2020103372,ドゥラメンテ,2012104511,コーステッド Coasted(米),000a013daf,Tizway (米),2005190007
2020103373,ディープインパクト,2002100816,ゴーマギーゴー Go Maggie Go(米),000a013db0,Ghostzapper,000a010525
2020103375,ドレフォン Drefong(米),000a013b82,サトノオニキス,2013106106,ディープインパクト,2002100816
2020103378,ルーラーシップ,2007103143,サトノフローラ,2008103364,アグネスタキオン,1998101516
2020103386,エピファネイア,2010104155,サンエルピス,2011104024,キングカメハメハ,2001103460
2020103387,ドレフォン Drefong(米),000a013b82,サンソヴール,2011103869,キングカメハメハ,2001103460
2020103388,リアルスティール,2012104889,サンタフェチーフ,2012110011,Wiesenpfad,000a0122bf
2020103389,ハービンジャー Harbinger(英),000a011996,サンデースマイルII Sunday Smile(英),000a01165a,サンデーサイレンス Sunday Silence(米),000a00033a
2020103390,キタサンブラック,2012102013,サンブルエミューズ,2010104050,ダイワメジャー,2001103114
2020103393,ダイワメジャー,2001103114,ザズー Zazu(米),000a012061,Tapit (米),000a011248
2020103394,サトノクラウン,2012104668,シェリール,2000101583,サンデーサイレンス Sunday Silence(米),000a00033a
2020103398,ミッキーアイル,2011103916,シャルマント,2016104647,エンパイアメーカー Empire Maker(米),000a010542
2020103400,ヘニーヒューズ Henny Hughes(米),000a011155,シャンドランジュ,2013106008,マンハッタンカフェ,1998101554
2020103401,Justify (米),000a013f2d,シャンパンルーム,000a014fce,Broken Vow,000a0101a0
2020103402,キズナ,2010105827,シャンブルドット,2016110112,Lope de Vega,000a012919
2020103403,キタサンブラック,2012102013,シュガーショック Sugar Shock(米),000a012f05,Candy Ride,000a01132a
2020103404,ドゥラメンテ,2012104511,シユーマ Siyouma(愛),000a01218a,Medicean,000a010a19
2020103405,ハーツクライ,2001103038,シルヴァースカヤ Silverskaya(米),000a0117fe,Silver Hawk,000a0019b4
2020103407,サトノアラジン,2011104063,シンギングメリリー,2015110003,Ghostzapper,000a010525
2020103410,キタサンブラック,2012102013,シンハディーパ,2010104152,ウォーエンブレム War Emblem(米),000a00fa35
2020103412,リアルインパクト,2008103244,シンハリーズ Singhalese(英),000a011191,Singspiel (愛),1992190005
2020103413,ハーツクライ,2001103038,シーウィルレイン She Will Reign(豪),000a014389,Manhattan Rain,000a013e2c
2020103414,ハーツクライ,2001103038,シーヴ Sheave(米),000a0137fc,Mineshaft (米),000a010545
2020103416,ロードカナロア,2008103552,シーザリオ,2002100844,スペシャルウィーク,1995103211
2020103417,ハーツクライ,2001103038,シーズアタイガー She's a Tiger(米),000a01294d,Tale of the Cat (米),000a002276
2020103418,サトノダイヤモンド,2013106101,シーズインクルーデッド She's Included(米),000a01116d,Include,000a010906
2020103419,リアルスティール,2012104889,シーズオールエルティッシュ Shes All Eltish(米),000a011564,Eltish,000a0114fa
2020103420,ドゥラメンテ,2012104511,ジェラシー,2013105864,ハービンジャー Harbinger(英),000a011996
2020103422,ハービンジャー Harbinger(英),000a011996,ジュエルトウショウ,2009103937,アグネスタキオン,1998101516
2020103425,ロードカナロア,2008103552,ジョリージョコンド,000a012fc7,Marju (愛),000a001fb6
2020103428,ディープインパクト,2002100816,スイープトウショウ,2001104313,エンドスウィープ End Sweep(米),000a00010f
2020103432,キズナ,2010105827,スカイフ,2014110006,Siyouni,000a012056
2020103433,ドゥラメンテ,2012104511,スクールミストレス Schoolmistress(亜),000a013bb1,Equal Stripes,000a012c13
2020103434,シルバーステート,2013105903,スサーナトウショウ,2008100654,ロックオブジブラルタル,000a00fd4c
2020103435,ロードカナロア,2008103552,スターアイル,2004110007,ロックオブジブラルタル,000a00fd4c
2020103436,ジャスタウェイ,2009106461,スターズアンドクラウズ Stars And Clouds(愛),000a01379f,マクフィ Makfi(英),000a011c77
2020103438,シルバーステート,2013105903,スネガエクスプレス,2009106159,ウォーエンブレム War Emblem(米),000a00fa35
2020103439,ハーツクライ,2001103038,スノーパイン Snow Pine(英),000a012804,Dalakhani,000a01098f
2020103440,ドゥラメンテ,2012104511,スパークオンアイス,2009106059,シンボリクリスエス,1999110099
2020103441,ミッキーロケット,2013106099,スピードリッパー,2008103322,ファルブラヴ Falbrav(愛),1998190004
2020103444,ドレフォン Drefong(米),000a013b82,スペシャルグルーヴ,2007103232,スペシャルウィーク,1995103211
2020103446,ルーラーシップ,2007103143,スマイルシャワー,2011103871,シンボリクリスエス,1999110099
2020103448,ロードカナロア,2008103552,スマートレイアー,2010102459,ディープインパクト,2002100816
2020103450,モーリス,2011100655,スルージエアー,2006103400,ダンスインザダーク,1993109188
2020103453,サトノダイヤモンド,2013106101,セットスクエア Set Square(豪),000a013915,Reset,000a011657
2020103455,Mendelssohn,000a014f32,セラドン,000a013974,ゴールドヘイロー,1997101264
2020103456,ロードカナロア,2008103552,セリエンホルデ,000a0142f1,Soldier Hollow,000a0102ff
2020103458,ハーツクライ,2001103038,セレスタ Seresta(亜),000a012e7c,Jump Start,000a010b86
2020103462,ドゥラメンテ,2012104511,ソーメニーウェイズ So Many Ways(米),000a0124ce,Sightseeing,000a0123e7
2020103463,ハーツクライ,2001103038,タイタンクイーン,000a012321,Tiznow,000a00fa4b
2020103464,ルーラーシップ,2007103143,タイトルパート,2006103260,アグネスタキオン,1998101516
2020103466,ルーラーシップ,2007103143,タッチングスピーチ,2012104906,ディープインパクト,2002100816
2020103469,ロードカナロア,2008103552,ダノンチェリー,2015104691,ディープインパクト,2002100816
2020103470,キンシャサノキセキ,2003110212,ダートムーア,2008103121,クロフネ,1998110135
2020103471,ルーラーシップ,2007103143,チアズメッセージ,2000102044,サンデーサイレンス Sunday Silence(米),000a00033a
2020103472,モーリス,2011100655,チェッキーノ,2013106005,キングカメハメハ,2001103460
2020103473,サトノダイヤモンド,2013106101,チェリーコレクト Cherry Collect(愛),000a012130,Oratorio,000a010d4e
2020103474,マインドユアビスケッツ Mind Your Biscuits(米),000a01392e,チカリータ,2013105882,クロフネ,1998110135
2020103477,モーリス,2011100655,チャームドヴェール,2010104052,ネオユニヴァース,2000101426
2020103482,ジャスタウェイ,2009106461,ティッカーテープ Ticker Tape(英),000a011de4,Royal Applause,000a010615
2020103486,ドゥラメンテ,2012104511,テルアケリー Tell a Kelly(米),000a01294a,Tapit (米),000a011248
2020103487,ドゥラメンテ,2012104511,テーブルロンド Table Ronde(愛),000a01379e,Astronomer Royal,000a0136f4
2020103495,ハービンジャー Harbinger(英),000a011996,ディープストーリー,2010104352,ディープインパクト,2002100816
2020103496,ヴィクトワールピサ,2007102923,ディープラヴ,2011103897,ディープインパクト,2002100816
2020103499,リアルスティール,2012104889,デビルズコーナー,2005110198,Songandaprayer,000a01069b
2020103500,ドレフォン Drefong(米),000a013b82,トゥザハピネス,2009106245,シンボリクリスエス,1999110099
2020103502,ブラックタイド,2001103312,トゥーピー Toupie(英),000a011a16,Intikhab,000a0022af
2020103503,キズナ,2010105827,トップライセンス,2013105841,キンシャサノキセキ,2003110212
2020103505,ヘニーヒューズ Henny Hughes(米),000a011155,トリプライト,2013105963,ワイルドラッシュ Wild Rush(米),000a0003a1
2020103507,ダイワメジャー,2001103114,トレジャーステイト,2012104941,Oasis Dream (英),000a010d4f
2020103509,エピファネイア,2010104155,ドナウブルー,2008103250,ディープインパクト,2002100816
2020103512,エピファネイア,2010104155,ナイアガラロール,2013110137,Bluegrass Cat,000a01173d
2020103513,ロードカナロア,2008103552,ナンヨーカノン,2010104253,フジキセキ,1992109618
2020103517,レッドファルクス,2011104416,ハイドバウンド Hidebound(亜),000a011cdb,Grand Slam,000a0022b9
2020103519,バンドワゴン,2011104010,ハッピーテレサ,2011103752,フジキセキ,1992109618
2020103520,バンドワゴン,2011104010,ハッピーパレード,2006103394,ネオユニヴァース,2000101426
2020103521,ジャスタウェイ,2009106461,ハピネスダンサー,2011103837,メイショウサムソン,2003102205
2020103522,キタサンブラック,2012102013,ハルーワスウィート,2001103409,Machiavellian,000a001c1d
2020103524,エピファネイア,2010104155,バウンスシャッセ,2011104105,ゼンノロブロイ,2000101517
2020103525,ドゥラメンテ,2012104511,バラダセール Balada Sale(亜),000a011fff,Not for Sale,000a011fae
2020103527,キンシャサノキセキ,2003110212,バンゴール,2012104938,キングカメハメハ,2001103460
2020103530,モーリス,2011100655,パストフォリア,2009106261,シンボリクリスエス,1999110099
2020103532,サトノクラウン,2012104668,パルティトゥーラ,2014106097,マンハッタンカフェ,1998101554
2020103534,モーリス,2011100655,パンデイア,2012104875,ディープインパクト,2002100816
2020103535,モーリス,2011100655,パーシーズベスト,2013106015,ディープインパクト,2002100816
2020103537,サトノクラウン,2012104668,パーフェクトマッチ,2002100962,サンデーサイレンス Sunday Silence(米),000a00033a
2020103538,ルーラーシップ,2007103143,パープルセイル,2011103819,フジキセキ,1992109618
2020103539,キタサンブラック,2012102013,パーリーアヴェニュー Pearly Avenue(英),000a013e3c,Anabaa,000a0022e2
2020103540,エピファネイア,2010104155,ヒカルアマランサス,2006103241,アグネスタキオン,1998101516
2020103543,ジャスタウェイ,2009106461,ビキニブロンド,2009106375,キングカメハメハ,2001103460
2020103545,ロードカナロア,2008103552,ビッシュ,2013106013,ディープインパクト,2002100816
2020103547,ルーラーシップ,2007103143,ビニャデルマール,2013106074,ディープインパクト,2002100816
2020103550,ルーラーシップ,2007103143,ピサノグラフ,2002106092,サンデーサイレンス Sunday Silence(米),000a00033a
2020103552,ドレフォン Drefong(米),000a013b82,ピュクシス,2010104267,シンボリクリスエス,1999110099
2020103553,ハーツクライ,2001103038,ピラミマ,2005110048,Unbridled's Song (米),000a002071
2020103554,シルバーステート,2013105903,ピンクアリエス,2007103297,キングカメハメハ,2001103460
2020103556,サトノダイヤモンド,2013106101,ピースエンブレム,2006103166,ウォーエンブレム War Emblem(米),000a00fa35
2020103559,ロードカナロア,2008103552,ファイネストシティ Finest City(米),000a014353,City Zip (米),000a0127e6
2020103560,ハービンジャー Harbinger(英),000a011996,ファシネートダイア,2009106248,アグネスタキオン,1998101516
2020103562,ハーツクライ,2001103038,ファディラー Fadillah(英),000a014474,Monsun,000a010db6
2020103565,ブラックタイド,2001103312,フィールザレース Feel The Race(亜),000a012e10,Orpen,000a002326
2020103566,リアルインパクト,2008103244,フェイトカラー,2011103781,サクラバクシンオー,1989108341
2020103569,Quality Road,000a011cff,フォトコール Photo Call(愛),000a01560b,Galileo (愛),000a00232b
2020103573,Kingman (英),000a0124ab,フォースタークルック Fourstar Crook(米),000a014f42,Freud,000a011434
2020103574,リアルインパクト,2008103244,フラーテイシャスミス,000a011eaf,Mr. Greeley,000a00213e
2020103575,キタサンブラック,2012102013,フリーティングスピリット Fleeting Spirit(愛),000a012517,Invincible Spirit (愛),000a01056d
2020103577,ロードカナロア,2008103552,フロアクラフト,2010104347,フジキセキ,1992109618
2020103578,エピファネイア,2010104155,フロールデセレッソ,2004103003,スウェプトオーヴァーボード Swept Overboard(米),000a00fa34
2020103579,ロードカナロア,2008103552,ブエナビスタ,2006103319,スペシャルウィーク,1995103211
2020103588,モーリス,2011100655,プリモンディアル,2011104026,ディープインパクト,2002100816
2020103589,ビッグアーサー,2011103328,プリンセスロック,2012106308,スウィフトカレント,2001103189
2020103590,エピファネイア,2010104155,プルメリアスター,2012104913,ゼンノロブロイ,2000101517
2020103593,エピファネイア,2010104155,プロレタリアト,2011103739,ハーツクライ,2001103038
2020103595,ドゥラメンテ,2012104511,ヘアキティー Heir Kitty(米),000a01294b,Wildcat Heir,000a011b14
2020103599,リアルスティール,2012104889,ベルスリーブ,2005102620,シンボリクリスエス,1999110099
2020103605,ドレフォン Drefong(米),000a013b82,ホウオウパフューム,2014106155,ハーツクライ,2001103038
2020103608,Saxon Warrior (安平町),2015100991,ホームカミングクイーン Homecoming Queen(愛),000a014f41,Holy Roman Emperor,000a011ab8
2020103612,イスラボニータ,2011103565,ポルケテスエーニョ Por Que Te Sueno(米),000a0137a3,Medaglia d'Oro,000a010a65
2020103614,ダイワメジャー,2001103114,ポロンナルワ,2008103176,Rahy,000a001c5e
2020103616,リアルスティール,2012104889,マイティースルー,2006103249,クロフネ,1998110135
2020103619,リアルスティール,2012104889,マザーウェル,2007105620,シンボリクリスエス,1999110099
2020103622,カレンブラックヒル,2009106230,マトリョーシカ,2011103736,クロフネ,1998110135
2020103625,モーリス,2011100655,マラムデール,2011104022,フレンチデピュティ French Deputy(米),000a00013a
2020103626,ドゥラメンテ,2012104511,マルケッサ,2015105019,オルフェーヴル,2008102636
2020103629,リアルスティール,2012104889,マンデラ Mandela(独),000a011190,Acatenango,000a001f0b
2020103632,ドゥラメンテ,2012104511,マンビア Mambia(英),000a012f86,アルデバランII Aldebaran(米),000a010541
2020103633,ドレフォン Drefong(米),000a013b82,マーブルケーキ,2011103886,キングカメハメハ,2001103460
2020103634,カレンブラックヒル,2009106230,ミスエリカ,2012110021,Blame,000a0122f4
2020103636,ドゥラメンテ,2012104511,ミスセレンディピティ,000a013c82,Not for Sale,000a011fae
2020103639,シルバーステート,2013105903,ミスドバウィ,2013110037,Dubawi,000a0115e2
2020103640,ミッキーロケット,2013106099,ミッキークイーン,2012104870,ディープインパクト,2002100816
2020103641,モーリス,2011100655,ムードインディゴ,2005102182,ダンスインザダーク,1993109188
2020103642,サトノアラジン,2011104063,ムーングロウ Moonglow(英),000a013897,Nayef,000a01056f
2020103643,カレンブラックヒル,2009106230,ムーンフェイズ,2001103298,エリシオ Helissio(仏),1993190001
2020103647,サトノダイヤモンド,2013106101,メチャコルタ Mecha Corta(亜),000a013924,El Corredor,000a010238
2020103648,ドレフォン Drefong(米),000a013b82,メテオーリカ,2009105715,ディープインパクト,2002100816
2020103650,ドゥラメンテ,2012104511,モアザンセイクリッド More Than Sacred(豪),000a01295d,More Than Ready,000a00fcdd
2020103651,エピファネイア,2010104155,モスカートローザ,2008103387,ディープインパクト,2002100816
2020103653,ロードカナロア,2008103552,モルガナイト,2006103262,アグネスデジタル,1997110025
2020103655,ハービンジャー Harbinger(英),000a011996,モンローブロンド,2002100890,アドマイヤベガ,1996107396
2020103656,ドゥラメンテ,2012104511,ヤンキーローズ Yankee Rose(豪),000a013bb2,All American,000a013b22
2020103661,ルーラーシップ,2007103143,ライツェント,2007103233,スペシャルウィーク,1995103211
2020103663,オルフェーヴル,2008102636,ライラックスアンドレース Lilacs and Lace(米),000a011df8,Flower Alley,000a011d8c
2020103664,ドゥラメンテ,2012104511,ラヴズオンリーミー Loves Only Me(米),000a01179f,Storm Cat (米),000a001a98
2020103666,エピファネイア,2010104155,ラキシス,2010104304,ディープインパクト,2002100816
2020103668,ロードカナロア,2008103552,ラスティングソング,2007103282,フジキセキ,1992109618
2020103670,ダイワメジャー,2001103114,ラッドルチェンド,2010104341,Danehill Dancer (愛),000a002309
2020103672,ドゥラメンテ,2012104511,ラファダリ,2009102636,Singspiel (愛),1992190005
2020103673,ルーラーシップ,2007103143,ラベンダーカラー,2008103209,サクラバクシンオー,1989108341
2020103674,ロードカナロア,2008103552,ラルケット,2005102452,ファルブラヴ Falbrav(愛),1998190004
2020103676,キンシャサノキセキ,2003110212,ランニングボブキャッツ,000a0121b7,Running Stag,000a010002
2020103679,リアルスティール,2012104889,リアリサトリス Realisatrice(仏),000a011dd1,Numerous,000a002191
2020103682,モーリス,2011100655,リミニ,2014106143,ディープインパクト,2002100816
2020103684,ドゥラメンテ,2012104511,リュヌドール Lune d'Or(仏),2001190001,Green Tune,000a01025d
2020103685,モーリス,2011100655,リュラ,2013106020,ステイゴールド,1994108729
2020103688,Saxon Warrior (安平町),2015100991,リリーズキャンドル Lily's Candle(仏),000a014f47,Style Vendome,000a014136
2020103689,モーリス,2011100655,リングネブラ,2009106376,ハーツクライ,2001103038
2020103692,リアルスティール,2012104889,ルナレガーロ,2010104077,アドマイヤムーン,2003102991
2020103693,モーリス,2011100655,ルージュバック,2012104669,マンハッタンカフェ,1998101554
2020103696,エピファネイア,2010104155,レイリオン,2013106154,ダイワメジャー,2001103114
2020103697,サトノアラジン,2011104063,レジェンドトレイル,2003102931,フレンチデピュティ French Deputy(米),000a00013a
2020103698,ミッキーアイル,2011103916,レツィーナ,2004105815,キャプテンスティーヴ Captain Steve(米),000a000d9d
2020103699,ロードカナロア,2008103552,レッドアヴァンセ,2013105811,ディープインパクト,2002100816
2020103701,ドレフォン Drefong(米),000a013b82,レッドクラウディア,2009106164,アグネスタキオン,1998101516
2020103703,エピファネイア,2010104155,レッドソンブレロ,2012104673,キングカメハメハ,2001103460
2020103705,ロードカナロア,2008103552,レッドメデューサ,2009110039,Mr. Greeley,000a00213e
2020103710,リアルスティール,2012104889,レトII Leto(米),000a0117c4,Diesis,000a001815
2020103713,ミッキーロケット,2013106099,レーヴルシード,2014106245,ディープインパクト,2002100816
2020103718,リアルスティール,2012104889,ロザリンド,2011103895,シンボリクリスエス,1999110099
2020103721,ミッキーアイル,2011103916,ロジャーズスー Roger's Sue(米),000a011de3,Forestry,000a002270
2020103727,エピファネイア,2010104155,ローガンサファイア,2010104200,ダイワメジャー,2001103114
2020103728,エピファネイア,2010104155,ローザフェリーチェ,2015105111,エンパイアメーカー Empire Maker(米),000a010542
2020103729,キンシャサノキセキ,2003110212,ローズウィスパー,2013106189,ワークフォース Workforce(英),000a011a7f
2020103731,ルーラーシップ,2007103143,ローズノーブル,2009106088,ディープインパクト,2002100816
2020103732,ルーラーシップ,2007103143,ローズマンブリッジ,2010104127,ディープインパクト,2002100816
2020103736,リアルスティール,2012104889,ワシントンレガシー,2014106109,クロフネ,1998110135
2020103754,サトノクラウン,2012104668,ペルサントクリール,2004110225,Point Given (米),000a00fdbd
2020103766,ロゴタイプ,2010103783,ペッパーベリー,2010103712,タイキシャトル,1994109686
2020103769,パイロ Pyro(米),000a01176a,マルクプレンヌ,2011103643,シンボリクリスエス,1999110099
2020103772,ジャスタウェイ,2009106461,インザスポットライト In The Spotlight(愛),000a013e80,Exceed And Excel,000a010a61
2020103774,サトノクラウン,2012104668,サオヒメ,2002100383,サンデーサイレンス Sunday Silence(米),000a00033a
2020103779,ドレフォン Drefong(米),000a013b82,ストラスペイ,2009106339,シンボリクリスエス,1999110099
2020103785,ドレフォン Drefong(米),000a013b82,パンデリング,2014106100,キングカメハメハ,2001103460
2020103787,モーリス,2011100655,ブルーダイアモンド,2011103847,ディープインパクト,2002100816
2020103788,モーリス,2011100655,プントバンコ,2008100285,フジキセキ,1992109618
2020103790,リアルインパクト,2008103244,マザーロシア,000a012628,Mayakovsky,000a012622
2020103792,ハービンジャー Harbinger(英),000a011996,メジロコウミョウ,2008102539,キングカメハメハ,2001103460
2020103794,ハーツクライ,2001103038,メジロツボネ,2008102538,スウェプトオーヴァーボード Swept Overboard(米),000a00fa34
2020103795,ドゥラメンテ,2012104511,メジロマリアン,2006102668,メジロベイリー,1998101457
2020103799,ラブリーデイ,2010104298,リトルダーリン,2008101078,ディープインパクト,2002100816
2020103801,ルーラーシップ,2007103143,ルージュクール,2008110125,Redoute's Choice,000a00fe93
2020103803,エピファネイア,2010104155,レーヌドブリエ,2012103942,ゼンノロブロイ,2000101517
2020103804,イスラボニータ,2011103565,サラーシス Sarah Sis(米),000a013877,Sharp Humor,000a01180b
2020103844,ブラックタイド,2001103312,ウエスタンメルシー,2011101693,ブラックホーク,1994109361
2020103864,ミッキーロケット,2013106099,アナンジュパス,2009106099,ディープインパクト,2002100816
2020103865,エイシンフラッシュ,2007102951,アフロディシアス,2008105107,ジャングルポケット,1998101786
2020103867,ブラックタイド,2001103312,アンカジャポニカ,2010110048,Authorized,000a01139f
2020103875,エイシンフラッシュ,2007102951,エクラミレネール,2013103951,マツリダゴッホ,2003104570
2020103876,サトノダイヤモンド,2013106101,エリモフェザー,2010101787,シニスターミニスター Sinister Minister(米),000a011099
2020103881,ヴィクトワールピサ,2007102923,エーソングフォー,2005110174,More Than Ready,000a00fcdd
2020103883,マインドユアビスケッツ Mind Your Biscuits(米),000a01392e,オヒア,2012101421,ブラックタイド,2001103312
2020103885,マツリダゴッホ,2003104570,カムホームラッシー,2013110056,Lawman,000a011d55
2020103888,イスラボニータ,2011103565,キョウエイハツラツ,2002105650,オペラハウス Opera House(英),000a000d77
2020103892,ヘニーヒューズ Henny Hughes(米),000a011155,クレーデリンテ,2013105416,ダイワメジャー,2001103114
2020103893,パドトロワ,2007102760,グレイスノート,2013105406,ハービンジャー Harbinger(英),000a011996
2020103894,マインドユアビスケッツ Mind Your Biscuits(米),000a01392e,サウスティーダ,2003105773,アドマイヤベガ,1996107396
2020103897,ビーチパトロール Beach Patrol(米),000a0141f9,シチリアーナ,2005106279,メイショウオウドウ,1995101767
2020103898,スノードラゴン,2008104268,シャルマンレーヌ,2004107197,ダンスインザダーク,1993109188
2020103899,ダイワメジャー,2001103114,シュヴァリエ,2011101881,フレンチデピュティ French Deputy(米),000a00013a
2020103900,ロージズインメイ Roses in May(米),000a010a10,シルヴァーコード,2012103628,スウェプトオーヴァーボード Swept Overboard(米),000a00fa34
2020103901,ヴァンセンヌ,2009106525,シーデイライト,2015100667,ヘニーヒューズ Henny Hughes(米),000a011155
2020103902,ビーチパトロール Beach Patrol(米),000a0141f9,ジェルヴェーズ,2012104251,メイショウサムソン,2003102205
2020103903,リーチザクラウン,2006102923,ストゥデンテッサ Studentessa(亜),000a011aba,High Yield (米),000a00fd81
2020103910,ゴールドシップ,2009102739,タニノハイクレア,2004104861,クロフネ,1998110135
2020103915,マインドユアビスケッツ Mind Your Biscuits(米),000a01392e,ツインクルスター,2009103307,サクラバクシンオー,1989108341
2020103917,ダノンバラード,2008103548,デオ,2006100866,フサイチコンコルド,1993109220
2020103918,マインドユアビスケッツ Mind Your Biscuits(米),000a01392e,トップスカーレット,2009106205,ダイワメジャー,2001103114
2020103920,エピファネイア,2010104155,ナンヨーユナ,2010104266,ジャングルポケット,1998101786
2020103921,マツリダゴッホ,2003104570,ヌーナ,2012110031,Congrats (米),000a010687
2020103923,ディーマジェスティ,2013104704,ハイデフィニション,2005104192,アグネスデジタル,1997110025
2020103928,スクリーンヒーロー,2004103328,ビーコンターン Beacon Tarn(英),000a0137a0,Shamardal (米),000a010c92
2020103929,ゴールドシップ,2009102739,ピッツネイル,2011101879,クロフネ,1998110135
2020103931,ロードカナロア,2008103552,ファーゴ,2009106345,ハーツクライ,2001103038
2020103933,キズナ,2010105827,フサイチジェット,2002110192,Gilded Time,000a001fbc
2020103937,ホッコータルマエ,2009100921,ブロンズテーラー,2011101737,ロージズインメイ Roses in May(米),000a010a10
2020103939,イスラボニータ,2011103565,プレシャスドロップ,2003104556,フレンチデピュティ French Deputy(米),000a00013a
2020103941,マインドユアビスケッツ Mind Your Biscuits(米),000a01392e,ホウオウサブリナ,2015104903,ルーラーシップ,2007103143
2020103945,ゴールドシップ,2009102739,マルーンドロップ,2011101749,コンデュイット Conduit(愛),2005190006
2020103947,ドゥラメンテ,2012104511,メリッサ,2004104138,ホワイトマズル White Muzzle(英),1990109700
2020103952,イスラボニータ,2011103565,ラステラ,2011106242,サッカーボーイ,1985103538
2020103955,ビーチパトロール Beach Patrol(米),000a0141f9,ルミナスレッド,2009103350,トーセンダンス,2002100594
2020103956,ビーチパトロール Beach Patrol(米),000a0141f9,ルーシーショー,2005102573,フジキセキ,1992109618
2020103960,ヴィクトワールピサ,2007102923,レッドルンバ,2005110121,Red Ransom,000a001c68
2020103962,ハービンジャー Harbinger(英),000a011996,ワンスインナムーン,2013103973,アドマイヤムーン,2003102991
2020103967,ラニ,2013110045,ネバーグレイス,2005100156,スキャターザゴールド Scatter the Gold(加),000a000d99
2020103969,サトノアラジン,2011104063,フレイムミーティア,2010100559,ファンタスティックライト Fantastic Light(米),1996190005
2020103975,タリスマニック Talismanic(英),000a013425,アートオブビーン,2007105937,アグネスデジタル,1997110025
2020103979,ヤマカツエース,2012102774,オアシスクイーン,2014104352,シニスターミニスター Sinister Minister(米),000a011099
2020103985,シニスターミニスター Sinister Minister(米),000a011099,グラスルノン,2011102043,フレンチデピュティ French Deputy(米),000a00013a
2020103991,パイロ Pyro(米),000a01176a,タマモエルドラド,2014100896,ゴールドアリュール,1999106689
2020103994,スズカコーズウェイ,2004104345,タマモマナムスメ,2010105750,マンハッタンカフェ,1998101554
2020103995,ルーラーシップ,2007103143,ダイアナヘイロー,2013103292,キングヘイロー,1995104427
2020103996,タリスマニック Talismanic(英),000a013425,チャームウィーク,2004105069,スペシャルウィーク,1995103211
2020103997,タリスマニック Talismanic(英),000a013425,ニシノフェミニン,2007102512,キングカメハメハ,2001103460
2020103999,シニスターミニスター Sinister Minister(米),000a011099,ファシネイト,2009109151,キングカメハメハ,2001103460
2020104000,モーリス,2011100655,フォースデラネイチャー Force de La Nature(米),000a0143c5,Scat Daddy (米),000a0114fe
2020104005,ヤマカツエース,2012102774,ホットフレイバー,2004104183,タバスコキャット Tabasco Cat(米),000a000348
2020104013,キズナ,2010105827,ラルナデミエル La Luna de Miel(独),000a011dc3,Monsun,000a010db6
2020104015,モーリス,2011100655,ローズカリーナ,2012104934,ハービンジャー Harbinger(英),000a011996
2020104020,トビーズコーナー Toby's Corner(米),000a011fed,エヴリホープ,2012100281,Mineshaft (米),000a010545
2020104046,ヘニーヒューズ Henny Hughes(米),000a011155,ダイリュウビーナス,2011101850,ディープスカイ,2005101358
2020104052,エスポワールシチー,2005102837,ベガグレシヤス,2007100183,アドマイヤドン,1999107052
2020104056,リアルスティール,2012104889,クイーングラス,2015104472,ルーラーシップ,2007103143
2020104083,モーリス,2011100655,ステラリード,2007106439,スペシャルウィーク,1995103211
2020104086,リアルスティール,2012104889,ホットサマーデイ,2008105162,アポインテッドデイ,2001110204
2020104087,エイシンフラッシュ,2007102951,ラズベリータイム,2003104385,フジキセキ,1992109618
2020104088,ミッキーアイル,2011103916,ルックオブラヴ,2013106260,キングズベスト King's Best(米),000a0022d2
2020104089,ドレフォン Drefong(米),000a013b82,レトロクラシック,2012102815,ディープインパクト,2002100816
2020104091,シャンハイボビー Shanghai Bobby(米),000a0127e4,ディキシーランドジェム Dixieland Gem(米),000a01115f,Dixieland Band,000a0017b2
2020104099,ネロ,2011103722,スケッチーヴュー,2004102765,ホワイトマズル White Muzzle(英),1990109700
2020104105,ジャスタウェイ,2009106461,アースエンジェル,2012102852,キンシャサノキセキ,2003110212
2020104107,ヘニーヒューズ Henny Hughes(米),000a011155,イチリュウ,2010102632,キングヘイロー,1995104427
2020104111,ジャスタウェイ,2009106461,ゴールドチェイス,2010102652,アドマイヤムーン,2003102991
2020104120,ロードカナロア,2008103552,チークトゥチーク,2014106181,クロフネ,1998110135
2020104123,ロードカナロア,2008103552,ドリームライター Dreamwriter(米),000a012f82,Tale of the Cat (米),000a002276
2020104124,ハービンジャー Harbinger(英),000a011996,ナタリー,2012102857,ディープインパクト,2002100816
2020104126,ドレフォン Drefong(米),000a013b82,ハヤブサエミネンス,2007110009,Medaglia d'Oro,000a010a65
2020104129,フリオーソ,2004106867,ハードデイズナイト,2010102670,サウスヴィグラス,1996110138
2020104132,スズカコーズウェイ,2004104345,ビジータイム,2011101910,マンハッタンカフェ,1998101554
2020104134,マジェスティックウォリアー Majestic Warrior(米),000a011e9c,ファイトソング,2004104322,アサティス Assatis(米),1985109002
2020104135,マインドユアビスケッツ Mind Your Biscuits(米),000a01392e,ファイトユアソング,2011101942,スズカマンボ,2001103890
2020104136,スズカコーズウェイ,2004104345,ファーストレディ,2008100289,スマートボーイ,1995100385
2020104144,ヴィットリオドーロ,2009110009,マツリバヤシ,2008100256,スマートボーイ,1995100385
2020104148,マジェスティックウォリアー Majestic Warrior(米),000a011e9c,レゲウーマン,2014104420,サマーバード Summer Bird(米),2006190002
2020104160,サトノアラジン,2011104063,オーバービュー Overview(英),000a013e37,Frankel,000a01239b
2020104162,サトノクラウン,2012104668,ティープラズマ,2013104799,エンパイアメーカー Empire Maker(米),000a010542
2020104164,ビッグアーサー,2011103328,フェバリットガール,2006101512,ダンスインザダーク,1993109188
2020104171,アメリカンペイトリオット,000a013bba,ジアトレーゼ,2011100455,ティンバーカントリー Timber Country(米),000a00035e
2020104174,リオンディーズ,2013105915,ヒルノリスボン,2013104197,マンハッタンカフェ,1998101554
2020104175,リアルインパクト,2008103244,ボラボラ,2012104218,ジャングルポケット,1998101786
2020104190,ホッコータルマエ,2009100921,プロフェシーライツ,2000102674,アフリート Afleet(加),000a000013
2020104194,ダイワメジャー,2001103114,ラスエモーショネス,2015110006,Fastnet Rock (豪),000a010601
2020104198,エスポワールシチー,2005102837,ストームトウショウ,2004104750,スターオブコジーン Star of Cozzene(米),1988109108
2020104203,ロードカナロア,2008103552,サイレントソニック,2008100343,ディープインパクト,2002100816
2020104205,ドレフォン Drefong(米),000a013b82,ストック,2008100339,キングカメハメハ,2001103460
2020104206,ロードカナロア,2008103552,ナスケンアイリス,2007100331,フレンチデピュティ French Deputy(米),000a00013a
2020104207,ヘニーヒューズ Henny Hughes(米),000a011155,ビタースウィート,2007100337,Afleet Alex,000a010dc8
2020104215,パイロ Pyro(米),000a01176a,ケイアイベローナ,2003106218,クロフネ,1998110135
2020104224,キンシャサノキセキ,2003110212,ニホンピロタルト,2004104432,オペラハウス Opera House(英),000a000d77
2020104228,パイロ Pyro(米),000a01176a,プリンセスキナウ,2008100346,キングカメハメハ,2001103460
2020104237,ヘニーヒューズ Henny Hughes(米),000a011155,クランベリー,2007103527,フジキセキ,1992109618
2020104239,キズナ,2010105827,タイムピース,2014100579,ルーラーシップ,2007103143
2020104240,ルーラーシップ,2007103143,ダイヤモンドムーン,2007105741,マンハッタンカフェ,1998101554
2020104243,ディスクリートキャット Discreet Cat(米),000a0113a1,ピンクガーベラ,2014100617,ディープインパクト,2002100816
2020104244,ロードカナロア,2008103552,ラヴァズアゲイン,2009100020,ファルブラヴ Falbrav(愛),1998190004
2020104245,キズナ,2010105827,ラプザントゥール,2011104558,キングカメハメハ,2001103460
2020104250,トゥザワールド,2011103975,ミラクルガール,2008100586,ロックオブジブラルタル,000a00fd4c
2020104259,ハービンジャー Harbinger(英),000a011996,ミヤビグレイス,2007101118,キングカメハメハ,2001103460
2020104270,バンブーエール,2003104100,コスモアオイ,2010105972,アグネスデジタル,1997110025
2020104285,ビッグアーサー,2011103328,オービーレディー,2008100380,コマンダーインチーフ Commander in Chief(英),000a0000b0
2020104287,マクフィ Makfi(英),000a011c77,サンコロネット,2006100285,スペシャルウィーク,1995103211
2020104291,シャンハイボビー Shanghai Bobby(米),000a0127e4,ストロベリーパフェ,2007100370,ブライアンズタイム Brian's Time(米),000a000082
2020104295,ベストウォーリア,2010110127,メルティーキス,2009103646,ブライアンズタイム Brian's Time(米),000a000082
2020104297,キタサンブラック,2012102013,オメガリトルスター,2006102910,ジャングルポケット,1998101786
2020104302,ハービンジャー Harbinger(英),000a011996,スマートアイリス,2008100115,ディープインパクト,2002100816
2020104304,シニスターミニスター Sinister Minister(米),000a011099,スマートスピカ,2015103557,キングカメハメハ,2001103460
2020104306,シャンハイボビー Shanghai Bobby(米),000a0127e4,スマートブローラ,2014100397,スマートファルコン,2005100097
2020104318,エスポワールシチー,2005102837,ラヴァリーズーム,2007100005,スキャン Scan(米),000a000d69
2020104328,シビルウォー,2005102317,ママノヨリミチ,2012103126,マンハッタンカフェ,1998101554
2020104332,エピファネイア,2010104155,クイーンナイサー,2004109288,フォーティナイナー Forty Niner(米),000a000134
2020104336,ドレフォン Drefong(米),000a013b82,シェーネフラウ,2012103032,ゼンノロブロイ,2000101517
2020104340,エピファネイア,2010104155,ハッピーノリチャン,2012103033,サクラバクシンオー,1989108341
2020104342,ダイワメジャー,2001103114,プリンセスオブザスターズ Princessofthestars(愛),000a012e23,Sea The Stars Sea the Stars(愛),000a011c78
2020104346,バゴ Bago(仏),2001190004,ラハイナII La Haina(智),000a0123d4,Milt's Overture,000a012301
2020104354,サトノアラジン,2011104063,プードルデコール,2010104493,New Approach,000a011656
2020104363,スズカコーズウェイ,2004104345,コテキタイ,2009103520,サウスヴィグラス,1996110138
2020104375,ダノンレジェンド,2010110102,マスターマイン,2006100801,Belong to Me,000a001ff2
2020104376,シニスターミニスター Sinister Minister(米),000a011099,マリアージュ,2005101067,ブライアンズタイム Brian's Time(米),000a000082
2020104415,サクラオリオン,2002104686,サクラエボル,2008100400,サクラバクシンオー,1989108341
2020104426,ビーチパトロール Beach Patrol(米),000a0141f9,エバーアンドエバー,2012103106,ハーツクライ,2001103038
2020104429,コパノリッキー,2010106548,サクラスリール,2010102911,ファンタスティックライト Fantastic Light(米),1996190005
2020104437,ヴィクトワールピサ,2007102923,プリンセスメモリー,2007102972,スウェプトオーヴァーボード Swept Overboard(米),000a00fa34
2020104447,ラニ,2013110045,アサクサロータス,2005102434,フサイチコンコルド,1993109220
2020104452,ワールドエース,2009106353,ヤマガール,2010101709,ストーミングホーム Storming Home(英),1998190003
2020104468,ブラックタイド,2001103312,カチューシャ,2009103906,ケイムホーム Came Home(米),000a0108d1
2020104469,アジアエクスプレス,2011110091,ギフトオブザラック,2008100599,ディープインパクト,2002100816
2020104472,ドゥラメンテ,2012104511,ゴーイントゥザウィンドウ Goin to the Window(米),000a01387e,Tapit (米),000a011248
2020104473,コパノリッキー,2010106548,サティーヌアロム,2014104794,シンボリクリスエス,1999110099
2020104474,エピファネイア,2010104155,サトノアイリ,2013104464,ステイゴールド,1994108729
2020104477,ヴィクトワールピサ,2007102923,サトノラミア,2009103886,ブライアンズタイム Brian's Time(米),000a000082
2020104479,ジャスタウェイ,2009106461,サーキットレディ,2004110024,Grand Slam,000a0022b9
2020104484,エピファネイア,2010104155,スティールパス,2007100581,ネオユニヴァース,2000101426
2020104490,ハーツクライ,2001103038,タミーザトルピード Tammy the Torpedo(米),000a013dca,More Than Ready,000a00fcdd
2020104491,キズナ,2010105827,ダノンエレガント,2009103862,ブライアンズタイム Brian's Time(米),000a000082
2020104496,マクフィ Makfi(英),000a011c77,トウシンハンター,2012103182,エンパイアメーカー Empire Maker(米),000a010542
2020104497,アジアエクスプレス,2011110091,トゥルーロマンス,2012103230,アグネスデジタル,1997110025
2020104501,モーリス,2011100655,ニューウェーブ,2016106045,ハーツクライ,2001103038
2020104505,リオンディーズ,2013105915,バンドゥッチ Banducci(米),000a011a6a,Rossini,000a0119ba
2020104512,ハーツクライ,2001103038,フォーチュンワード,2005100580,デヒア Dehere(米),000a0000df
2020104518,アジアエクスプレス,2011110091,プレシャスメイト,2012103180,ステイゴールド,1994108729
2020104519,リアルスティール,2012104889,プロディジー,2015105952,ヴィクトワールピサ,2007102923
2020104520,ヴィクトワールピサ,2007102923,ベストオブミー,2005100613,ブライアンズタイム Brian's Time(米),000a000082
2020104523,アジアエクスプレス,2011110091,マジックシアター,2006101252,ネオユニヴァース,2000101426
2020104524,サトノダイヤモンド,2013106101,ミリアグラシア,2010110038,Flashy Bull,000a011b18
2020104545,モーリス,2011100655,アイラブリリ,2009103971,ストラヴィンスキー,000a00fa41
2020104550,ダイワメジャー,2001103114,トクラットリバー,2010104115,ウォーエンブレム War Emblem(米),000a00fa35
2020104552,ブラックタイド,2001103312,ハイデンガールズ,2013104593,サウスヴィグラス,1996110138
2020104553,ドゥラメンテ,2012104511,パープル Purple(愛),000a01386c,Galileo (愛),000a00232b
2020104559,コパノリッキー,2010106548,イマスグキスミー,2011104439,ジャングルポケット,1998101786
2020104561,リオンディーズ,2013105915,アビイロード,2014103564,ストリートセンス Street Sense(米),000a0113a2
2020104564,キタサンブラック,2012102013,ニホンピロアンバー,2011102347,スウェプトオーヴァーボード Swept Overboard(米),000a00fa34
2020104567,シビルウォー,2005102317,ニホンピロルピナス,2002107006,アドマイヤベガ,1996107396
2020104570,ドゥラメンテ,2012104511,プレザントケイプ Pleasant Cape(英),000a0117bd,Cape Cross,000a0022ae
2020104572,ニシケンモノノフ,2011105438,ペイシャフローレス,2014104877,ヴィクトワールピサ,2007102923
2020104593,コパノリチャード,2010106552,コパノチカチャン,2006105934,ワイルドラッシュ Wild Rush(米),000a0003a1
2020104597,ドレフォン Drefong(米),000a013b82,ショウナンカサロ,2012103338,キングカメハメハ,2001103460
2020104613,サトノダイヤモンド,2013106101,オリオンザブラック,2006104240,サクラプレジデント,2000102261
2020104616,ネロ,2011103722,アンティクイーン,2014104932,アンライバルド,2006103308
2020104617,ディープスカイ,2005101358,エフシア,2005100049,アグネスデジタル,1997110025
2020104623,ナムラタイタン,2006101408,イタリアンフェッテ,2011101086,ヨハネスブルグ Johannesburg(米),000a0103b9
